/arf/home/osivaz/.local/lib/python3.10/site-packages/timm/models/registry.py:4: FutureWarning: Importing from timm.models.registry is deprecated, please import via timm.models
  warnings.warn(f"Importing from {__name__} is deprecated, please import via timm.models", FutureWarning)
/arf/home/osivaz/.local/lib/python3.10/site-packages/timm/models/layers/__init__.py:48: FutureWarning: Importing from timm.models.layers is deprecated, please import via timm.layers
  warnings.warn(f"Importing from {__name__} is deprecated, please import via timm.layers", FutureWarning)
/arf/scratch/osivaz/projects/segDDR_IDRiD_daEyePacs/mambavision/models/mamba_vision_my2.py:742: UserWarning: Overwriting mamba_vision_T in registry with mambavision.models.mamba_vision_my2.mamba_vision_T. This is because the name being registered conflicts with an existing name. Please check if this is not expected.
  def mamba_vision_T(pretrained=False, **kwargs):
/arf/scratch/osivaz/projects/segDDR_IDRiD_daEyePacs/mambavision/models/mamba_vision_my2.py:775: UserWarning: Overwriting mamba_vision_T2 in registry with mambavision.models.mamba_vision_my2.mamba_vision_T2. This is because the name being registered conflicts with an existing name. Please check if this is not expected.
  def mamba_vision_T2(pretrained=False, **kwargs):
/arf/scratch/osivaz/projects/segDDR_IDRiD_daEyePacs/mambavision/models/mamba_vision_my2.py:808: UserWarning: Overwriting mamba_vision_S in registry with mambavision.models.mamba_vision_my2.mamba_vision_S. This is because the name being registered conflicts with an existing name. Please check if this is not expected.
  def mamba_vision_S(pretrained=False, **kwargs):
/arf/scratch/osivaz/projects/segDDR_IDRiD_daEyePacs/mambavision/models/mamba_vision_my2.py:841: UserWarning: Overwriting mamba_vision_B in registry with mambavision.models.mamba_vision_my2.mamba_vision_B. This is because the name being registered conflicts with an existing name. Please check if this is not expected.
  def mamba_vision_B(pretrained=False, **kwargs):
/arf/scratch/osivaz/projects/segDDR_IDRiD_daEyePacs/mambavision/models/mamba_vision_my2.py:877: UserWarning: Overwriting mamba_vision_B_21k in registry with mambavision.models.mamba_vision_my2.mamba_vision_B_21k. This is because the name being registered conflicts with an existing name. Please check if this is not expected.
  def mamba_vision_B_21k(pretrained=False, **kwargs):
/arf/scratch/osivaz/projects/segDDR_IDRiD_daEyePacs/mambavision/models/mamba_vision_my2.py:913: UserWarning: Overwriting mamba_vision_L in registry with mambavision.models.mamba_vision_my2.mamba_vision_L. This is because the name being registered conflicts with an existing name. Please check if this is not expected.
  def mamba_vision_L(pretrained=False, **kwargs):
/arf/scratch/osivaz/projects/segDDR_IDRiD_daEyePacs/mambavision/models/mamba_vision_my2.py:949: UserWarning: Overwriting mamba_vision_L_21k in registry with mambavision.models.mamba_vision_my2.mamba_vision_L_21k. This is because the name being registered conflicts with an existing name. Please check if this is not expected.
  def mamba_vision_L_21k(pretrained=False, **kwargs):
/arf/scratch/osivaz/projects/segDDR_IDRiD_daEyePacs/mambavision/models/mamba_vision_my2.py:985: UserWarning: Overwriting mamba_vision_L2 in registry with mambavision.models.mamba_vision_my2.mamba_vision_L2. This is because the name being registered conflicts with an existing name. Please check if this is not expected.
  def mamba_vision_L2(pretrained=False, **kwargs):
/arf/scratch/osivaz/projects/segDDR_IDRiD_daEyePacs/mambavision/models/mamba_vision_my2.py:1021: UserWarning: Overwriting mamba_vision_L2_512_21k in registry with mambavision.models.mamba_vision_my2.mamba_vision_L2_512_21k. This is because the name being registered conflicts with an existing name. Please check if this is not expected.
  def mamba_vision_L2_512_21k(pretrained=False, **kwargs):
/arf/scratch/osivaz/projects/segDDR_IDRiD_daEyePacs/mambavision/models/mamba_vision_my2.py:1057: UserWarning: Overwriting mamba_vision_L3_256_21k in registry with mambavision.models.mamba_vision_my2.mamba_vision_L3_256_21k. This is because the name being registered conflicts with an existing name. Please check if this is not expected.
  def mamba_vision_L3_256_21k(pretrained=False, **kwargs):
/arf/scratch/osivaz/projects/segDDR_IDRiD_daEyePacs/mambavision/models/mamba_vision_my2.py:1093: UserWarning: Overwriting mamba_vision_L3_512_21k in registry with mambavision.models.mamba_vision_my2.mamba_vision_L3_512_21k. This is because the name being registered conflicts with an existing name. Please check if this is not expected.
  def mamba_vision_L3_512_21k(pretrained=False, **kwargs):
/arf/home/osivaz/.local/lib/python3.10/site-packages/timm/models/helpers.py:7: FutureWarning: Importing from timm.models.helpers is deprecated, please import via timm.models
  warnings.warn(f"Importing from {__name__} is deprecated, please import via timm.models", FutureWarning)
osivazZZZZ
osivaz
Traing images: 1251
Valid  images: 225
Epoch 1/75
/arf/home/osivaz/.local/lib/python3.10/site-packages/torch/utils/data/_utils/collate.py:171: UserWarning: The given NumPy array is not writable, and PyTorch does not support non-writable tensors. This means writing to this tensor will result in undefined behavior. You may want to copy the array to protect its data or make it writable before converting it to a tensor. This type of warning will be suppressed for the rest of this program. (Triggered internally at ../torch/csrc/utils/tensor_numpy.cpp:206.)
  return collate([torch.as_tensor(b) for b in batch], collate_fn_map=collate_fn_map)
/arf/home/osivaz/.local/lib/python3.10/site-packages/torch/utils/data/_utils/collate.py:171: UserWarning: The given NumPy array is not writable, and PyTorch does not support non-writable tensors. This means writing to this tensor will result in undefined behavior. You may want to copy the array to protect its data or make it writable before converting it to a tensor. This type of warning will be suppressed for the rest of this program. (Triggered internally at ../torch/csrc/utils/tensor_numpy.cpp:206.)
  return collate([torch.as_tensor(b) for b in batch], collate_fn_map=collate_fn_map)
/arf/home/osivaz/.local/lib/python3.10/site-packages/torch/utils/data/_utils/collate.py:171: UserWarning: The given NumPy array is not writable, and PyTorch does not support non-writable tensors. This means writing to this tensor will result in undefined behavior. You may want to copy the array to protect its data or make it writable before converting it to a tensor. This type of warning will be suppressed for the rest of this program. (Triggered internally at ../torch/csrc/utils/tensor_numpy.cpp:206.)
  return collate([torch.as_tensor(b) for b in batch], collate_fn_map=collate_fn_map)
/arf/home/osivaz/.local/lib/python3.10/site-packages/torch/utils/data/_utils/collate.py:171: UserWarning: The given NumPy array is not writable, and PyTorch does not support non-writable tensors. This means writing to this tensor will result in undefined behavior. You may want to copy the array to protect its data or make it writable before converting it to a tensor. This type of warning will be suppressed for the rest of this program. (Triggered internally at ../torch/csrc/utils/tensor_numpy.cpp:206.)
  return collate([torch.as_tensor(b) for b in batch], collate_fn_map=collate_fn_map)
/arf/home/osivaz/.local/lib/python3.10/site-packages/torch/utils/data/_utils/collate.py:171: UserWarning: The given NumPy array is not writable, and PyTorch does not support non-writable tensors. This means writing to this tensor will result in undefined behavior. You may want to copy the array to protect its data or make it writable before converting it to a tensor. This type of warning will be suppressed for the rest of this program. (Triggered internally at ../torch/csrc/utils/tensor_numpy.cpp:206.)
  return collate([torch.as_tensor(b) for b in batch], collate_fn_map=collate_fn_map)
/arf/home/osivaz/.local/lib/python3.10/site-packages/torch/utils/data/_utils/collate.py:171: UserWarning: The given NumPy array is not writable, and PyTorch does not support non-writable tensors. This means writing to this tensor will result in undefined behavior. You may want to copy the array to protect its data or make it writable before converting it to a tensor. This type of warning will be suppressed for the rest of this program. (Triggered internally at ../torch/csrc/utils/tensor_numpy.cpp:206.)
  return collate([torch.as_tensor(b) for b in batch], collate_fn_map=collate_fn_map)
/arf/home/osivaz/.local/lib/python3.10/site-packages/torch/utils/data/_utils/collate.py:171: UserWarning: The given NumPy array is not writable, and PyTorch does not support non-writable tensors. This means writing to this tensor will result in undefined behavior. You may want to copy the array to protect its data or make it writable before converting it to a tensor. This type of warning will be suppressed for the rest of this program. (Triggered internally at ../torch/csrc/utils/tensor_numpy.cpp:206.)
  return collate([torch.as_tensor(b) for b in batch], collate_fn_map=collate_fn_map)
/arf/home/osivaz/.local/lib/python3.10/site-packages/torch/utils/data/_utils/collate.py:171: UserWarning: The given NumPy array is not writable, and PyTorch does not support non-writable tensors. This means writing to this tensor will result in undefined behavior. You may want to copy the array to protect its data or make it writable before converting it to a tensor. This type of warning will be suppressed for the rest of this program. (Triggered internally at ../torch/csrc/utils/tensor_numpy.cpp:206.)
  return collate([torch.as_tensor(b) for b in batch], collate_fn_map=collate_fn_map)
/arf/home/osivaz/.local/lib/python3.10/site-packages/torch/utils/data/_utils/collate.py:171: UserWarning: The given NumPy array is not writable, and PyTorch does not support non-writable tensors. This means writing to this tensor will result in undefined behavior. You may want to copy the array to protect its data or make it writable before converting it to a tensor. This type of warning will be suppressed for the rest of this program. (Triggered internally at ../torch/csrc/utils/tensor_numpy.cpp:206.)
  return collate([torch.as_tensor(b) for b in batch], collate_fn_map=collate_fn_map)
Loss/valid 0.11552268109725057
Tr1 :  0.4753132164478302 Tr2 :  0.4566099941730499 Adv :  0.702971339225769 Adv2 :  0.7181534171104431
2dec_lbl :  0.0153154656291008  2dec_unlbl :  0.015641238540410995
Dsc1_lbl :  0.7023288011550903  Dsc1_unlbl :  0.6854584217071533
Dsc2 :  0.7340653538703918  Dsc2_128 :  0.6587485074996948
Loss/valid 0.08404287431871385
Tr1 :  0.28113651275634766 Tr2 :  0.2705991268157959 Adv :  0.6859412789344788 Adv2 :  0.7149602174758911
2dec_lbl :  0.007981493137776852  2dec_unlbl :  0.008089541457593441
Dsc1_lbl :  0.7013280987739563  Dsc1_unlbl :  0.6839406490325928
Dsc2 :  0.730758547782898  Dsc2_128 :  0.6616632342338562
Loss/valid 0.07170540692251441
Tr1 :  0.21138226985931396 Tr2 :  0.20335155725479126 Adv :  0.6777728796005249 Adv2 :  0.711704671382904
2dec_lbl :  0.005549164488911629  2dec_unlbl :  0.0056070894934237
Dsc1_lbl :  0.6993809938430786  Dsc1_unlbl :  0.6843529343605042
Dsc2 :  0.727944016456604  Dsc2_128 :  0.664137065410614
Loss/valid 0.07214515204915577
Tr1 :  0.17524120211601257 Tr2 :  0.16889043152332306 Adv :  0.6744855642318726 Adv2 :  0.7100938558578491
2dec_lbl :  0.004304598551243544  2dec_unlbl :  0.004367305431514978
Dsc1_lbl :  0.6985183954238892  Dsc1_unlbl :  0.6852478981018066
Dsc2 :  0.7253904342651367  Dsc2_128 :  0.6658645868301392
Loss/valid 0.06737069295715108
Tr1 :  0.15362992882728577 Tr2 :  0.14885260164737701 Adv :  0.6747148036956787 Adv2 :  0.708918571472168
2dec_lbl :  0.0035530179738998413  2dec_unlbl :  0.003589474130421877
Dsc1_lbl :  0.6995036602020264  Dsc1_unlbl :  0.6825248003005981
Dsc2 :  0.7235016822814941  Dsc2_128 :  0.667389452457428
Loss/valid 0.057818138668933115
Tr1 :  0.1367356777191162 Tr2 :  0.13287612795829773 Adv :  0.6736065745353699 Adv2 :  0.7077339291572571
2dec_lbl :  0.0030411856714636087  2dec_unlbl :  0.0030720201320946217
Dsc1_lbl :  0.6974519491195679  Dsc1_unlbl :  0.6796184778213501
Dsc2 :  0.7218695282936096  Dsc2_128 :  0.6687736511230469
Epoch 2/75
Loss/valid 0.05510928999137832
Tr1 :  0.05170029401779175 Tr2 :  0.05203314870595932 Adv :  0.7841717004776001 Adv2 :  0.701996386051178
2dec_lbl :  0.0004420455079525709  2dec_unlbl :  0.0004928429261781275
Dsc1_lbl :  0.6097052097320557  Dsc1_unlbl :  0.6452747583389282
Dsc2 :  0.7096307873725891  Dsc2_128 :  0.6777991652488708
Loss/valid 0.056101680892295135
Tr1 :  0.053117699921131134 Tr2 :  0.053012289106845856 Adv :  0.8122384548187256 Adv2 :  0.7017950415611267
2dec_lbl :  0.0005069475737400353  2dec_unlbl :  0.0006245889235287905
Dsc1_lbl :  0.6021166443824768  Dsc1_unlbl :  0.6252948045730591
Dsc2 :  0.7087931036949158  Dsc2_128 :  0.6788139343261719
Loss/valid 0.053950186264825915
Tr1 :  0.05026531219482422 Tr2 :  0.05044921487569809 Adv :  0.8289000988006592 Adv2 :  0.7016063332557678
2dec_lbl :  0.0005042762495577335  2dec_unlbl :  0.0006799218244850636
Dsc1_lbl :  0.5959389805793762  Dsc1_unlbl :  0.6014772057533264
Dsc2 :  0.7079064249992371  Dsc2_128 :  0.6795970797538757
Loss/valid 0.05292662020604309
Tr1 :  0.04978261515498161 Tr2 :  0.04972650483250618 Adv :  0.840501606464386 Adv2 :  0.7011439800262451
2dec_lbl :  0.0005301246419548988  2dec_unlbl :  0.0006984597421251237
Dsc1_lbl :  0.608832061290741  Dsc1_unlbl :  0.5960953235626221
Dsc2 :  0.7071165442466736  Dsc2_128 :  0.6803594827651978
Loss/valid 0.04952620210471131
Tr1 :  0.04779398813843727 Tr2 :  0.04789913073182106 Adv :  0.8328010439872742 Adv2 :  0.7005438208580017
2dec_lbl :  0.0005339990020729601  2dec_unlbl :  0.0007084321696311235
Dsc1_lbl :  0.5868647694587708  Dsc1_unlbl :  0.5882502198219299
Dsc2 :  0.7063164710998535  Dsc2_128 :  0.6810893416404724
Loss/valid 0.0473936621505605
Tr1 :  0.047443047165870667 Tr2 :  0.0476730540394783 Adv :  0.8410433530807495 Adv2 :  0.7000011205673218
2dec_lbl :  0.0005551892099902034  2dec_unlbl :  0.0007860870100557804
Dsc1_lbl :  0.5764610171318054  Dsc1_unlbl :  0.5889246463775635
Dsc2 :  0.7056163549423218  Dsc2_128 :  0.6817340850830078
Epoch 3/75
Loss/valid 0.04896901835516993
Tr1 :  0.04271048679947853 Tr2 :  0.03754265978932381 Adv :  0.9172812700271606 Adv2 :  0.6961063742637634
2dec_lbl :  0.0007640303228981793  2dec_unlbl :  0.001059917500242591
Dsc1_lbl :  0.5944132804870605  Dsc1_unlbl :  0.5744584202766418
Dsc2 :  0.6998586058616638  Dsc2_128 :  0.6864885091781616
Loss/valid 0.05072813339289236
Tr1 :  0.041152194142341614 Tr2 :  0.0396512970328331 Adv :  0.9903277158737183 Adv2 :  0.6955245137214661
2dec_lbl :  0.0007108389982022345  2dec_unlbl :  0.001078273868188262
Dsc1_lbl :  0.5667018294334412  Dsc1_unlbl :  0.566455066204071
Dsc2 :  0.6994419693946838  Dsc2_128 :  0.6869437098503113
Loss/valid 0.045409932294725355
Tr1 :  0.03957681730389595 Tr2 :  0.038388125598430634 Adv :  1.0179200172424316 Adv2 :  0.6950108408927917
2dec_lbl :  0.0006860067369416356  2dec_unlbl :  0.0010433580027893186
Dsc1_lbl :  0.5543800592422485  Dsc1_unlbl :  0.5429341793060303
Dsc2 :  0.6991114020347595  Dsc2_128 :  0.6873270869255066
Loss/valid 0.045207390038220704
Tr1 :  0.03775247558951378 Tr2 :  0.037215352058410645 Adv :  1.0556268692016602 Adv2 :  0.6947556734085083
2dec_lbl :  0.0006642560474574566  2dec_unlbl :  0.001080609392374754
Dsc1_lbl :  0.5368555784225464  Dsc1_unlbl :  0.5445795655250549
Dsc2 :  0.6987559795379639  Dsc2_128 :  0.6876787543296814
Loss/valid 0.04411449222295362
Tr1 :  0.03711603954434395 Tr2 :  0.03631147742271423 Adv :  1.0359493494033813 Adv2 :  0.6944506168365479
2dec_lbl :  0.0006507621728815138  2dec_unlbl :  0.0012361868284642696
Dsc1_lbl :  0.53179532289505  Dsc1_unlbl :  0.5605940222740173
Dsc2 :  0.6984317898750305  Dsc2_128 :  0.6880233287811279
Loss/valid 0.05971074610027115
Tr1 :  0.03703208640217781 Tr2 :  0.0365612618625164 Adv :  1.0746890306472778 Adv2 :  0.6942243576049805
2dec_lbl :  0.0006547764060087502  2dec_unlbl :  0.001349514233879745
Dsc1_lbl :  0.5379008650779724  Dsc1_unlbl :  0.5542178153991699
Dsc2 :  0.6981017589569092  Dsc2_128 :  0.6883293986320496
Epoch 4/75
Loss/valid 0.04983966425334074
Tr1 :  0.04022886976599693 Tr2 :  0.03660121187567711 Adv :  1.0317835807800293 Adv2 :  0.6932289600372314
2dec_lbl :  0.0007201543194241822  2dec_unlbl :  0.0013416169676929712
Dsc1_lbl :  0.5164790749549866  Dsc1_unlbl :  0.5853442549705505
Dsc2 :  0.6955415606498718  Dsc2_128 :  0.6906998157501221
Loss/valid 0.04748194198405794
Tr1 :  0.037480827420949936 Tr2 :  0.035680778324604034 Adv :  1.1973931789398193 Adv2 :  0.6932679414749146
2dec_lbl :  0.0007465941016562283  2dec_unlbl :  0.001059080590493977
Dsc1_lbl :  0.5043954253196716  Dsc1_unlbl :  0.5433270931243896
Dsc2 :  0.6953426003456116  Dsc2_128 :  0.6909288167953491
Loss/valid 0.04900173284230342
Tr1 :  0.03501316159963608 Tr2 :  0.033873673528432846 Adv :  1.1911156177520752 Adv2 :  0.6932539343833923
2dec_lbl :  0.0007069972343742847  2dec_unlbl :  0.0011462843976914883
Dsc1_lbl :  0.5185300707817078  Dsc1_unlbl :  0.5527075529098511
Dsc2 :  0.6951252818107605  Dsc2_128 :  0.6911376118659973
Loss/valid 0.05009354199708988
Tr1 :  0.03361770138144493 Tr2 :  0.03263840451836586 Adv :  1.190710186958313 Adv2 :  0.6932654976844788
2dec_lbl :  0.0006530669634230435  2dec_unlbl :  0.0012312387116253376
Dsc1_lbl :  0.5005117654800415  Dsc1_unlbl :  0.5519509315490723
Dsc2 :  0.6949432492256165  Dsc2_128 :  0.6913301348686218
Loss/valid 0.04169437453284835
Tr1 :  0.03349275141954422 Tr2 :  0.03258666768670082 Adv :  1.1684926748275757 Adv2 :  0.6932698488235474
2dec_lbl :  0.0006497327121905982  2dec_unlbl :  0.0013148386497050524
Dsc1_lbl :  0.5006459355354309  Dsc1_unlbl :  0.5541567206382751
Dsc2 :  0.6947753429412842  Dsc2_128 :  0.6914995908737183
Loss/valid 0.04386025010171579
Tr1 :  0.03253157064318657 Tr2 :  0.03195730224251747 Adv :  1.2080845832824707 Adv2 :  0.6932675838470459
2dec_lbl :  0.0006167147075757384  2dec_unlbl :  0.0012158510508015752
Dsc1_lbl :  0.5210350751876831  Dsc1_unlbl :  0.5369519591331482
Dsc2 :  0.6946296095848083  Dsc2_128 :  0.6916525363922119
Epoch 5/75
Loss/valid 0.047025995494680374
Tr1 :  0.027088766917586327 Tr2 :  0.028120527043938637 Adv :  1.3387107849121094 Adv2 :  0.6932278275489807
2dec_lbl :  0.000491938553750515  2dec_unlbl :  0.0009279645746573806
Dsc1_lbl :  0.47509679198265076  Dsc1_unlbl :  0.4756777584552765
Dsc2 :  0.6935858726501465  Dsc2_128 :  0.6927055716514587
Loss/valid 0.044011824126040926
Tr1 :  0.026124363765120506 Tr2 :  0.0277542807161808 Adv :  1.3306176662445068 Adv2 :  0.6932125091552734
2dec_lbl :  0.0004863821086473763  2dec_unlbl :  0.0008662010077387094
Dsc1_lbl :  0.47502392530441284  Dsc1_unlbl :  0.4747972786426544
Dsc2 :  0.6935226321220398  Dsc2_128 :  0.6927635669708252
Loss/valid 0.04370482120436593
Tr1 :  0.02789253368973732 Tr2 :  0.027624206617474556 Adv :  1.251712441444397 Adv2 :  0.6932064890861511
2dec_lbl :  0.000533423270098865  2dec_unlbl :  0.0009775867220014334
Dsc1_lbl :  0.48697152733802795  Dsc1_unlbl :  0.49386292695999146
Dsc2 :  0.6934695243835449  Dsc2_128 :  0.6928200721740723
Loss/valid 0.04272428083965808
Tr1 :  0.028709204867482185 Tr2 :  0.027664484456181526 Adv :  1.190964698791504 Adv2 :  0.6931999921798706
2dec_lbl :  0.0005864647100679576  2dec_unlbl :  0.000991594628430903
Dsc1_lbl :  0.4750964641571045  Dsc1_unlbl :  0.5000981092453003
Dsc2 :  0.6934254169464111  Dsc2_128 :  0.6928657293319702
Loss/valid 0.0418643676521242
Tr1 :  0.029047884047031403 Tr2 :  0.0282784104347229 Adv :  1.180542230606079 Adv2 :  0.6931943893432617
2dec_lbl :  0.000579314713831991  2dec_unlbl :  0.0010019850451499224
Dsc1_lbl :  0.4695749878883362  Dsc1_unlbl :  0.5076959729194641
Dsc2 :  0.6933882236480713  Dsc2_128 :  0.6929029822349548
Loss/valid 0.049296293462767996
Tr1 :  0.02961437962949276 Tr2 :  0.0291682668030262 Adv :  1.1869279146194458 Adv2 :  0.693189263343811
2dec_lbl :  0.0006265746196731925  2dec_unlbl :  0.0011398302158340812
Dsc1_lbl :  0.46708935499191284  Dsc1_unlbl :  0.5154833197593689
Dsc2 :  0.6933585405349731  Dsc2_128 :  0.6929342746734619
Epoch 6/75
Loss/valid 0.04343747252057385
Tr1 :  0.02220650389790535 Tr2 :  0.02347656898200512 Adv :  1.2207812070846558 Adv2 :  0.6931514739990234
2dec_lbl :  0.00039463743451051414  2dec_unlbl :  0.0006619810592383146
Dsc1_lbl :  0.5211387276649475  Dsc1_unlbl :  0.528990626335144
Dsc2 :  0.693174421787262  Dsc2_128 :  0.6931217312812805
Loss/valid 0.03942380787936729
Tr1 :  0.024201324209570885 Tr2 :  0.02394930087029934 Adv :  1.1211950778961182 Adv2 :  0.6931489706039429
2dec_lbl :  0.0004895526799373329  2dec_unlbl :  0.0009500050800852478
Dsc1_lbl :  0.5416368842124939  Dsc1_unlbl :  0.5482944846153259
Dsc2 :  0.6931695342063904  Dsc2_128 :  0.6931279897689819
Loss/valid 0.04523093157877156
Tr1 :  0.02756415493786335 Tr2 :  0.026391323655843735 Adv :  1.0164254903793335 Adv2 :  0.6931459307670593
2dec_lbl :  0.0005509111215360463  2dec_unlbl :  0.0012762091355398297
Dsc1_lbl :  0.5357089042663574  Dsc1_unlbl :  0.5706539154052734
Dsc2 :  0.6931673884391785  Dsc2_128 :  0.6931319236755371
Loss/valid 0.043588167735444064
Tr1 :  0.027783557772636414 Tr2 :  0.02754676155745983 Adv :  1.0749279260635376 Adv2 :  0.693149745464325
2dec_lbl :  0.0005597556591965258  2dec_unlbl :  0.0013899828772991896
Dsc1_lbl :  0.530327320098877  Dsc1_unlbl :  0.5469290614128113
Dsc2 :  0.6931664347648621  Dsc2_128 :  0.6931390762329102
Loss/valid 0.04278161962416301
Tr1 :  0.02864101715385914 Tr2 :  0.02764696441590786 Adv :  1.0746774673461914 Adv2 :  0.693152666091919
2dec_lbl :  0.0005941633717156947  2dec_unlbl :  0.001442900625988841
Dsc1_lbl :  0.515310525894165  Dsc1_unlbl :  0.5369653105735779
Dsc2 :  0.6931659579277039  Dsc2_128 :  0.6931440830230713
Loss/valid 0.04010921749717714
Tr1 :  0.028189225122332573 Tr2 :  0.027611952275037766 Adv :  1.1176629066467285 Adv2 :  0.6931545734405518
2dec_lbl :  0.0005872654146514833  2dec_unlbl :  0.0014186071930453181
Dsc1_lbl :  0.5147853493690491  Dsc1_unlbl :  0.5199724435806274
Dsc2 :  0.69316565990448  Dsc2_128 :  0.6931474804878235
Epoch 7/75
Loss/valid 0.041666710729584465
Tr1 :  0.024641353636980057 Tr2 :  0.025554977357387543 Adv :  1.0198400020599365 Adv2 :  0.6931473612785339
2dec_lbl :  0.0004733391397166997  2dec_unlbl :  0.0018576249713078141
Dsc1_lbl :  0.47020429372787476  Dsc1_unlbl :  0.5362852215766907
Dsc2 :  0.6931480169296265  Dsc2_128 :  0.6931473016738892
Loss/valid 0.043783394069513246
Tr1 :  0.02269016206264496 Tr2 :  0.023493049666285515 Adv :  1.0396745204925537 Adv2 :  0.6931468844413757
2dec_lbl :  0.00041177342063747346  2dec_unlbl :  0.0015696005430072546
Dsc1_lbl :  0.45390328764915466  Dsc1_unlbl :  0.5366647243499756
Dsc2 :  0.6931471824645996  Dsc2_128 :  0.6931468844413757
Loss/valid 0.04247288464421217
Tr1 :  0.023117925971746445 Tr2 :  0.024707889184355736 Adv :  1.083381175994873 Adv2 :  0.6931445002555847
2dec_lbl :  0.0004664778825826943  2dec_unlbl :  0.0014973538927733898
Dsc1_lbl :  0.46902692317962646  Dsc1_unlbl :  0.5231527090072632
Dsc2 :  0.6931447386741638  Dsc2_128 :  0.6931445002555847
Loss/valid 0.04541855084568981
Tr1 :  0.024167781695723534 Tr2 :  0.026620127260684967 Adv :  1.0520846843719482 Adv2 :  0.693148672580719
2dec_lbl :  0.0005281619960442185  2dec_unlbl :  0.001516659976914525
Dsc1_lbl :  0.47008153796195984  Dsc1_unlbl :  0.5278927683830261
Dsc2 :  0.6931488513946533  Dsc2_128 :  0.693148672580719
Loss/valid 0.040087467042082735
Tr1 :  0.02411024272441864 Tr2 :  0.026195388287305832 Adv :  1.0784505605697632 Adv2 :  0.6931517720222473
2dec_lbl :  0.000512852449901402  2dec_unlbl :  0.001387828029692173
Dsc1_lbl :  0.48220938444137573  Dsc1_unlbl :  0.521801233291626
Dsc2 :  0.6931518912315369  Dsc2_128 :  0.6931517720222473
Loss/valid 0.047061715656517275
Tr1 :  0.024274839088320732 Tr2 :  0.025777485221624374 Adv :  1.0828144550323486 Adv2 :  0.6931538581848145
2dec_lbl :  0.0004991706809960306  2dec_unlbl :  0.0013923895312473178
Dsc1_lbl :  0.4811750650405884  Dsc1_unlbl :  0.5201563239097595
Dsc2 :  0.693153977394104  Dsc2_128 :  0.6931538581848145
Epoch 8/75
Loss/valid 0.04757485347818147
Tr1 :  0.02804289013147354 Tr2 :  0.02989530749619007 Adv :  1.0598031282424927 Adv2 :  0.6931473612785339
2dec_lbl :  0.0004051154828630388  2dec_unlbl :  0.0009583859355188906
Dsc1_lbl :  0.5100942254066467  Dsc1_unlbl :  0.5188401937484741
Dsc2 :  0.6931473612785339  Dsc2_128 :  0.6931473612785339
Loss/valid 0.04233374464378618
Tr1 :  0.026622669771313667 Tr2 :  0.028508052229881287 Adv :  1.0780987739562988 Adv2 :  0.6931468844413757
2dec_lbl :  0.0004336420970503241  2dec_unlbl :  0.0010620139073580503
Dsc1_lbl :  0.4926818907260895  Dsc1_unlbl :  0.49937161803245544
Dsc2 :  0.6931468844413757  Dsc2_128 :  0.6931468844413757
Loss/valid 0.04561332028983348
Tr1 :  0.025710109621286392 Tr2 :  0.027449753135442734 Adv :  1.0569854974746704 Adv2 :  0.6931445002555847
2dec_lbl :  0.00041377745219506323  2dec_unlbl :  0.0010836046421900392
Dsc1_lbl :  0.5007011294364929  Dsc1_unlbl :  0.5042232275009155
Dsc2 :  0.6931445002555847  Dsc2_128 :  0.6931445002555847
Loss/valid 0.04347549056624952
Tr1 :  0.024856433272361755 Tr2 :  0.026466939598321915 Adv :  1.0669958591461182 Adv2 :  0.693148672580719
2dec_lbl :  0.0004016125458292663  2dec_unlbl :  0.001075209118425846
Dsc1_lbl :  0.47809314727783203  Dsc1_unlbl :  0.49074453115463257
Dsc2 :  0.693148672580719  Dsc2_128 :  0.693148672580719
Loss/valid 0.04491623899678286
Tr1 :  0.02415717951953411 Tr2 :  0.02566991001367569 Adv :  1.0634160041809082 Adv2 :  0.6931517720222473
2dec_lbl :  0.000396668299799785  2dec_unlbl :  0.0010891053825616837
Dsc1_lbl :  0.4679648280143738  Dsc1_unlbl :  0.48420414328575134
Dsc2 :  0.6931517720222473  Dsc2_128 :  0.6931517720222473
Loss/valid 0.041224610750240184
Tr1 :  0.023696929216384888 Tr2 :  0.02512443996965885 Adv :  1.0809670686721802 Adv2 :  0.6931538581848145
2dec_lbl :  0.0003872078668791801  2dec_unlbl :  0.0010692718205973506
Dsc1_lbl :  0.4639654755592346  Dsc1_unlbl :  0.4825524091720581
Dsc2 :  0.6931538581848145  Dsc2_128 :  0.6931538581848145
Epoch 9/75
Loss/valid 0.045216497035458554
Tr1 :  0.02288985438644886 Tr2 :  0.02400873973965645 Adv :  1.197096586227417 Adv2 :  0.6931473612785339
2dec_lbl :  0.0005407359567470849  2dec_unlbl :  0.0009377088863402605
Dsc1_lbl :  0.4455376863479614  Dsc1_unlbl :  0.48443061113357544
Dsc2 :  0.6931473612785339  Dsc2_128 :  0.6931473612785339
Loss/valid 0.04257914318285267
Tr1 :  0.022964585572481155 Tr2 :  0.023497043177485466 Adv :  1.0406200885772705 Adv2 :  0.6931468844413757
2dec_lbl :  0.00048352990415878594  2dec_unlbl :  0.0008689665701240301
Dsc1_lbl :  0.43827447295188904  Dsc1_unlbl :  0.5127859115600586
Dsc2 :  0.6931468844413757  Dsc2_128 :  0.6931468844413757
Loss/valid 0.0470121951319535
Tr1 :  0.023285429924726486 Tr2 :  0.02294105850160122 Adv :  0.9745851159095764 Adv2 :  0.6931445002555847
2dec_lbl :  0.0005027615698054433  2dec_unlbl :  0.0011083881836384535
Dsc1_lbl :  0.4602963328361511  Dsc1_unlbl :  0.5127318501472473
Dsc2 :  0.6931445002555847  Dsc2_128 :  0.6931445002555847
Loss/valid 0.04066471483676131
Tr1 :  0.023277975618839264 Tr2 :  0.02310101129114628 Adv :  0.9761624336242676 Adv2 :  0.693148672580719
2dec_lbl :  0.00048559647984802723  2dec_unlbl :  0.0011008197907358408
Dsc1_lbl :  0.4778301417827606  Dsc1_unlbl :  0.5166318416595459
Dsc2 :  0.693148672580719  Dsc2_128 :  0.693148672580719
Loss/valid 0.047768135998889454
Tr1 :  0.02301117032766342 Tr2 :  0.02309335768222809 Adv :  1.0074958801269531 Adv2 :  0.6931517720222473
2dec_lbl :  0.00046362198190763593  2dec_unlbl :  0.0011401833035051823
Dsc1_lbl :  0.47457805275917053  Dsc1_unlbl :  0.5137929320335388
Dsc2 :  0.6931517720222473  Dsc2_128 :  0.6931517720222473
Loss/valid 0.04300843258501378
Tr1 :  0.023472769185900688 Tr2 :  0.02371739223599434 Adv :  1.0240414142608643 Adv2 :  0.6931538581848145
2dec_lbl :  0.0004514373722486198  2dec_unlbl :  0.001173072145320475
Dsc1_lbl :  0.47536027431488037  Dsc1_unlbl :  0.5116914510726929
Dsc2 :  0.6931538581848145  Dsc2_128 :  0.6931538581848145
Epoch 10/75
Loss/valid 0.04590510459021451
Tr1 :  0.021385876461863518 Tr2 :  0.02250729687511921 Adv :  1.2492618560791016 Adv2 :  0.6931473612785339
2dec_lbl :  0.00035029446007683873  2dec_unlbl :  0.0006243246607482433
Dsc1_lbl :  0.500898003578186  Dsc1_unlbl :  0.5154406428337097
Dsc2 :  0.6931473612785339  Dsc2_128 :  0.6931473612785339
Loss/valid 0.04589209740912078
Tr1 :  0.022458378225564957 Tr2 :  0.02338757924735546 Adv :  1.2475017309188843 Adv2 :  0.6931468844413757
2dec_lbl :  0.00037168635753914714  2dec_unlbl :  0.0006632640725001693
Dsc1_lbl :  0.45765671133995056  Dsc1_unlbl :  0.4877358376979828
Dsc2 :  0.6931468844413757  Dsc2_128 :  0.6931468844413757
Loss/valid 0.03866516435287589
Tr1 :  0.022104818373918533 Tr2 :  0.02239420637488365 Adv :  1.1594451665878296 Adv2 :  0.6931445002555847
2dec_lbl :  0.00036909658228978515  2dec_unlbl :  0.0006752062472514808
Dsc1_lbl :  0.4776543080806732  Dsc1_unlbl :  0.4967377781867981
Dsc2 :  0.6931445002555847  Dsc2_128 :  0.6931445002555847
Loss/valid 0.04226097325636147
Tr1 :  0.022166356444358826 Tr2 :  0.022454772144556046 Adv :  1.0949209928512573 Adv2 :  0.693148672580719
2dec_lbl :  0.00036556879058480263  2dec_unlbl :  0.0006887951749376953
Dsc1_lbl :  0.4533331096172333  Dsc1_unlbl :  0.5177115797996521
Dsc2 :  0.693148672580719  Dsc2_128 :  0.693148672580719
Loss/valid 0.046267350958747296
Tr1 :  0.022398248314857483 Tr2 :  0.022679468616843224 Adv :  1.090433120727539 Adv2 :  0.6931517720222473
2dec_lbl :  0.0003618687915150076  2dec_unlbl :  0.0007269419729709625
Dsc1_lbl :  0.46256300806999207  Dsc1_unlbl :  0.5068204402923584
Dsc2 :  0.6931517720222473  Dsc2_128 :  0.6931517720222473
Loss/valid 0.044976797139400206
Tr1 :  0.022167058661580086 Tr2 :  0.022663095965981483 Adv :  1.1100938320159912 Adv2 :  0.6931538581848145
2dec_lbl :  0.00035955183557234704  2dec_unlbl :  0.0007533348398283124
Dsc1_lbl :  0.4530315697193146  Dsc1_unlbl :  0.49595174193382263
Dsc2 :  0.6931538581848145  Dsc2_128 :  0.6931538581848145
Epoch 11/75
Loss/valid 0.041906514545839206
Tr1 :  0.019469181075692177 Tr2 :  0.020894957706332207 Adv :  1.0091969966888428 Adv2 :  0.6917654871940613
2dec_lbl :  0.00032541362452320755  2dec_unlbl :  0.0014365296810865402
Dsc1_lbl :  0.45226213335990906  Dsc1_unlbl :  0.505824863910675
Dsc2 :  0.6934332251548767  Dsc2_128 :  0.6929013133049011
Loss/valid 0.04728914635669363
Tr1 :  0.020399609580636024 Tr2 :  0.021033450961112976 Adv :  1.0561587810516357 Adv2 :  0.6916268467903137
2dec_lbl :  0.0003204100939910859  2dec_unlbl :  0.001209586625918746
Dsc1_lbl :  0.4567071199417114  Dsc1_unlbl :  0.5017583966255188
Dsc2 :  0.6932989954948425  Dsc2_128 :  0.6929678320884705
Loss/valid 0.04316415694737381
Tr1 :  0.020765986293554306 Tr2 :  0.02137092873454094 Adv :  1.1119931936264038 Adv2 :  0.6913083791732788
2dec_lbl :  0.0003304554848000407  2dec_unlbl :  0.0010372183751314878
Dsc1_lbl :  0.45972245931625366  Dsc1_unlbl :  0.51066654920578
Dsc2 :  0.693328320980072  Dsc2_128 :  0.6929072737693787
Loss/valid 0.03641312291925455
Tr1 :  0.02061440236866474 Tr2 :  0.021276194602251053 Adv :  1.1213932037353516 Adv2 :  0.6909124255180359
2dec_lbl :  0.0003239283396396786  2dec_unlbl :  0.0009354706853628159
Dsc1_lbl :  0.4831105172634125  Dsc1_unlbl :  0.505279541015625
Dsc2 :  0.6933878064155579  Dsc2_128 :  0.6928427219390869
Loss/valid 0.037836017755742954
Tr1 :  0.020532462745904922 Tr2 :  0.021119924262166023 Adv :  1.1184196472167969 Adv2 :  0.6906647086143494
2dec_lbl :  0.0003273679467383772  2dec_unlbl :  0.0008848397992551327
Dsc1_lbl :  0.47709470987319946  Dsc1_unlbl :  0.5261903405189514
Dsc2 :  0.6932919025421143  Dsc2_128 :  0.6929956674575806
Loss/valid 0.04409435852754281
Tr1 :  0.02051420882344246 Tr2 :  0.021146850660443306 Adv :  1.1328030824661255 Adv2 :  0.6906066536903381
2dec_lbl :  0.0003268453583586961  2dec_unlbl :  0.0008410230511799455
Dsc1_lbl :  0.4795021414756775  Dsc1_unlbl :  0.5264867544174194
Dsc2 :  0.6932406425476074  Dsc2_128 :  0.6930719614028931
Epoch 12/75
Loss/valid 0.04427847177735852
Tr1 :  0.02533477172255516 Tr2 :  0.02356211096048355 Adv :  1.0855923891067505 Adv2 :  0.6903124451637268
2dec_lbl :  0.000582216598559171  2dec_unlbl :  0.001163754495792091
Dsc1_lbl :  0.4942622780799866  Dsc1_unlbl :  0.495143324136734
Dsc2 :  0.6931703686714172  Dsc2_128 :  0.6931962370872498
Loss/valid 0.046938738112917884
Tr1 :  0.02523663081228733 Tr2 :  0.025177622213959694 Adv :  1.1288199424743652 Adv2 :  0.6904543042182922
2dec_lbl :  0.000524861563462764  2dec_unlbl :  0.0011017274810001254
Dsc1_lbl :  0.4713538885116577  Dsc1_unlbl :  0.5237572193145752
Dsc2 :  0.6930976510047913  Dsc2_128 :  0.69320148229599
Loss/valid 0.044148699374025976
Tr1 :  0.02342783845961094 Tr2 :  0.02373865619301796 Adv :  1.1891045570373535 Adv2 :  0.6905930042266846
2dec_lbl :  0.00044647703180089593  2dec_unlbl :  0.0009798210812732577
Dsc1_lbl :  0.47031524777412415  Dsc1_unlbl :  0.5134718418121338
Dsc2 :  0.6931133270263672  Dsc2_128 :  0.6931649446487427
Loss/valid 0.0449480406353879
Tr1 :  0.022636359557509422 Tr2 :  0.02309642732143402 Adv :  1.2282418012619019 Adv2 :  0.6906014680862427
2dec_lbl :  0.00042898335959762335  2dec_unlbl :  0.0009064522455446422
Dsc1_lbl :  0.4674462676048279  Dsc1_unlbl :  0.4974856674671173
Dsc2 :  0.6931394338607788  Dsc2_128 :  0.6931575536727905
Loss/valid 0.04846232184935876
Tr1 :  0.021883931010961533 Tr2 :  0.022382987663149834 Adv :  1.216278076171875 Adv2 :  0.6905592083930969
2dec_lbl :  0.00040891882963478565  2dec_unlbl :  0.0008634575642645359
Dsc1_lbl :  0.4636397361755371  Dsc1_unlbl :  0.49994775652885437
Dsc2 :  0.6931440234184265  Dsc2_128 :  0.693153440952301
Loss/valid 0.04400287852883723
Tr1 :  0.022396355867385864 Tr2 :  0.022810906171798706 Adv :  1.173047423362732 Adv2 :  0.6905591487884521
2dec_lbl :  0.0004306103219278157  2dec_unlbl :  0.000932528986595571
Dsc1_lbl :  0.45901134610176086  Dsc1_unlbl :  0.4999743103981018
Dsc2 :  0.6931305527687073  Dsc2_128 :  0.6931363344192505
Epoch 13/75
Loss/valid 0.04516790114439573
Tr1 :  0.021459383890032768 Tr2 :  0.022726725786924362 Adv :  0.9366906881332397 Adv2 :  0.6903610825538635
2dec_lbl :  0.0004204445576760918  2dec_unlbl :  0.001535036601126194
Dsc1_lbl :  0.44320735335350037  Dsc1_unlbl :  0.4532383382320404
Dsc2 :  0.6934375762939453  Dsc2_128 :  0.6927899122238159
Loss/valid 0.04135034165275491
Tr1 :  0.020609963685274124 Tr2 :  0.021225672215223312 Adv :  0.9652442336082458 Adv2 :  0.6901793479919434
2dec_lbl :  0.00036367197753861547  2dec_unlbl :  0.0011084936559200287
Dsc1_lbl :  0.42881953716278076  Dsc1_unlbl :  0.4709257185459137
Dsc2 :  0.6932419538497925  Dsc2_128 :  0.6930810809135437
Loss/valid 0.04194466767343589
Tr1 :  0.02013291046023369 Tr2 :  0.020817028358578682 Adv :  1.0295324325561523 Adv2 :  0.6900978684425354
2dec_lbl :  0.00033737398916855454  2dec_unlbl :  0.0010168718872591853
Dsc1_lbl :  0.4400829076766968  Dsc1_unlbl :  0.4732120931148529
Dsc2 :  0.6932471990585327  Dsc2_128 :  0.6930822134017944
Loss/valid 0.03886122873076862
Tr1 :  0.020317843183875084 Tr2 :  0.02119976468384266 Adv :  1.0676554441452026 Adv2 :  0.6900627613067627
2dec_lbl :  0.00034905533539131284  2dec_unlbl :  0.0010044729569926858
Dsc1_lbl :  0.4426442086696625  Dsc1_unlbl :  0.4799312353134155
Dsc2 :  0.6931754946708679  Dsc2_128 :  0.6931724548339844
Loss/valid 0.042466664903648574
Tr1 :  0.020312028005719185 Tr2 :  0.021183181554079056 Adv :  1.0629373788833618 Adv2 :  0.6901170611381531
2dec_lbl :  0.00034223435795865953  2dec_unlbl :  0.0010601923568174243
Dsc1_lbl :  0.4410013258457184  Dsc1_unlbl :  0.49672335386276245
Dsc2 :  0.6931294798851013  Dsc2_128 :  0.6932597756385803
Loss/valid 0.04311045858594298
Tr1 :  0.020184487104415894 Tr2 :  0.021055663004517555 Adv :  1.063576579093933 Adv2 :  0.6902270317077637
2dec_lbl :  0.0003382912545930594  2dec_unlbl :  0.0010492646833881736
Dsc1_lbl :  0.4439341127872467  Dsc1_unlbl :  0.49559473991394043
Dsc2 :  0.6930752992630005  Dsc2_128 :  0.6932757496833801
Epoch 14/75
0.5828650195488053 0.268391839206109 0.2133969847867539 0.31711330952069267
0.41129816678664566 0.15499571166438678 0.11944286613737926 0.18843414195068287
0.6458522928331628 0.5603914715044744 0.1927321111165871 0.5313317210837539
saving model.......................................................................................
Loss/valid 0.04852868503439822
Tr1 :  0.022823164239525795 Tr2 :  0.021558694541454315 Adv :  1.2149494886398315 Adv2 :  0.6906282305717468
2dec_lbl :  0.0005195590201765299  2dec_unlbl :  0.001020532101392746
Dsc1_lbl :  0.41868364810943604  Dsc1_unlbl :  0.45468366146087646
Dsc2 :  0.6931537389755249  Dsc2_128 :  0.6931291818618774
0.5887499679585377 0.4188412758894554 0.24734843221712752 0.35618695262595024
0.41718331591948576 0.26489514904651196 0.14112812652775392 0.21668337113818995
0.6331848633376972 0.5170998241701797 0.1830312459438122 0.34375067488927474
saving model.......................................................................................
Loss/valid 0.046030495764885666
Tr1 :  0.022801516577601433 Tr2 :  0.021729277446866035 Adv :  1.1298651695251465 Adv2 :  0.6905872821807861
2dec_lbl :  0.0004590594908222556  2dec_unlbl :  0.0007754452526569366
Dsc1_lbl :  0.4636715352535248  Dsc1_unlbl :  0.47806012630462646
Dsc2 :  0.6932108402252197  Dsc2_128 :  0.6930803060531616
0.49334036819807475 0.353869804832315 0.17764983144894247 0.4833195676374475
0.32743982634488766 0.21497072702458242 0.09748391638155418 0.3186693500651119
0.5142002803357875 0.5317817219622444 0.18842492891075238 0.4611786064693666
Loss/valid 0.04709690553516209
Tr1 :  0.022899866104125977 Tr2 :  0.02328508533537388 Adv :  1.0980055332183838 Adv2 :  0.6905854344367981
2dec_lbl :  0.00045205545029602945  2dec_unlbl :  0.0009422654984518886
Dsc1_lbl :  0.4764450788497925  Dsc1_unlbl :  0.4644491970539093
Dsc2 :  0.6931500434875488  Dsc2_128 :  0.6931588053703308
0.5214290694456084 0.3982790942410433 0.1762709846410287 0.5124903046350531
0.3526574604372197 0.24865698687520313 0.09665415374571569 0.3445290516303615
0.6423454026332727 0.5420559285407216 0.18812614688087406 0.5199909412300419
saving model.......................................................................................
Loss/valid 0.04492468774953652
Tr1 :  0.022084912285208702 Tr2 :  0.02269182726740837 Adv :  1.1264292001724243 Adv2 :  0.6906430125236511
2dec_lbl :  0.0004203829448670149  2dec_unlbl :  0.0009121690527535975
Dsc1_lbl :  0.4579472243785858  Dsc1_unlbl :  0.47918927669525146
Dsc2 :  0.6931139230728149  Dsc2_128 :  0.6932100057601929
0.5903326182969204 0.39320690301078987 0.28126096777386805 0.5019946947386009
0.41877440448662034 0.2447153300244919 0.16364378913858463 0.33510875627440045
0.6195600062990854 0.5624591233521359 0.1988854102556925 0.5103315664150818
saving model.......................................................................................
Loss/valid 0.04392189224128223
Tr1 :  0.021769346669316292 Tr2 :  0.022238196805119514 Adv :  1.1092299222946167 Adv2 :  0.6907215714454651
2dec_lbl :  0.00040435997652821243  2dec_unlbl :  0.000860293977893889
Dsc1_lbl :  0.4533301293849945  Dsc1_unlbl :  0.4958290457725525
Dsc2 :  0.693122923374176  Dsc2_128 :  0.693189263343811
0.5769987767342248 0.3788050826968023 0.2762229505719225 0.48756948582129134
0.40548016916669805 0.23365795109136633 0.16024285197646002 0.3223748008589042
0.6383460334811392 0.5608809519045014 0.1941557405494578 0.48089408119958427
Loss/valid 0.04414310513071281
Tr1 :  0.021898392587900162 Tr2 :  0.022216182202100754 Adv :  1.1242725849151611 Adv2 :  0.6907556056976318
2dec_lbl :  0.00039816368371248245  2dec_unlbl :  0.0008920116815716028
Dsc1_lbl :  0.4628039002418518  Dsc1_unlbl :  0.5055417418479919
Dsc2 :  0.6931126117706299  Dsc2_128 :  0.6932197213172913
Epoch 15/75
0.5935032446852702 0.3395955581489993 0.21911152244331328 0.5137054084391045
0.42197270803690035 0.20452580683921912 0.1230349486813044 0.34562825657571344
0.6435658721268207 0.5137196373057218 0.17969307348718064 0.5202318895364004
Loss/valid 0.047421244101120204
Tr1 :  0.022400666028261185 Tr2 :  0.021747631952166557 Adv :  1.2353180646896362 Adv2 :  0.6913073658943176
2dec_lbl :  0.0005577479605562985  2dec_unlbl :  0.002002440160140395
Dsc1_lbl :  0.4601035416126251  Dsc1_unlbl :  0.4722999334335327
Dsc2 :  0.6930960416793823  Dsc2_128 :  0.6932218670845032
0.6073550952396707 0.42058245381111015 0.23346283740890275 0.47667306689724454
0.43611626564935085 0.2662895918979557 0.13215846366145353 0.3129158006327265
0.6561313621706956 0.5747197081953139 0.19192899642084127 0.46696018485251173
Loss/valid 0.04134729725202695
Tr1 :  0.0213563684374094 Tr2 :  0.02142983302474022 Adv :  1.3131662607192993 Adv2 :  0.6913387775421143
2dec_lbl :  0.0004296501283533871  2dec_unlbl :  0.0018094910774379969
Dsc1_lbl :  0.4610540270805359  Dsc1_unlbl :  0.4740980863571167
Dsc2 :  0.6931396126747131  Dsc2_128 :  0.6931561827659607
0.6038001122964626 0.42105092519913445 0.2531982565673224 0.513486365321738
0.4324596482310209 0.2666652977723406 0.1449496243745195 0.34542997342427734
0.6366995704013754 0.5585199208499716 0.19946697625567747 0.519250008463671
saving model.......................................................................................
Loss/valid 0.041200119487387256
Tr1 :  0.020818324759602547 Tr2 :  0.0210375115275383 Adv :  1.2265921831130981 Adv2 :  0.6913233399391174
2dec_lbl :  0.0004034853773191571  2dec_unlbl :  0.0015191002748906612
Dsc1_lbl :  0.46997448801994324  Dsc1_unlbl :  0.48450085520744324
Dsc2 :  0.6931629776954651  Dsc2_128 :  0.6931399703025818
0.5861325957161077 0.3753082064812448 0.26352982486942017 0.5344840215487677
0.414559805212411 0.2310027095467768 0.1517617916182195 0.3647070584065649
0.6440819567047679 0.5556830751608395 0.1930348289332145 0.5494185655186599
Loss/valid 0.04453534259466453
Tr1 :  0.020639769732952118 Tr2 :  0.02092437632381916 Adv :  1.1842548847198486 Adv2 :  0.691312313079834
2dec_lbl :  0.0003830657806247473  2dec_unlbl :  0.0013678825926035643
Dsc1_lbl :  0.46256157755851746  Dsc1_unlbl :  0.48272132873535156
Dsc2 :  0.693155825138092  Dsc2_128 :  0.6931209564208984
0.5682436700417344 0.39685864057404235 0.24654654311536658 0.3842772884226597
0.39688573966933194 0.2475506219340177 0.1406062659646562 0.23783616190398854
0.6162830708996518 0.5593969044406508 0.18773947382181405 0.32927161788267106
Loss/valid 0.04400840119569693
Tr1 :  0.021840257570147514 Tr2 :  0.021537477150559425 Adv :  1.1558516025543213 Adv2 :  0.69130939245224
2dec_lbl :  0.0003998436441179365  2dec_unlbl :  0.00127612822689116
Dsc1_lbl :  0.48285895586013794  Dsc1_unlbl :  0.5082722902297974
Dsc2 :  0.6931681036949158  Dsc2_128 :  0.6931015253067017
0.5336906542419811 0.3246484884722269 0.2457600593533728 0.35221279774984615
0.3639686644471914 0.19377932704771675 0.14009489446625167 0.21374895815969328
0.5666713854350928 0.5494891809551852 0.1853440717508902 0.2587643520838375
Loss/valid 0.04846617156980366
Tr1 :  0.022568611428141594 Tr2 :  0.022424940019845963 Adv :  1.1773552894592285 Adv2 :  0.6912445425987244
2dec_lbl :  0.00041284793405793607  2dec_unlbl :  0.0012339128879830241
Dsc1_lbl :  0.4768255054950714  Dsc1_unlbl :  0.5025261044502258
Dsc2 :  0.6931893229484558  Dsc2_128 :  0.6930668354034424
Epoch 16/75
0.5778719074834909 0.46579654097321577 0.28123690442545146 0.46362020458852754
0.40634307874540676 0.3036080633455826 0.16362749767526252 0.30176145636200646
0.6148926357677078 0.5732627952187067 0.20291705502542046 0.43298160017808573
Loss/valid 0.041206371487597995
Tr1 :  0.02453896403312683 Tr2 :  0.024676145985722542 Adv :  1.1835417747497559 Adv2 :  0.6902619004249573
2dec_lbl :  0.0004872106947004795  2dec_unlbl :  0.0012220581993460655
Dsc1_lbl :  0.4574604034423828  Dsc1_unlbl :  0.45900121331214905
Dsc2 :  0.6931250691413879  Dsc2_128 :  0.6931809782981873
0.5918441877549104 0.46925847959973377 0.2650828593458414 0.503667100441971
0.42029737235633413 0.306556314927049 0.15279280671922502 0.3366009666637277
0.6367154677695911 0.570049990213324 0.1999715025535525 0.501082001409684
saving model.......................................................................................
Loss/valid 0.04204889147493824
Tr1 :  0.022569388151168823 Tr2 :  0.023133043199777603 Adv :  1.2236207723617554 Adv2 :  0.6903232336044312
2dec_lbl :  0.00042465265141800046  2dec_unlbl :  0.0010652074124664068
Dsc1_lbl :  0.4547979235649109  Dsc1_unlbl :  0.4754798710346222
Dsc2 :  0.69319087266922  Dsc2_128 :  0.6930639147758484
0.5926583070722833 0.4206811089658372 0.21996190784941444 0.5281068010761844
0.42111898627785715 0.2663686930828571 0.12357146109365752 0.35879423959721607
0.6332831321055478 0.5731673364417325 0.1971114889648169 0.5473943044629567
Loss/valid 0.04152142454125039
Tr1 :  0.021244782954454422 Tr2 :  0.02211051993072033 Adv :  1.2350399494171143 Adv2 :  0.6901789307594299
2dec_lbl :  0.0003702955145854503  2dec_unlbl :  0.0009621067438274622
Dsc1_lbl :  0.46334466338157654  Dsc1_unlbl :  0.4911106824874878
Dsc2 :  0.693178653717041  Dsc2_128 :  0.6931760311126709
0.5666092259597829 0.4377017651451624 0.2799836099160008 0.46267100565542957
0.3952929209685882 0.2801653073530048 0.16277961740953378 0.3009577047967446
0.6260301981208184 0.5634551690405275 0.20502466409171313 0.5429779079396763
Loss/valid 0.043928465679430574
Tr1 :  0.021004291251301765 Tr2 :  0.021902455016970634 Adv :  1.1958380937576294 Adv2 :  0.6902112364768982
2dec_lbl :  0.0003507912624627352  2dec_unlbl :  0.0011946228332817554
Dsc1_lbl :  0.45823630690574646  Dsc1_unlbl :  0.4883875548839569
Dsc2 :  0.693141520023346  Dsc2_128 :  0.6931905150413513
0.6062144822729519 0.36795058938371983 0.23934086054317974 0.5191707726402306
0.43494101105423444 0.2254530941221795 0.13593821494432967 0.3505946283663521
0.6430756763281268 0.5608054540974832 0.1901322852963889 0.5189095797306809
Loss/valid 0.04414315466816073
Tr1 :  0.020813828334212303 Tr2 :  0.02167253941297531 Adv :  1.193939208984375 Adv2 :  0.6902819275856018
2dec_lbl :  0.0003414975944906473  2dec_unlbl :  0.0011572054354473948
Dsc1_lbl :  0.4511609673500061  Dsc1_unlbl :  0.4805767834186554
Dsc2 :  0.6931073069572449  Dsc2_128 :  0.6932500600814819
0.586931195892542 0.4442364690882312 0.24685352951906123 0.4954875174813331
0.4153592480327011 0.2855424106952055 0.14080599292501908 0.32933426823541523
0.6493553301192048 0.5609270318390231 0.19807638527029695 0.5091230793754364
Loss/valid 0.043036651389132076
Tr1 :  0.020459039136767387 Tr2 :  0.021280022338032722 Adv :  1.1683632135391235 Adv2 :  0.6903939247131348
2dec_lbl :  0.00032991732587106526  2dec_unlbl :  0.0010624905116856098
Dsc1_lbl :  0.45139434933662415  Dsc1_unlbl :  0.47895386815071106
Dsc2 :  0.6931184530258179  Dsc2_128 :  0.6932128071784973
Epoch 17/75
0.5130439624292764 0.3900429021516146 0.17420966071754887 0.42404950221688076
0.345029677721642 0.24226912796178504 0.09541602722359378 0.26907539469887465
0.6409326799244789 0.5460526316096965 0.19962377023552727 0.5177849776659647
Loss/valid 0.051340542939897205
Tr1 :  0.019754653796553612 Tr2 :  0.021365603432059288 Adv :  1.2050868272781372 Adv2 :  0.6910428404808044
2dec_lbl :  0.0003139659238513559  2dec_unlbl :  0.0005533943185582757
Dsc1_lbl :  0.4642517864704132  Dsc1_unlbl :  0.4740634560585022
Dsc2 :  0.6931934356689453  Dsc2_128 :  0.6930986046791077
0.3667986909539176 0.3474070080961801 0.2131245420251309 0.37282198889204204
0.22458878089447332 0.2102193400299733 0.11927218602390607 0.22912182093598024
0.6373253961796975 0.5488364519458268 0.19129662181921978 0.42761416179463224
Loss/valid 0.05522136066169229
Tr1 :  0.022812969982624054 Tr2 :  0.024118443951010704 Adv :  1.1237568855285645 Adv2 :  0.6911390423774719
2dec_lbl :  0.0003323237760923803  2dec_unlbl :  0.0006124983192421496
Dsc1_lbl :  0.452343612909317  Dsc1_unlbl :  0.47701573371887207
Dsc2 :  0.6931670308113098  Dsc2_128 :  0.6931607127189636
0.5782572286833556 0.41957806437525663 0.25980580766358097 0.48413081056926827
0.40672422631545685 0.2654848397870387 0.14929702030252187 0.31937505818102835
0.6233890795940091 0.5258537187967389 0.19501483077533127 0.47148127777631155
Loss/valid 0.042477032239340975
Tr1 :  0.02342371828854084 Tr2 :  0.023995516821742058 Adv :  1.0457496643066406 Adv2 :  0.6911974549293518
2dec_lbl :  0.00034279978717677295  2dec_unlbl :  0.0006933948025107384
Dsc1_lbl :  0.4644421339035034  Dsc1_unlbl :  0.47556257247924805
Dsc2 :  0.6931006908416748  Dsc2_128 :  0.6932334303855896
0.5967244621798106 0.3251446488746651 0.2720438559364734 0.4765883859385107
0.4252368448656536 0.19413297312881406 0.15743678268172062 0.31284282037728656
0.6406908929353952 0.4920441647427801 0.19393029271776585 0.4790419933757181
Loss/valid 0.04453163697189666
Tr1 :  0.0232803076505661 Tr2 :  0.023577149957418442 Adv :  1.0618038177490234 Adv2 :  0.6912673115730286
2dec_lbl :  0.0003389499324839562  2dec_unlbl :  0.0007855170406401157
Dsc1_lbl :  0.45170003175735474  Dsc1_unlbl :  0.4742441177368164
Dsc2 :  0.6930874586105347  Dsc2_128 :  0.693236231803894
0.5843857943215506 0.40502393533752357 0.25622686060772787 0.5235610239921171
0.41281430489847126 0.25393731248451895 0.1469381852601688 0.35461067643158845
0.6425718713304858 0.5537969100257405 0.1958232634245577 0.5331931618517586
Loss/valid 0.04534628306695205
Tr1 :  0.022637054324150085 Tr2 :  0.022848861292004585 Adv :  1.0886480808258057 Adv2 :  0.6913275122642517
2dec_lbl :  0.00034467739169485867  2dec_unlbl :  0.0008055783691816032
Dsc1_lbl :  0.4434068500995636  Dsc1_unlbl :  0.4751377999782562
Dsc2 :  0.6931113004684448  Dsc2_128 :  0.6931963562965393
0.5944280000360608 0.4401472685936131 0.2519295791069138 0.5233067319412328
0.42290825375812213 0.2821723228940784 0.14411866712909852 0.3543774074552137
0.6395462497228781 0.5569670239135831 0.19453149176972573 0.5344045665533931
Loss/valid 0.043189519539055254
Tr1 :  0.02188974991440773 Tr2 :  0.022141173481941223 Adv :  1.1050965785980225 Adv2 :  0.6913281679153442
2dec_lbl :  0.00033421863918192685  2dec_unlbl :  0.0008161470177583396
Dsc1_lbl :  0.4413350820541382  Dsc1_unlbl :  0.48819294571876526
Dsc2 :  0.6931228637695312  Dsc2_128 :  0.6931682229042053
Epoch 18/75
0.590297416843165 0.29594000777161505 0.2579785431959345 0.5195262276133457
0.41873897650189096 0.17366759921674868 0.14809148428586247 0.3509188999517523
0.636007819214965 0.5548101737015347 0.19508161007195823 0.5262676895399173
Loss/valid 0.045789333133305785
Tr1 :  0.02007760852575302 Tr2 :  0.020932774990797043 Adv :  1.0848925113677979 Adv2 :  0.690941572189331
2dec_lbl :  0.0003153523139189929  2dec_unlbl :  0.0009105720673687756
Dsc1_lbl :  0.4406156837940216  Dsc1_unlbl :  0.44353532791137695
Dsc2 :  0.6931367516517639  Dsc2_128 :  0.6931958794593811
0.6027349053451436 0.41451389472462224 0.26538082191780815 0.5519883336137752
0.4313676106637641 0.2614427798171253 0.15299082661545071 0.3812043413927473
0.6324167697523851 0.559556406320344 0.19854208249760186 0.555931895792027
saving model.......................................................................................
Loss/valid 0.043717292608594756
Tr1 :  0.019363485276699066 Tr2 :  0.020384542644023895 Adv :  1.041548252105713 Adv2 :  0.6909891366958618
2dec_lbl :  0.0002909183094743639  2dec_unlbl :  0.0008454870549030602
Dsc1_lbl :  0.44378340244293213  Dsc1_unlbl :  0.44237250089645386
Dsc2 :  0.6930908560752869  Dsc2_128 :  0.6931986808776855
0.5928781913019192 0.3936654054478792 0.2517279268422358 0.4796927862491381
0.42134105777983155 0.2450706140445423 0.14398670018652177 0.31552358754231835
0.6204049669963 0.5717738749067113 0.19635588673988744 0.5742328374652564
Loss/valid 0.045158985355978336
Tr1 :  0.018999798223376274 Tr2 :  0.020043764263391495 Adv :  1.1677895784378052 Adv2 :  0.6910670399665833
2dec_lbl :  0.0003037044662050903  2dec_unlbl :  0.0007908917032182217
Dsc1_lbl :  0.41817864775657654  Dsc1_unlbl :  0.43128180503845215
Dsc2 :  0.6931044459342957  Dsc2_128 :  0.6931758522987366
0.6039269201438804 0.4959254699271034 0.24454990546073804 0.5480413686956848
0.43258976113637376 0.3297213402736551 0.13930894772882904 0.37744971301515073
0.6386237202057681 0.5551036106540552 0.1994143590443121 0.5584493773296598
saving model.......................................................................................
Loss/valid 0.04075144033127539
Tr1 :  0.01951148919761181 Tr2 :  0.02055194042623043 Adv :  1.1290677785873413 Adv2 :  0.6910942792892456
2dec_lbl :  0.00031462989863939583  2dec_unlbl :  0.0007441817433573306
Dsc1_lbl :  0.4425935447216034  Dsc1_unlbl :  0.4321109652519226
Dsc2 :  0.6931049823760986  Dsc2_128 :  0.6932125091552734
0.5770722680069016 0.15700775098607533 0.2411032451180691 0.521701276087013
0.4055527593088617 0.0851917587119972 0.13707640567808857 0.35290653211557566
0.6257373411420396 0.5301065435604512 0.18540316201726362 0.5129364083629037
Loss/valid 0.04943629278753698
Tr1 :  0.019774815067648888 Tr2 :  0.020899884402751923 Adv :  1.1165202856063843 Adv2 :  0.6911565065383911
2dec_lbl :  0.0003174593730363995  2dec_unlbl :  0.0008607232011854649
Dsc1_lbl :  0.4375784397125244  Dsc1_unlbl :  0.44784635305404663
Dsc2 :  0.6930901408195496  Dsc2_128 :  0.6932447552680969
0.601573431059077 0.4338605321430123 0.28534116878876914 0.5376304154727075
0.4301787769340435 0.27702547636876895 0.16641279512566642 0.3676433243423175
0.6318810436883776 0.5584822163918208 0.20224020796852357 0.5630960234976935
Loss/valid 0.04388837054005178
Tr1 :  0.019754106178879738 Tr2 :  0.020951710641384125 Adv :  1.09113609790802 Adv2 :  0.6912251114845276
2dec_lbl :  0.00031939707696437836  2dec_unlbl :  0.0008538842666894197
Dsc1_lbl :  0.44290101528167725  Dsc1_unlbl :  0.4578547477722168
Dsc2 :  0.6930947303771973  Dsc2_128 :  0.6932377815246582
Epoch 19/75
0.5837764986853563 0.40544917406811126 0.23932511042989213 0.3225429164308621
0.41220647598592425 0.2542717155667699 0.13592805341156794 0.19228087537392322
0.6040911720170187 0.5579123656908752 0.18830103739274526 0.5910289120170326
Loss/valid 0.04066197474016268
Tr1 :  0.02337631583213806 Tr2 :  0.023436378687620163 Adv :  1.2211779356002808 Adv2 :  0.6916436553001404
2dec_lbl :  0.00045729809789918363  2dec_unlbl :  0.0008151429356075823
Dsc1_lbl :  0.43627792596817017  Dsc1_unlbl :  0.4788754880428314
Dsc2 :  0.6931209564208984  Dsc2_128 :  0.6931782364845276
0.5631045663782602 0.4358752789471095 0.24082779829348527 0.5561529238198907
0.3918897319890131 0.2786704110486151 0.13689836507185946 0.38518824672988755
0.6450156392721177 0.5628131898306389 0.1985188449174776 0.5682558182727849
Loss/valid 0.041726692426501746
Tr1 :  0.021994445472955704 Tr2 :  0.022441430017352104 Adv :  1.1819854974746704 Adv2 :  0.6916994452476501
2dec_lbl :  0.0003687898861244321  2dec_unlbl :  0.0008319125045090914
Dsc1_lbl :  0.48796823620796204  Dsc1_unlbl :  0.5023152232170105
Dsc2 :  0.6931441426277161  Dsc2_128 :  0.6931836009025574
0.6178898995755575 0.42045368010451806 0.28018010029655466 0.5219064773777641
0.44706271908859146 0.266186356682683 0.16291246562786435 0.3530943539024969
0.656481197518518 0.5577073525143407 0.2011159895066908 0.5623153475784683
Loss/valid 0.04322494207440286
Tr1 :  0.021078413352370262 Tr2 :  0.02162317931652069 Adv :  1.186766266822815 Adv2 :  0.691760778427124
2dec_lbl :  0.0003357536334078759  2dec_unlbl :  0.0008309318800456822
Dsc1_lbl :  0.45153969526290894  Dsc1_unlbl :  0.48461437225341797
Dsc2 :  0.6931187510490417  Dsc2_128 :  0.6931933164596558
0.585187439811188 0.4168851907536595 0.25863134657836645 0.5512238976747988
0.41361481815873374 0.26333225380673586 0.1485218802291973 0.38047555919104165
0.6381061314735345 0.40880941018227895 0.1935481570102169 0.5757377064221154
Loss/valid 0.0464647993438965
Tr1 :  0.020482705906033516 Tr2 :  0.02136927656829357 Adv :  1.1760611534118652 Adv2 :  0.6917672753334045
2dec_lbl :  0.0003346516168676317  2dec_unlbl :  0.0008443556143902242
Dsc1_lbl :  0.45611944794654846  Dsc1_unlbl :  0.4848242998123169
Dsc2 :  0.6931338906288147  Dsc2_128 :  0.6931575536727905
0.5590301673023612 0.4243559566375357 0.2698861875942412 0.5190939200063847
0.38795410883502063 0.2693222231411794 0.15599331423113658 0.35052453833441116
0.6221710733461706 0.5057978414345279 0.19537531210077289 0.5335770771728329
Loss/valid 0.045180595534280395
Tr1 :  0.020585285499691963 Tr2 :  0.021394381299614906 Adv :  1.1385271549224854 Adv2 :  0.6917868852615356
2dec_lbl :  0.0003299919771961868  2dec_unlbl :  0.0009328228770755231
Dsc1_lbl :  0.4579911530017853  Dsc1_unlbl :  0.4982929527759552
Dsc2 :  0.6931320428848267  Dsc2_128 :  0.6931626200675964
0.5993159959142217 0.43716830641019 0.26035502958579876 0.46475384382063856
0.42787380605905706 0.27972833428148514 0.14965986394557823 0.3027226884431566
0.6373928660468098 0.5738046541799474 0.20321301608432485 0.4933837550146049
Loss/valid 0.04380388305672308
Tr1 :  0.02049299329519272 Tr2 :  0.021239791065454483 Adv :  1.1300724744796753 Adv2 :  0.691782534122467
2dec_lbl :  0.00032528306473977864  2dec_unlbl :  0.0009286470012739301
Dsc1_lbl :  0.449540376663208  Dsc1_unlbl :  0.49079081416130066
Dsc2 :  0.6931366920471191  Dsc2_128 :  0.6931383609771729
Epoch 20/75
0.5648939320234344 0.37126034732494373 0.26180104712041885 0.5157947102230329
0.3936252132359172 0.22794333441516113 0.15061627248521067 0.34752248477738673
0.6445993222953297 0.5626945437544408 0.18999805063052935 0.5374514857182251
Loss/valid 0.04632744552346984
Tr1 :  0.021852929145097733 Tr2 :  0.020808063447475433 Adv :  1.3882968425750732 Adv2 :  0.6916512846946716
2dec_lbl :  0.0003611219290178269  2dec_unlbl :  0.0009782029082998633
Dsc1_lbl :  0.4156300127506256  Dsc1_unlbl :  0.4612799882888794
Dsc2 :  0.6930684447288513  Dsc2_128 :  0.693250298500061
0.6029493541766794 0.4612860466473898 0.2849501215289182 0.4766348059950252
0.43158732718765863 0.2997867444058213 0.16614684220318024 0.3128828253860372
0.6421373240740302 0.5773545345154069 0.20281221962367568 0.4649824335843252
Loss/valid 0.04109063789477269
Tr1 :  0.02211550436913967 Tr2 :  0.021692173555493355 Adv :  1.1987254619598389 Adv2 :  0.6917052268981934
2dec_lbl :  0.0003845316241495311  2dec_unlbl :  0.0011583559680730104
Dsc1_lbl :  0.4378073811531067  Dsc1_unlbl :  0.48209041357040405
Dsc2 :  0.6931108832359314  Dsc2_128 :  0.693228006362915
0.590448434779047 0.45421634398954713 0.2027909653287297 0.46235891958121605
0.4188909787677698 0.2938421183478186 0.11283660465563063 0.30069365697181444
0.648400442223895 0.5419153188122617 0.20246931573910926 0.5557927846453848
Loss/valid 0.039759498320855916
Tr1 :  0.020850270986557007 Tr2 :  0.021108752116560936 Adv :  1.1942102909088135 Adv2 :  0.6916918158531189
2dec_lbl :  0.0003647993435151875  2dec_unlbl :  0.001064696698449552
Dsc1_lbl :  0.45810386538505554  Dsc1_unlbl :  0.4896783232688904
Dsc2 :  0.6931607723236084  Dsc2_128 :  0.6931989789009094
0.5941381412076704 0.4025713392259857 0.24043203851909686 0.5029575851816053
0.42261488032547506 0.2520120923778372 0.13664265534633988 0.3359674917711791
0.6428230887478706 0.5744452453755586 0.20594826720491957 0.5132631379526834
Loss/valid 0.042361357422708225
Tr1 :  0.02010195516049862 Tr2 :  0.020455285906791687 Adv :  1.190183401107788 Adv2 :  0.6916671991348267
2dec_lbl :  0.00034756172681227326  2dec_unlbl :  0.0009459413704462349
Dsc1_lbl :  0.44528815150260925  Dsc1_unlbl :  0.4820707440376282
Dsc2 :  0.6931553483009338  Dsc2_128 :  0.6931790709495544
0.5920103890890086 0.42349518888860327 0.22692942800682167 0.4690399888532813
0.42046502651817763 0.2686291763296616 0.1279866868196461 0.30636984992309585
0.641318084252358 0.5770349694187711 0.20473143635001753 0.5050594862599188
Loss/valid 0.042856764553692174
Tr1 :  0.01958358660340309 Tr2 :  0.020040612667798996 Adv :  1.210640549659729 Adv2 :  0.691677987575531
2dec_lbl :  0.00033353682374581695  2dec_unlbl :  0.0008962739375419915
Dsc1_lbl :  0.43563517928123474  Dsc1_unlbl :  0.4724121391773224
Dsc2 :  0.6931504011154175  Dsc2_128 :  0.6931754350662231
0.6029904089356758 0.3862627311990221 0.23421726383932717 0.4998233388211061
0.4316293981033318 0.23935911914956198 0.13264217564420405 0.3331763196664629
0.6414971542256115 0.5784681328792846 0.2071946005665231 0.5709221927626708
Loss/valid 0.04136886735363987
Tr1 :  0.019694272428750992 Tr2 :  0.02009906806051731 Adv :  1.230934977531433 Adv2 :  0.6916624903678894
2dec_lbl :  0.00032633691444061697  2dec_unlbl :  0.0008484002901241183
Dsc1_lbl :  0.4299282431602478  Dsc1_unlbl :  0.47139403223991394
Dsc2 :  0.6931674480438232  Dsc2_128 :  0.693170964717865
Epoch 21/75
0.6115359649478681 0.43822314194898687 0.25645123172666806 0.4963812240107522
0.44044062324229166 0.2805926721797238 0.1470857806751436 0.33012438520806403
0.6462702620203965 0.5427705582363979 0.1935821134741681 0.5027703769573865
Loss/valid 0.042309200369572864
Tr1 :  0.021912211552262306 Tr2 :  0.021958766505122185 Adv :  1.066842794418335 Adv2 :  0.6914159059524536
2dec_lbl :  0.00032984267454594374  2dec_unlbl :  0.0005300136981531978
Dsc1_lbl :  0.487964391708374  Dsc1_unlbl :  0.45140892267227173
Dsc2 :  0.6932072043418884  Dsc2_128 :  0.6932190656661987
0.5792386432422224 0.5194782340377317 0.24935986281096573 0.5665956926943349
0.4076959444927916 0.35087510766861024 0.1424392469438965 0.3952797475259098
0.6484128464722437 0.5109182356898399 0.19327667392452935 0.6100112008667498
saving model.......................................................................................
Loss/valid 0.045974219747027485
Tr1 :  0.021159499883651733 Tr2 :  0.021498555317521095 Adv :  1.1133627891540527 Adv2 :  0.6914892792701721
2dec_lbl :  0.000359292229404673  2dec_unlbl :  0.0006832796498201787
Dsc1_lbl :  0.43413540720939636  Dsc1_unlbl :  0.44557151198387146
Dsc2 :  0.6931566596031189  Dsc2_128 :  0.6932143568992615
0.596362592644966 0.5156627553576109 0.28391418183163875 0.39645691734268806
0.42486940681406554 0.3474026924938112 0.16544288101784463 0.24723808273719675
0.6208424311337405 0.536739181502648 0.20098223509459745 0.58039242344203
Loss/valid 0.038390932154340716
Tr1 :  0.021110180765390396 Tr2 :  0.021206950768828392 Adv :  1.1623083353042603 Adv2 :  0.691520631313324
2dec_lbl :  0.0003726219874806702  2dec_unlbl :  0.0008335195016115904
Dsc1_lbl :  0.43359068036079407  Dsc1_unlbl :  0.4435618221759796
Dsc2 :  0.6931519508361816  Dsc2_128 :  0.6931613683700562
0.5956795559596518 0.5046736847539374 0.26157962079795277 0.5103331501810965
0.42417637547583614 0.33750070443379515 0.15046971602922676 0.34258206809337055
0.6404435823447198 0.5813438245194138 0.20153766960816694 0.5027944823026576
Loss/valid 0.037726197116301464
Tr1 :  0.020635243505239487 Tr2 :  0.020915694534778595 Adv :  1.1517093181610107 Adv2 :  0.6914912462234497
2dec_lbl :  0.00037812042864970863  2dec_unlbl :  0.0009739678353071213
Dsc1_lbl :  0.42938125133514404  Dsc1_unlbl :  0.453769326210022
Dsc2 :  0.693170428276062  Dsc2_128 :  0.6931374669075012
0.5992084429684653 0.5297085029342071 0.27743541361382656 0.4899848893611443
0.4277641737349334 0.36027447889845454 0.16105951312738162 0.32449005702588096
0.6336234095449884 0.5401652841362307 0.20031291202730894 0.5169547383204857
Loss/valid 0.038054914880636455
Tr1 :  0.020738821476697922 Tr2 :  0.020916523411870003 Adv :  1.1485233306884766 Adv2 :  0.691436231136322
2dec_lbl :  0.00039715191815048456  2dec_unlbl :  0.0009185188100673258
Dsc1_lbl :  0.44654563069343567  Dsc1_unlbl :  0.45709240436553955
Dsc2 :  0.6931716799736023  Dsc2_128 :  0.6931321620941162
0.5867184363200169 0.425520926563679 0.21793860960822165 0.5202838638555877
0.41514617567944917 0.2702614050213916 0.1222957922680255 0.3516105901306538
0.6391670185254584 0.5767648185719195 0.19735210553561675 0.54473734484855
Loss/valid 0.04311503204082458
Tr1 :  0.02080606482923031 Tr2 :  0.020886683836579323 Adv :  1.1465963125228882 Adv2 :  0.691390872001648
2dec_lbl :  0.00039586229831911623  2dec_unlbl :  0.0008962020510807633
Dsc1_lbl :  0.44115597009658813  Dsc1_unlbl :  0.4576222598552704
Dsc2 :  0.6931666731834412  Dsc2_128 :  0.6931489706039429
Epoch 22/75
0.6136298564064515 0.47633972257768714 0.23361927359007117 0.5472770078806761
0.44261617955496985 0.3126285627026687 0.1322587311427981 0.3767249577858432
0.6450569020826501 0.5860861578574683 0.2013929299911467 0.5756773114216766
Loss/valid 0.04045343285516927
Tr1 :  0.018293600529432297 Tr2 :  0.018877917900681496 Adv :  1.2173140048980713 Adv2 :  0.6915884017944336
2dec_lbl :  0.0002527802425902337  2dec_unlbl :  0.0008845847332850099
Dsc1_lbl :  0.4019854664802551  Dsc1_unlbl :  0.4417039752006531
Dsc2 :  0.6930966377258301  Dsc2_128 :  0.6932796239852905
0.5977810645564109 0.44591884986908303 0.25252328246135847 0.5638832538333608
0.4263107917361735 0.28693408309567264 0.14450738022824297 0.3926444387884958
0.6370613565672388 0.5780604902470213 0.20538415723900366 0.5681472259899522
Loss/valid 0.042822846925901104
Tr1 :  0.018998727202415466 Tr2 :  0.019438548013567924 Adv :  1.257460117340088 Adv2 :  0.6915768384933472
2dec_lbl :  0.00028752139769494534  2dec_unlbl :  0.0007464861846528947
Dsc1_lbl :  0.38478973507881165  Dsc1_unlbl :  0.44528108835220337
Dsc2 :  0.6931666135787964  Dsc2_128 :  0.6931605339050293
0.5761324478495454 0.4087144272665516 0.2774468593740662 0.5174287311347121
0.404625027783952 0.2568454300534365 0.1610672279597997 0.34900766121734933
0.631789738365453 0.5766089453230644 0.19994542222662964 0.5642320211179136
Loss/valid 0.04435889141918129
Tr1 :  0.018872329965233803 Tr2 :  0.019522523507475853 Adv :  1.288877248764038 Adv2 :  0.6915162205696106
2dec_lbl :  0.00029365619411692023  2dec_unlbl :  0.0006827446050010622
Dsc1_lbl :  0.3899844288825989  Dsc1_unlbl :  0.44782933592796326
Dsc2 :  0.693167507648468  Dsc2_128 :  0.6931673884391785
0.5795715233848002 0.4196942181285398 0.1764446539063807 0.5403178075623516
0.40802584074200343 0.26557785394641875 0.09675859539133624 0.37016126548754325
0.6272221912127964 0.5859895132587805 0.19899065395188478 0.5878306338420932
Loss/valid 0.040745884470522596
Tr1 :  0.01887737400829792 Tr2 :  0.019561808556318283 Adv :  1.294946551322937 Adv2 :  0.691474199295044
2dec_lbl :  0.0002842998073901981  2dec_unlbl :  0.0006492058746516705
Dsc1_lbl :  0.41251301765441895  Dsc1_unlbl :  0.4429430365562439
Dsc2 :  0.6931692957878113  Dsc2_128 :  0.6931489109992981
0.5945379921553999 0.4079798410962163 0.26534992628566473 0.5049120376783488
0.4230196112288915 0.25626549941248156 0.15297029084228025 0.3377139341649804
0.625489599443413 0.5675564004931783 0.1955038896904713 0.5082422408872614
Loss/valid 0.040676157578640675
Tr1 :  0.018992967903614044 Tr2 :  0.019823739305138588 Adv :  1.2570295333862305 Adv2 :  0.6914273500442505
2dec_lbl :  0.0003061829484067857  2dec_unlbl :  0.0006891779485158622
Dsc1_lbl :  0.40458598732948303  Dsc1_unlbl :  0.45523014664649963
Dsc2 :  0.6931878328323364  Dsc2_128 :  0.6931332349777222
0.5886397646237109 0.42062066420406463 0.22826640216128738 0.42296284571924053
0.4170726579006749 0.26632022761782614 0.12883788084153455 0.26820093906547277
0.6284146491938729 0.5011320097011371 0.19626278253039833 0.4064063542169925
Loss/valid 0.04664434348637769
Tr1 :  0.019112451002001762 Tr2 :  0.019958332180976868 Adv :  1.2331498861312866 Adv2 :  0.691430926322937
2dec_lbl :  0.0003098551242146641  2dec_unlbl :  0.0006922917673364282
Dsc1_lbl :  0.4101960062980652  Dsc1_unlbl :  0.4538828432559967
Dsc2 :  0.6931807994842529  Dsc2_128 :  0.693148136138916
Epoch 23/75
0.5354850850292723 0.37554345139124895 0.23748426393357155 0.5198251012145749
0.3656398986144675 0.23118097662438505 0.13474164177596928 0.3511916744711206
0.6490114846722861 0.5658275669010706 0.1987914826293279 0.5266119104137769
Loss/valid 0.045926892158312124
Tr1 :  0.021632272750139236 Tr2 :  0.019980313256382942 Adv :  0.9098196029663086 Adv2 :  0.6916865110397339
2dec_lbl :  0.0004706041363533586  2dec_unlbl :  0.0010887644020840526
Dsc1_lbl :  0.4653313457965851  Dsc1_unlbl :  0.49640706181526184
Dsc2 :  0.6930801868438721  Dsc2_128 :  0.6932437419891357
0.5504819365952272 0.4638855682460447 0.26714306914304625 0.522400909122215
0.37976893872036344 0.3019863355598933 0.15416337285902504 0.35354712407942573
0.6331375721232602 0.5799470291656686 0.20724369659350603 0.5462924389380767
Loss/valid 0.045334758831943746
Tr1 :  0.021260859444737434 Tr2 :  0.019533304497599602 Adv :  0.9120233058929443 Adv2 :  0.6917642951011658
2dec_lbl :  0.0004270280769560486  2dec_unlbl :  0.0009179718908853829
Dsc1_lbl :  0.4737361967563629  Dsc1_unlbl :  0.5107540488243103
Dsc2 :  0.6931339502334595  Dsc2_128 :  0.6932063698768616
0.5573238168509381 0.08612275344130471 0.03978333272334663 0.4945260120512603
0.38631248187269324 0.044999099914145656 0.020295375193711607 0.3284852584700378
0.6402469369753602 0.5534589417943161 0.14096508084298454 0.5169367967840948
Loss/valid 0.05689471084276322
Tr1 :  0.02114281989634037 Tr2 :  0.02005377784371376 Adv :  1.0429250001907349 Adv2 :  0.6917702555656433
2dec_lbl :  0.0003782007552217692  2dec_unlbl :  0.0009357440867461264
Dsc1_lbl :  0.5301792025566101  Dsc1_unlbl :  0.46616920828819275
Dsc2 :  0.6931977272033691  Dsc2_128 :  0.6931179165840149
0.5801650157764182 0.3991768457406799 0.23459040381998816 0.4847708152112564
0.40861439690026646 0.2493572414158226 0.13288157282456955 0.31993233768054974
0.6517008959833593 0.5775443185609352 0.19713695873272263 0.5005535486157994
Loss/valid 0.04579506858164807
Tr1 :  0.02129409834742546 Tr2 :  0.02060343511402607 Adv :  0.9855926036834717 Adv2 :  0.6917791962623596
2dec_lbl :  0.0003690427984111011  2dec_unlbl :  0.0008681753533892334
Dsc1_lbl :  0.4827871322631836  Dsc1_unlbl :  0.47265446186065674
Dsc2 :  0.693154513835907  Dsc2_128 :  0.6931648850440979
0.5667480496975578 0.42033542476799385 0.23777774911984317 0.49519955688217376
0.3954280680224881 0.26609156865232547 0.13493062467068673 0.32907988507509994
0.6319648629070447 0.5925728314652882 0.20388609379957723 0.5683759273095207
Loss/valid 0.04494194058539896
Tr1 :  0.020480599254369736 Tr2 :  0.02010532096028328 Adv :  1.0323989391326904 Adv2 :  0.6918201446533203
2dec_lbl :  0.0003463669854681939  2dec_unlbl :  0.0008105366141535342
Dsc1_lbl :  0.4637637734413147  Dsc1_unlbl :  0.4585529863834381
Dsc2 :  0.693183958530426  Dsc2_128 :  0.6931459307670593
0.6073644541552311 0.3771451245812793 0.21438665521349998 0.5284396372339443
0.4361259167679835 0.23239608808764875 0.12006331372883723 0.359101570417845
0.6528182935658428 0.5782877025379186 0.2009769658916516 0.5668448896038951
Loss/valid 0.045244631341347485
Tr1 :  0.020461246371269226 Tr2 :  0.02028687484562397 Adv :  1.0578951835632324 Adv2 :  0.6917878985404968
2dec_lbl :  0.00033973430981859565  2dec_unlbl :  0.0008078548707999289
Dsc1_lbl :  0.4491245746612549  Dsc1_unlbl :  0.4521051049232483
Dsc2 :  0.6931449174880981  Dsc2_128 :  0.6931858658790588
Epoch 24/75
0.5722631126144999 0.41095920316074097 0.23639624759668118 0.4858424535505218
0.4008183284123446 0.2586209265225756 0.13404158801235055 0.3208665139831488
0.6335171403450397 0.5934797793922761 0.20283513010839224 0.575860403094104
Loss/valid 0.04625919180440568
Tr1 :  0.01830160617828369 Tr2 :  0.0187004953622818 Adv :  1.1822692155838013 Adv2 :  0.691990852355957
2dec_lbl :  0.00023995884112082422  2dec_unlbl :  0.0007848655804991722
Dsc1_lbl :  0.4532372057437897  Dsc1_unlbl :  0.46321573853492737
Dsc2 :  0.6928591132164001  Dsc2_128 :  0.693454921245575
0.5438845899983671 0.41459811460854973 0.2198619943174131 0.5159943520031008
0.37351750160913216 0.26150979031173643 0.12350839857110284 0.3477037656154386
0.6469819049474003 0.5857216002456976 0.1987479510194652 0.5136751448126029
Loss/valid 0.045274600330230896
Tr1 :  0.01783406361937523 Tr2 :  0.01814444176852703 Adv :  1.1296781301498413 Adv2 :  0.6921477913856506
2dec_lbl :  0.00025526515673846006  2dec_unlbl :  0.0009741513640619814
Dsc1_lbl :  0.44084665179252625  Dsc1_unlbl :  0.4399639964103699
Dsc2 :  0.6929550170898438  Dsc2_128 :  0.6933616399765015
0.5791292141748959 0.3698239074544283 0.18044382380619897 0.48302613028591895
0.407587530092396 0.22686132445786056 0.09916914144616103 0.31841427194587046
0.6294569074407732 0.5711199867370076 0.20306570213082212 0.5201363285188023
Loss/valid 0.04350029771902492
Tr1 :  0.01830163225531578 Tr2 :  0.01885097846388817 Adv :  1.1370224952697754 Adv2 :  0.6921693086624146
2dec_lbl :  0.00026180798886343837  2dec_unlbl :  0.0008941334672272205
Dsc1_lbl :  0.42054295539855957  Dsc1_unlbl :  0.4394189119338989
Dsc2 :  0.6930906772613525  Dsc2_128 :  0.6932311654090881
0.6034250793447067 0.4070812449919085 0.25577804583835945 0.461710681907765
0.4320749788787349 0.25555681588408485 0.14664306066557858 0.300145542504561
0.6358686828994189 0.565962280757207 0.20763837564254742 0.5436054626243768
Loss/valid 0.04530107951589863
Tr1 :  0.01869254745543003 Tr2 :  0.019287750124931335 Adv :  1.1430686712265015 Adv2 :  0.6920880079269409
2dec_lbl :  0.00026993436040356755  2dec_unlbl :  0.0008602439193055034
Dsc1_lbl :  0.4226945638656616  Dsc1_unlbl :  0.4475935101509094
Dsc2 :  0.693135678768158  Dsc2_128 :  0.6931838989257812
0.5458075365183269 0.0971718184581254 0.08326503851827569 0.40741657632124845
0.37533376786421896 0.05106704819737661 0.04344108089618608 0.2558211835334477
0.6214490461881786 0.2460096501367508 0.12721700287673532 0.5437635350178291
Loss/valid 0.054725217225495726
Tr1 :  0.019558271393179893 Tr2 :  0.018799932673573494 Adv :  1.1477469205856323 Adv2 :  0.6920413970947266
2dec_lbl :  0.0003138602478429675  2dec_unlbl :  0.0008884036215022206
Dsc1_lbl :  0.4615265130996704  Dsc1_unlbl :  0.4350481629371643
Dsc2 :  0.6931921243667603  Dsc2_128 :  0.6930902600288391
0.5723485854737999 0.34039147730978137 0.2834774287222809 0.5460138199365849
0.4009021947866365 0.20510347630536876 0.1651463449800548 0.37552889251861443
0.6384984596498614 0.5522598941494329 0.20528797866386206 0.5590370557629395
Loss/valid 0.044358812278005644
Tr1 :  0.020217163488268852 Tr2 :  0.019069919362664223 Adv :  1.0738102197647095 Adv2 :  0.6919721961021423
2dec_lbl :  0.00033546992926858366  2dec_unlbl :  0.0008977466495707631
Dsc1_lbl :  0.449250727891922  Dsc1_unlbl :  0.4614897072315216
Dsc2 :  0.693178117275238  Dsc2_128 :  0.6931308507919312
Epoch 25/75
0.6068049036077697 0.3856630053855542 0.27842918672409434 0.5431110819586108
0.43554912386580363 0.23889869752855572 0.16172973227530668 0.3727882580703255
0.6395657643984688 0.576023378246838 0.20322197597221783 0.5694921661245946
Loss/valid 0.042535407735158515
Tr1 :  0.018542151898145676 Tr2 :  0.01895204745233059 Adv :  1.0619800090789795 Adv2 :  0.6916413903236389
2dec_lbl :  0.00029372202698141336  2dec_unlbl :  0.000745259050745517
Dsc1_lbl :  0.3656277060508728  Dsc1_unlbl :  0.46169906854629517
Dsc2 :  0.6931319236755371  Dsc2_128 :  0.6931892037391663
0.6044158549174227 0.4630023829604226 0.26840816678710483 0.524084087927559
0.433091660611879 0.30123819180163397 0.15500660238682512 0.35509074984607647
0.6402849704414897 0.5693772503791329 0.19989728324897493 0.5353696139647405
Loss/valid 0.039977176331668876
Tr1 :  0.019394271075725555 Tr2 :  0.019625112414360046 Adv :  1.1210905313491821 Adv2 :  0.6917223930358887
2dec_lbl :  0.0003172979049850255  2dec_unlbl :  0.0006539847236126661
Dsc1_lbl :  0.36565566062927246  Dsc1_unlbl :  0.4391438961029053
Dsc2 :  0.6931137442588806  Dsc2_128 :  0.6931751370429993
0.6007173836263073 0.44844111724921276 0.277087254151759 0.5191624706744188
0.42930382797371913 0.28902616731771286 0.1608248907667931 0.35058705657659917
0.6409926801818485 0.5609665746412371 0.2029665261391805 0.5720809422160937
Loss/valid 0.04334279303702715
Tr1 :  0.019047949463129044 Tr2 :  0.01980677619576454 Adv :  1.1951369047164917 Adv2 :  0.6917485594749451
2dec_lbl :  0.00030880767735652626  2dec_unlbl :  0.0006123633938841522
Dsc1_lbl :  0.36690589785575867  Dsc1_unlbl :  0.4392266571521759
Dsc2 :  0.6931102871894836  Dsc2_128 :  0.6931772232055664
0.5869186785100662 0.41646378786254495 0.22770824798128644 0.5835295867522745
0.41534671047185523 0.2629960620227325 0.12848237189047307 0.4119603073207441
0.6484410955728173 0.5743684005410747 0.19993883268499352 0.6032599060599028
Loss/valid 0.043319181248697144
Tr1 :  0.018787048757076263 Tr2 :  0.019501421600580215 Adv :  1.183176875114441 Adv2 :  0.6917764544487
2dec_lbl :  0.00029715042910538614  2dec_unlbl :  0.0006577405147254467
Dsc1_lbl :  0.38035887479782104  Dsc1_unlbl :  0.4411277174949646
Dsc2 :  0.6931167244911194  Dsc2_128 :  0.6931692361831665
0.569467761636217 0.4868300740003891 0.2160365022396572 0.5307258850374351
0.398081040303967 0.3217286212444287 0.12109917187816784 0.36121638544687584
0.644028540036482 0.5766212230025232 0.20314314319410232 0.5278058252920489
Loss/valid 0.04148780982667891
Tr1 :  0.018869386985898018 Tr2 :  0.019536947831511497 Adv :  1.173387050628662 Adv2 :  0.6917896270751953
2dec_lbl :  0.00029552131309174  2dec_unlbl :  0.0006422605947591364
Dsc1_lbl :  0.3846365213394165  Dsc1_unlbl :  0.4381429851055145
Dsc2 :  0.6931169033050537  Dsc2_128 :  0.6931828260421753
0.590236947518501 0.39961092925519803 0.15901605435249566 0.4883568428836521
0.4186781221706382 0.24969611237673842 0.08637557906381801 0.3230635752787418
0.6443999222185958 0.5610067860348066 0.20523943699487043 0.5055701323792208
Loss/valid 0.04449463404418046
Tr1 :  0.018664363771677017 Tr2 :  0.019256576895713806 Adv :  1.1542861461639404 Adv2 :  0.6918107271194458
2dec_lbl :  0.00029219166026450694  2dec_unlbl :  0.000628389825578779
Dsc1_lbl :  0.3864690959453583  Dsc1_unlbl :  0.4406510293483734
Dsc2 :  0.6931254267692566  Dsc2_128 :  0.6931604743003845
Epoch 26/75
0.6023311698296483 0.43159137539737946 0.28538669432993913 0.5516422732390229
0.4309541408004603 0.27517788963110906 0.16644376512546172 0.38087432617402034
0.6388821001872467 0.5773088713846193 0.20257852389150965 0.5713827902803617
Loss/valid 0.04115684672241774
Tr1 :  0.01824558712542057 Tr2 :  0.01945170760154724 Adv :  1.08116614818573 Adv2 :  0.6916250586509705
2dec_lbl :  0.0002804346731863916  2dec_unlbl :  0.0004986748099327087
Dsc1_lbl :  0.401371568441391  Dsc1_unlbl :  0.4761171340942383
Dsc2 :  0.6932010650634766  Dsc2_128 :  0.6931563019752502
0.5908720795026434 0.38558047317605665 0.2631573256052856 0.47305630892418954
0.4193175586884213 0.23883536266103725 0.15151477418471154 0.30980599460802455
0.6433397282749557 0.5822107109850998 0.19500375346130167 0.5850955853141826
Loss/valid 0.046024614361158456
Tr1 :  0.017536586150527 Tr2 :  0.01863452047109604 Adv :  1.1613140106201172 Adv2 :  0.6916886568069458
2dec_lbl :  0.0002727111568674445  2dec_unlbl :  0.0005289866239763796
Dsc1_lbl :  0.3894404470920563  Dsc1_unlbl :  0.43239626288414
Dsc2 :  0.6931716203689575  Dsc2_128 :  0.6932038068771362
0.6030819963218973 0.4662475887083902 0.2790349383501221 0.5688235002232916
0.4317232613037952 0.3039914299569068 0.16213864218871074 0.3974516772124469
0.6498926299760227 0.5716931762990826 0.20348860445689587 0.5948690166835755
saving model.......................................................................................
Loss/valid 0.04237978837344209
Tr1 :  0.017622055485844612 Tr2 :  0.018706053495407104 Adv :  1.138834834098816 Adv2 :  0.6916982531547546
2dec_lbl :  0.0002790355356410146  2dec_unlbl :  0.0005929663893766701
Dsc1_lbl :  0.4061796963214874  Dsc1_unlbl :  0.44022223353385925
Dsc2 :  0.6931439638137817  Dsc2_128 :  0.6931823492050171
0.6018435363023692 0.437017021787144 0.2573983393655525 0.5501679651204345
0.43045506846258497 0.2796044665098256 0.14770922419059254 0.3794701399090936
0.6332576022533247 0.5655766287709615 0.2029695771161294 0.5891570317104144
Loss/valid 0.04549650228519957
Tr1 :  0.01753753237426281 Tr2 :  0.018703289330005646 Adv :  1.1800514459609985 Adv2 :  0.6917067170143127
2dec_lbl :  0.00028228602604940534  2dec_unlbl :  0.0005728123360313475
Dsc1_lbl :  0.42259931564331055  Dsc1_unlbl :  0.431851327419281
Dsc2 :  0.6931375861167908  Dsc2_128 :  0.6931612491607666
0.5881064527613509 0.3918676012862422 0.2516643225503985 0.5433852067239896
0.4165373897427017 0.2436786931223275 0.14394508205513246 0.3730466072652502
0.6424316743733969 0.5832099051861492 0.1962978934245167 0.54546438039047
Loss/valid 0.04554982021798943
Tr1 :  0.017595430836081505 Tr2 :  0.018649745732545853 Adv :  1.1562869548797607 Adv2 :  0.6916875839233398
2dec_lbl :  0.00027821058756671846  2dec_unlbl :  0.0005686614313162863
Dsc1_lbl :  0.4266270399093628  Dsc1_unlbl :  0.4425660967826843
Dsc2 :  0.6931353807449341  Dsc2_128 :  0.6931599974632263
0.5487844095920436 0.4259446549978921 0.2606157591056617 0.49233084910121405
0.37815498484120663 0.2706033535290474 0.14983219519780233 0.3265509868711678
0.6365695124372138 0.5710154695326565 0.19787269457107318 0.512327523539473
Loss/valid 0.04815399804147091
Tr1 :  0.01753324642777443 Tr2 :  0.01855657435953617 Adv :  1.1672884225845337 Adv2 :  0.6916952133178711
2dec_lbl :  0.00027815077919512987  2dec_unlbl :  0.0005991526413708925
Dsc1_lbl :  0.4188227355480194  Dsc1_unlbl :  0.43851199746131897
Dsc2 :  0.6931325793266296  Dsc2_128 :  0.6931648850440979
Epoch 27/75
0.6005718906747993 0.006773415666889724 0.12178009761388287 0.5139227147264167
0.4291552289630604 0.003398216600224585 0.06483804024181178 0.3458250252656305
0.6238385082301209 0.4284655753598553 0.19324913100574878 0.5154997812474783
Loss/valid 0.05061502928330291
Tr1 :  0.02216671220958233 Tr2 :  0.019556459039449692 Adv :  1.3286000490188599 Adv2 :  0.6916030645370483
2dec_lbl :  0.0005422189133241773  2dec_unlbl :  0.001379399443976581
Dsc1_lbl :  0.4130029082298279  Dsc1_unlbl :  0.3653792440891266
Dsc2 :  0.6931500434875488  Dsc2_128 :  0.6932607293128967
0.5698964280326314 0.5049616229732543 0.20448948396410677 0.4989227509104968
0.3985001081066001 0.33775830154774733 0.11388932681696358 0.33237646577691093
0.620131769880559 0.5442897074389248 0.19881126099580324 0.4735343573406753
Loss/valid 0.04144096136535934
Tr1 :  0.023951059207320213 Tr2 :  0.020680880174040794 Adv :  1.1251720190048218 Adv2 :  0.6916810870170593
2dec_lbl :  0.0005393385072238743  2dec_unlbl :  0.0011380065698176622
Dsc1_lbl :  0.42677268385887146  Dsc1_unlbl :  0.42692452669143677
Dsc2 :  0.6931053996086121  Dsc2_128 :  0.6932533383369446
0.6074629842171491 0.40955425024782216 0.25203612853698615 0.49621289125259854
0.4362275309971907 0.25750909788129434 0.1441884083828555 0.32997549211997523
0.6482930174637662 0.5647076214499892 0.20258098882227435 0.508434718552843
Loss/valid 0.045363539088741946
Tr1 :  0.022079266607761383 Tr2 :  0.019974112510681152 Adv :  1.1041536331176758 Adv2 :  0.6917372941970825
2dec_lbl :  0.0004612240882124752  2dec_unlbl :  0.0009761946275830269
Dsc1_lbl :  0.39560359716415405  Dsc1_unlbl :  0.45614293217658997
Dsc2 :  0.6931077837944031  Dsc2_128 :  0.6932367086410522
0.5979887042851871 0.40395106348311527 0.2829454027112094 0.505737111605587
0.4265220302524764 0.25309440972698005 0.16478532666228368 0.33845256784032296
0.6482507631651754 0.5634710694692355 0.20378981907022564 0.5258689629286691
Loss/valid 0.0468416365702069
Tr1 :  0.020966362208127975 Tr2 :  0.0195295587182045 Adv :  1.1273143291473389 Adv2 :  0.6918015480041504
2dec_lbl :  0.0004039251653011888  2dec_unlbl :  0.0008735231822356582
Dsc1_lbl :  0.3956845998764038  Dsc1_unlbl :  0.4461820721626282
Dsc2 :  0.6931053996086121  Dsc2_128 :  0.6932337880134583
0.6002406750993209 0.45480449865390987 0.12624285928417966 0.5191342393020303
0.4288170576337554 0.2943345992514921 0.06737418448793842 0.35056130885040465
0.6596984267591237 0.4783456811135016 0.1941451521131322 0.5171454102133901
Loss/valid 0.040000002198861954
Tr1 :  0.020812099799513817 Tr2 :  0.019535202533006668 Adv :  1.1511497497558594 Adv2 :  0.6918991208076477
2dec_lbl :  0.000393091730074957  2dec_unlbl :  0.0008721982594579458
Dsc1_lbl :  0.406602144241333  Dsc1_unlbl :  0.4357248544692993
Dsc2 :  0.6930950284004211  Dsc2_128 :  0.6932418346405029
0.5976725781101958 0.3788143814317173 0.2628694636600485 0.5348726493691978
0.42620044989547484 0.23366502705980055 0.15132395531650808 0.3650690495532088
0.6488478258469146 0.5269763904187061 0.19950098033112926 0.5459879453052326
Loss/valid 0.04584064461102701
Tr1 :  0.020893491804599762 Tr2 :  0.019755441695451736 Adv :  1.1156452894210815 Adv2 :  0.6919899582862854
2dec_lbl :  0.00039313093293458223  2dec_unlbl :  0.0009041366283781826
Dsc1_lbl :  0.3989018201828003  Dsc1_unlbl :  0.4551859200000763
Dsc2 :  0.6931076645851135  Dsc2_128 :  0.6932318210601807
Epoch 28/75
0.5982785870959353 0.48579262458030836 0.24962439624023738 0.5329797579780035
0.42681704195160364 0.3208230474017218 0.1426119032418245 0.36330770545019647
0.6430623205420009 0.5643624724185385 0.20532835337766672 0.5565850961565791
Loss/valid 0.04247652726430066
Tr1 :  0.01842181198298931 Tr2 :  0.019225813448429108 Adv :  1.096843957901001 Adv2 :  0.6923327445983887
2dec_lbl :  0.0002859555825125426  2dec_unlbl :  0.0007672803476452827
Dsc1_lbl :  0.4524458944797516  Dsc1_unlbl :  0.4408816695213318
Dsc2 :  0.693235456943512  Dsc2_128 :  0.6930091381072998
0.5924944468259227 0.3929024418367438 0.26222943855065745 0.5236812903317005
0.42095354117060746 0.24447952138374845 0.15089991991345034 0.3547210279881651
0.6439236659350787 0.5603828873840405 0.2143156818701182 0.5647700059528697
Loss/valid 0.04641366768318481
Tr1 :  0.018222495913505554 Tr2 :  0.018862156197428703 Adv :  1.180280327796936 Adv2 :  0.692169725894928
2dec_lbl :  0.0002884533896576613  2dec_unlbl :  0.0008624795009382069
Dsc1_lbl :  0.39645808935165405  Dsc1_unlbl :  0.40664178133010864
Dsc2 :  0.6931868195533752  Dsc2_128 :  0.6930997967720032
0.5278191400368077 0.4289089916088149 0.16957785207636783 0.5618475166086682
0.35852873406464775 0.2730007296318388 0.09264412161354751 0.3906731192256929
0.637159555946621 0.5782222722983569 0.20636074271449897 0.5725075761933442
Loss/valid 0.05033922655434253
Tr1 :  0.01793719083070755 Tr2 :  0.018586769700050354 Adv :  1.1966382265090942 Adv2 :  0.6921014785766602
2dec_lbl :  0.0002682530612219125  2dec_unlbl :  0.0007307872292585671
Dsc1_lbl :  0.3823849558830261  Dsc1_unlbl :  0.40556925535202026
Dsc2 :  0.6931827664375305  Dsc2_128 :  0.6930863261222839
0.5609977739722591 0.4038264470761026 0.2545077119891863 0.5141880392041787
0.38985191532389224 0.25299657818309707 0.14580855712586774 0.3460653519902831
0.6500236868690328 0.581300505696029 0.20287715300789685 0.5676295718854684
Loss/valid 0.0478257638922709
Tr1 :  0.017788171768188477 Tr2 :  0.018436020240187645 Adv :  1.2024716138839722 Adv2 :  0.6920103430747986
2dec_lbl :  0.0002602821041364223  2dec_unlbl :  0.0006947902729734778
Dsc1_lbl :  0.3803357481956482  Dsc1_unlbl :  0.4254857003688812
Dsc2 :  0.6931692361831665  Dsc2_128 :  0.693071722984314
0.5464648112365977 0.42135302396820795 0.2586104764322586 0.48036418723037766
0.37595568064747276 0.2669076939718044 0.14850811546311596 0.3161048082664535
0.6456686032056425 0.5757427150950873 0.20990143263047442 0.5338900512493078
Loss/valid 0.05048533098964266
Tr1 :  0.01800699718296528 Tr2 :  0.018527688458561897 Adv :  1.2061463594436646 Adv2 :  0.6919524669647217
2dec_lbl :  0.00026445320690982044  2dec_unlbl :  0.0006375460652634501
Dsc1_lbl :  0.3888697028160095  Dsc1_unlbl :  0.43178120255470276
Dsc2 :  0.693168044090271  Dsc2_128 :  0.6930796504020691
0.5953024204664497 0.4509274580541048 0.26361622931620265 0.47377116647480894
0.4237940102837854 0.2910951203664511 0.15181910460519285 0.3104194836763246
0.6360614605899582 0.578169706123622 0.2040865623302125 0.47865133310401325
Loss/valid 0.04288902500862995
Tr1 :  0.018021298572421074 Tr2 :  0.018584325909614563 Adv :  1.2092753648757935 Adv2 :  0.691933810710907
2dec_lbl :  0.0002643017505761236  2dec_unlbl :  0.00062563520623371
Dsc1_lbl :  0.3886300027370453  Dsc1_unlbl :  0.4384193420410156
Dsc2 :  0.693175196647644  Dsc2_128 :  0.6931032538414001
Epoch 29/75
0.5971217048108332 0.39957515742330046 0.2594910011248594 0.517655044397346
0.4256404186011846 0.24966817984403483 0.14908914650401905 0.3492136175461877
0.648930523670123 0.5856770345937377 0.2033418381086431 0.539171232267567
Loss/valid 0.04682951951524826
Tr1 :  0.017187893390655518 Tr2 :  0.0175151526927948 Adv :  1.3533188104629517 Adv2 :  0.6917827129364014
2dec_lbl :  0.0002313926088390872  2dec_unlbl :  0.0007706509786657989
Dsc1_lbl :  0.35333022475242615  Dsc1_unlbl :  0.4198877513408661
Dsc2 :  0.6931910514831543  Dsc2_128 :  0.69322270154953
0.5628708868573328 0.3809367031952053 0.2232257541136545 0.533480204453925
0.39166340846471687 0.2352821560139002 0.12563540620339086 0.3637729310399644
0.6369373068616314 0.5629445143629707 0.20287113692122902 0.5382732998847762
Loss/valid 0.04700251005507588
Tr1 :  0.017670992761850357 Tr2 :  0.017992770299315453 Adv :  1.3724863529205322 Adv2 :  0.6919217109680176
2dec_lbl :  0.0002490438928361982  2dec_unlbl :  0.0007089615100994706
Dsc1_lbl :  0.3933684825897217  Dsc1_unlbl :  0.44163551926612854
Dsc2 :  0.6930729150772095  Dsc2_128 :  0.6933093070983887
0.6117687724283247 0.4262316833276551 0.25963004060529943 0.5321155780260405
0.4406821862799067 0.2708350897728713 0.1491809481103653 0.36250509240398504
0.6453954192296198 0.5723905263593358 0.21181988100773316 0.5646724455356105
Loss/valid 0.04534225690261857
Tr1 :  0.017924821004271507 Tr2 :  0.01805892400443554 Adv :  1.3359302282333374 Adv2 :  0.6921509504318237
2dec_lbl :  0.00027474749367684126  2dec_unlbl :  0.0007193354540504515
Dsc1_lbl :  0.3908850848674774  Dsc1_unlbl :  0.43718528747558594
Dsc2 :  0.6930246949195862  Dsc2_128 :  0.6933248043060303
0.5632779491597357 0.3615524785517657 0.23732198905346166 0.510776417770093
0.39205770443232474 0.2206677197889055 0.13463717569496564 0.3429816878170004
0.6114197158231093 0.5769880350842119 0.2070373962179714 0.5782323384129636
Loss/valid 0.047216660645225214
Tr1 :  0.01812036521732807 Tr2 :  0.01885269582271576 Adv :  1.3784840106964111 Adv2 :  0.6922959685325623
2dec_lbl :  0.00030214767321012914  2dec_unlbl :  0.0006948673981241882
Dsc1_lbl :  0.3876039683818817  Dsc1_unlbl :  0.42598456144332886
Dsc2 :  0.6930405497550964  Dsc2_128 :  0.6932987570762634
0.5854871983790753 0.49010149294190847 0.2868933068512698 0.5517720041766477
0.4139143864291304 0.32459234223420047 0.1674696082845565 0.3809980236315981
0.6398609916758058 0.5831545714654374 0.2076314260807762 0.5604775517281929
Loss/valid 0.04106127581134648
Tr1 :  0.017956683412194252 Tr2 :  0.018722400069236755 Adv :  1.3730663061141968 Adv2 :  0.6924030184745789
2dec_lbl :  0.0002882969274651259  2dec_unlbl :  0.0006708801374770701
Dsc1_lbl :  0.38827797770500183  Dsc1_unlbl :  0.43400856852531433
Dsc2 :  0.6930662393569946  Dsc2_128 :  0.6932619214057922
0.6007247240183117 0.4014326399845713 0.2754654931518567 0.5109866277835712
0.42931132589108445 0.2511202530625277 0.15973324514991183 0.34317128194957486
0.6320045966164111 0.5229265312197902 0.19325205813723106 0.551889771910635
Loss/valid 0.04529657220103088
Tr1 :  0.01781158335506916 Tr2 :  0.01855017989873886 Adv :  1.3351819515228271 Adv2 :  0.6924360990524292
2dec_lbl :  0.00028334520175121725  2dec_unlbl :  0.0006846759933978319
Dsc1_lbl :  0.40002506971359253  Dsc1_unlbl :  0.434456467628479
Dsc2 :  0.6930890679359436  Dsc2_128 :  0.6932364106178284
Epoch 30/75
0.5554275020363652 0.4778080490432366 0.21638978461705918 0.5553685790728926
0.3844926459691933 0.3138947415553693 0.12132122968952629 0.3844361759184768
0.641040352794599 0.5535031493536989 0.19538766770184485 0.5741295667669254
Loss/valid 0.04505448270067193
Tr1 :  0.017915010452270508 Tr2 :  0.018833883106708527 Adv :  1.2084194421768188 Adv2 :  0.6927900910377502
2dec_lbl :  0.00024695435422472656  2dec_unlbl :  0.0007119702058844268
Dsc1_lbl :  0.44291266798973083  Dsc1_unlbl :  0.38114863634109497
Dsc2 :  0.6931802034378052  Dsc2_128 :  0.6931291222572327
0.5668785343586673 0.5191190910555178 0.23561972298038417 0.5002085042844266
0.3955551207273173 0.350547493670863 0.13354248290419118 0.3335186962410196
0.647315510028488 0.5535374350633666 0.19625896824724653 0.5251757247724225
Loss/valid 0.04204440934482331
Tr1 :  0.018131667748093605 Tr2 :  0.018392154946923256 Adv :  1.2145634889602661 Adv2 :  0.6926892399787903
2dec_lbl :  0.0002786304394248873  2dec_unlbl :  0.0007198609528131783
Dsc1_lbl :  0.41246259212493896  Dsc1_unlbl :  0.3891027569770813
Dsc2 :  0.6931880116462708  Dsc2_128 :  0.6931136846542358
0.6078107192926746 0.409472112064998 0.265011102551321 0.5222246106811885
0.4365862657582495 0.25744415748448124 0.15274512876769578 0.35338564605674666
0.6550058872175705 0.5435179011496158 0.2024083825451725 0.5277384394846238
Loss/valid 0.044248297114076456
Tr1 :  0.019144855439662933 Tr2 :  0.0186198391020298 Adv :  1.2758493423461914 Adv2 :  0.6926071643829346
2dec_lbl :  0.0003464164910838008  2dec_unlbl :  0.001049198443070054
Dsc1_lbl :  0.3993767201900482  Dsc1_unlbl :  0.4066559374332428
Dsc2 :  0.6931806206703186  Dsc2_128 :  0.6931139230728149
0.5935251690934866 0.33773254208126124 0.2681949699532606 0.47533970608300624
0.4219948740290948 0.20317581293694048 0.154864413314484 0.311767616681231
0.6306122732875005 0.5557287368322628 0.2042506020682144 0.5804304626444177
Loss/valid 0.04984143124137778
Tr1 :  0.018845275044441223 Tr2 :  0.01848279871046543 Adv :  1.2847305536270142 Adv2 :  0.6925476789474487
2dec_lbl :  0.00033210573019459844  2dec_unlbl :  0.0009048536303453147
Dsc1_lbl :  0.39418095350265503  Dsc1_unlbl :  0.4193490743637085
Dsc2 :  0.6931734681129456  Dsc2_128 :  0.6931228041648865
0.6147842906008554 0.4199287588171523 0.24222443711824992 0.52864516650719
0.4438184511115067 0.26576571224901985 0.13780168653678396 0.3592914193595662
0.651358902140736 0.5568268295600028 0.20309612140818228 0.5568661693965201
Loss/valid 0.044633728389044336
Tr1 :  0.018782930448651314 Tr2 :  0.01864125207066536 Adv :  1.3004504442214966 Adv2 :  0.6924616098403931
2dec_lbl :  0.0003166796814184636  2dec_unlbl :  0.0008111881907097995
Dsc1_lbl :  0.40064918994903564  Dsc1_unlbl :  0.409726619720459
Dsc2 :  0.6931843757629395  Dsc2_128 :  0.6931024789810181
0.6101184428841963 0.42319430230267574 0.2371505976914089 0.5394619237990977
0.4389715366468178 0.2683870960896984 0.1345268616711339 0.3693583430582833
0.6451975209692974 0.5456184322619532 0.2025618729897071 0.5738829125351899
Loss/valid 0.044149962248509055
Tr1 :  0.01887328177690506 Tr2 :  0.018620634451508522 Adv :  1.2702146768569946 Adv2 :  0.6924015283584595
2dec_lbl :  0.00032897136406973004  2dec_unlbl :  0.0007609018357470632
Dsc1_lbl :  0.4006139636039734  Dsc1_unlbl :  0.4076513350009918
Dsc2 :  0.6931715607643127  Dsc2_128 :  0.6931142210960388
Epoch 31/75
0.55575217238702 0.09016083827521461 0.1005656819610308 0.30495719348922945
0.384803883212727 0.04720860273583975 0.05294506949040371 0.17991120478955983
0.6388436127258631 0.4048407005851673 0.16918536818805596 0.5509926727056866
Loss/valid 0.06221105481553683
Tr1 :  0.022047782316803932 Tr2 :  0.01914309337735176 Adv :  1.146250605583191 Adv2 :  0.6922644972801208
2dec_lbl :  0.00046083665802143514  2dec_unlbl :  0.0011931083863601089
Dsc1_lbl :  0.4717649519443512  Dsc1_unlbl :  0.41807445883750916
Dsc2 :  0.6931276321411133  Dsc2_128 :  0.693148672580719
0.5851848062412073 0.35651552339088644 0.23993059542491166 0.544567999005164
0.41361218682316014 0.21692661443718653 0.13631882629244108 0.37416244704866575
0.6457235031452969 0.5456558903792598 0.20645909757734981 0.5567679998654151
Loss/valid 0.04978434355582197
Tr1 :  0.02122175134718418 Tr2 :  0.01903393305838108 Adv :  1.0291048288345337 Adv2 :  0.6921619772911072
2dec_lbl :  0.0004222033603582531  2dec_unlbl :  0.0012704416876658797
Dsc1_lbl :  0.40487900376319885  Dsc1_unlbl :  0.46064239740371704
Dsc2 :  0.6931290626525879  Dsc2_128 :  0.6931260228157043
0.5996594810364697 0.4207818487105524 0.25511227536077974 0.5304287509161345
0.42822404473471287 0.26644947587955453 0.14620555337652325 0.3609411597068227
0.6449500316425154 0.5597365949883515 0.20156703265758213 0.539638199130744
Loss/valid 0.0468993423372532
Tr1 :  0.020007891580462456 Tr2 :  0.018654337152838707 Adv :  1.1287974119186401 Adv2 :  0.6919942498207092
2dec_lbl :  0.0003613388107623905  2dec_unlbl :  0.0010553824249655008
Dsc1_lbl :  0.4001692533493042  Dsc1_unlbl :  0.42740973830223083
Dsc2 :  0.6931788921356201  Dsc2_128 :  0.6930887699127197
0.5559396848836372 0.39860829094632155 0.14600358004513972 0.4392516572868136
0.38498370120976527 0.2489136722094521 0.07875073461506171 0.28143656812937806
0.6367333663377214 0.46794651515396346 0.1785630787228922 0.507994295679767
Loss/valid 0.04696670801341237
Tr1 :  0.01966211386024952 Tr2 :  0.018684931099414825 Adv :  1.1865254640579224 Adv2 :  0.691899299621582
2dec_lbl :  0.00034447284997440875  2dec_unlbl :  0.0009674571338109672
Dsc1_lbl :  0.40662485361099243  Dsc1_unlbl :  0.4047833979129791
Dsc2 :  0.6931247711181641  Dsc2_128 :  0.6931346654891968
0.561881752530984 0.3440641713703011 0.22067988668555238 0.44109296791663244
0.3907062256666691 0.2077762709289388 0.12402483680942525 0.28295014316995115
0.6415985939487518 0.5513038167246253 0.18796060781430787 0.535829379502084
Loss/valid 0.04837636315083468
Tr1 :  0.020101036876440048 Tr2 :  0.019364116713404655 Adv :  1.144463300704956 Adv2 :  0.6918743252754211
2dec_lbl :  0.00033424232969991863  2dec_unlbl :  0.0009263732354156673
Dsc1_lbl :  0.40382930636405945  Dsc1_unlbl :  0.43735793232917786
Dsc2 :  0.6931318640708923  Dsc2_128 :  0.6931523084640503
0.6051493870260615 0.4226588923597459 0.2745968754709399 0.4759930292650682
0.4338453031438487 0.267956556963164 0.15914940199606378 0.31232995544339737
0.6323808137066768 0.5484142814462521 0.19878715948338613 0.5269571565037355
Loss/valid 0.046197251434770284
Tr1 :  0.019867103546857834 Tr2 :  0.01931869238615036 Adv :  1.1507761478424072 Adv2 :  0.6919059157371521
2dec_lbl :  0.00032843652297742665  2dec_unlbl :  0.0009007311891764402
Dsc1_lbl :  0.39092105627059937  Dsc1_unlbl :  0.4332582950592041
Dsc2 :  0.6931305527687073  Dsc2_128 :  0.6931523680686951
Epoch 32/75
0.6037382365526383 0.44337285127427906 0.19988024293575887 0.5099460169048798
0.43239616836746436 0.2848291908805721 0.11103719191535195 0.34223324972805813
0.6474459897401519 0.561473516911366 0.19587679478881978 0.5497670190267439
Loss/valid 0.04130215348011136
Tr1 :  0.017493613064289093 Tr2 :  0.017841236665844917 Adv :  1.2100244760513306 Adv2 :  0.6920944452285767
2dec_lbl :  0.0002921641862485558  2dec_unlbl :  0.0007452110294252634
Dsc1_lbl :  0.4056151509284973  Dsc1_unlbl :  0.4228892922401428
Dsc2 :  0.6932126879692078  Dsc2_128 :  0.6932034492492676
0.6114184497890968 0.4779821104647526 0.24694568470634415 0.5260213880781482
0.4403187192687618 0.31404500154114867 0.14086596322315206 0.35687179164173466
0.6495142895527747 0.5643891833384411 0.19861710066260382 0.5413851396113278
Loss/valid 0.04130734054677175
Tr1 :  0.01722278632223606 Tr2 :  0.017634820193052292 Adv :  1.231958031654358 Adv2 :  0.6920709013938904
2dec_lbl :  0.00027603248599916697  2dec_unlbl :  0.0008090546471066773
Dsc1_lbl :  0.3599371910095215  Dsc1_unlbl :  0.39504894614219666
Dsc2 :  0.6931930184364319  Dsc2_128 :  0.6931080222129822
0.6089547603776853 0.45513197622348084 0.2443539610921585 0.5133404482390609
0.4377677612721092 0.2946089693221071 0.139181791589475 0.34529791816223976
0.6515971140945354 0.5661732618500965 0.19632148675326372 0.524950748839275
Loss/valid 0.037630462952327956
Tr1 :  0.017189932987093925 Tr2 :  0.017621275037527084 Adv :  1.2556167840957642 Adv2 :  0.6919988989830017
2dec_lbl :  0.0002734029258135706  2dec_unlbl :  0.0007534581236541271
Dsc1_lbl :  0.3610907196998596  Dsc1_unlbl :  0.39689356088638306
Dsc2 :  0.6931815147399902  Dsc2_128 :  0.6931002140045166
0.6018474367391129 0.42696753652447456 0.2514267825751921 0.5187596920040547
0.43045905901387077 0.271429577226343 0.14378967953396773 0.35021980512123274
0.641528477592524 0.5561861368551294 0.20010626755938996 0.5589729908313493
Loss/valid 0.04313988677306822
Tr1 :  0.017402352765202522 Tr2 :  0.01794489100575447 Adv :  1.273459792137146 Adv2 :  0.6919866800308228
2dec_lbl :  0.00026981302653439343  2dec_unlbl :  0.000724420475307852
Dsc1_lbl :  0.37298285961151123  Dsc1_unlbl :  0.4142082631587982
Dsc2 :  0.6931591629981995  Dsc2_128 :  0.6930880546569824
0.4815816183804479 0.4206570489260474 0.21008722032612814 0.34032108380963944
0.3171600292844128 0.26634940095816473 0.1173728813559322 0.20505236313468092
0.6262896220260468 0.5573908219683892 0.20270759605512284 0.4346747533117758
Loss/valid 0.05076102234547112
Tr1 :  0.018108755350112915 Tr2 :  0.018051981925964355 Adv :  1.2531598806381226 Adv2 :  0.6919767260551453
2dec_lbl :  0.00031084701186046004  2dec_unlbl :  0.0007257682154886425
Dsc1_lbl :  0.3819979131221771  Dsc1_unlbl :  0.41124802827835083
Dsc2 :  0.693177342414856  Dsc2_128 :  0.6930936574935913
0.5948407177183386 0.36830906817364417 0.17490346334600534 0.4605720606826801
0.42332618459627686 0.22572232338228104 0.09583244493283692 0.2991839039162347
0.6603749134364723 0.5566170483383306 0.18899069564979845 0.5461903033231339
Loss/valid 0.051000694895524896
Tr1 :  0.01833301968872547 Tr2 :  0.0181425753980875 Adv :  1.3002464771270752 Adv2 :  0.6919299960136414
2dec_lbl :  0.0003175272431690246  2dec_unlbl :  0.0006944282213225961
Dsc1_lbl :  0.37062373757362366  Dsc1_unlbl :  0.41830575466156006
Dsc2 :  0.6931917667388916  Dsc2_128 :  0.6930791735649109
Epoch 33/75
0.6103352219534749 0.4611854782992533 0.27581785982029355 0.5579560514069097
0.4391960072640204 0.2997017975821652 0.15997025684974667 0.3869202821115623
0.6511519303731659 0.5610861773972524 0.2092886305442089 0.5662064722656529
Loss/valid 0.040983328997786624
Tr1 :  0.018246909603476524 Tr2 :  0.0186274703592062 Adv :  1.1081658601760864 Adv2 :  0.6916238069534302
2dec_lbl :  0.000273729587206617  2dec_unlbl :  0.0006580453482456505
Dsc1_lbl :  0.3384794592857361  Dsc1_unlbl :  0.4639405906200409
Dsc2 :  0.6931277513504028  Dsc2_128 :  0.6932358145713806
0.6032833155455661 0.40097770647750364 0.23147915868971072 0.5083433515440421
0.43192962628724685 0.2507643002238495 0.13088856703447657 0.3407911278176772
0.6430419121410385 0.5687919514640655 0.20505127202280085 0.5498456247199378
Loss/valid 0.045598212943234885
Tr1 :  0.017880959436297417 Tr2 :  0.018393483012914658 Adv :  1.3646126985549927 Adv2 :  0.6917440891265869
2dec_lbl :  0.0002698505704756826  2dec_unlbl :  0.0006416217656806111
Dsc1_lbl :  0.3433785140514374  Dsc1_unlbl :  0.425266832113266
Dsc2 :  0.6931073665618896  Dsc2_128 :  0.6932041049003601
0.6000753259925089 0.520508483403092 0.28352891654089796 0.5347823339862261
0.4286482959648855 0.3518157945240224 0.16518129508451665 0.36498490728762395
0.6430284248362464 0.5686744920351352 0.20914162098470265 0.5522512136243358
Loss/valid 0.03975485046005035
Tr1 :  0.018081041052937508 Tr2 :  0.01888381689786911 Adv :  1.4065996408462524 Adv2 :  0.6917250156402588
2dec_lbl :  0.0002720702614169568  2dec_unlbl :  0.0006249878788366914
Dsc1_lbl :  0.3608753979206085  Dsc1_unlbl :  0.4213675558567047
Dsc2 :  0.6931199431419373  Dsc2_128 :  0.6932191848754883
0.6108268623232778 0.4474879954249504 0.2853364734952319 0.55171449869549
0.43970535115934894 0.2882348053388714 0.16640960111682784 0.38094318986038733
0.6433837689197822 0.5665597351997476 0.20568789052046157 0.58019891312439
Loss/valid 0.04272474869406194
Tr1 :  0.018428027629852295 Tr2 :  0.019424311816692352 Adv :  1.3905625343322754 Adv2 :  0.6917794346809387
2dec_lbl :  0.0002908456663135439  2dec_unlbl :  0.0006316725048236549
Dsc1_lbl :  0.35705241560935974  Dsc1_unlbl :  0.41473978757858276
Dsc2 :  0.6931260228157043  Dsc2_128 :  0.6931830644607544
0.5965196301874827 0.42624516502629284 0.27970637712188406 0.5523003985950007
0.425028837608301 0.27084597648490416 0.16259223042048182 0.3815020727083094
0.6535530684877341 0.527829046947051 0.21447427184042736 0.5743226833807283
Loss/valid 0.04641400940866853
Tr1 :  0.018242400139570236 Tr2 :  0.019109634682536125 Adv :  1.3950423002243042 Adv2 :  0.6918210983276367
2dec_lbl :  0.00027998184668831527  2dec_unlbl :  0.000601563195232302
Dsc1_lbl :  0.3574156165122986  Dsc1_unlbl :  0.4085024893283844
Dsc2 :  0.6931339502334595  Dsc2_128 :  0.6931757926940918
0.6011089919048697 0.4375673350517329 0.247543356270472 0.45206486062803114
0.42970395007642487 0.2800551632516086 0.1412550531028587 0.29204380024052157
0.6436536376390767 0.5580456513331686 0.2111011568987864 0.5806717192147614
Loss/valid 0.04227212329247517
Tr1 :  0.018182232975959778 Tr2 :  0.01900920830667019 Adv :  1.3995229005813599 Adv2 :  0.6918541789054871
2dec_lbl :  0.0002796114422380924  2dec_unlbl :  0.000638583383988589
Dsc1_lbl :  0.3707379698753357  Dsc1_unlbl :  0.40770116448402405
Dsc2 :  0.6931049823760986  Dsc2_128 :  0.6931944489479065
Epoch 34/75
0.5509073343143592 0.4254606351807629 0.26964211601698435 0.4245942252785709
0.38017398566688376 0.27021276488035423 0.155830258302583 0.269514198875937
0.6044485829116139 0.5006854418541677 0.20116713547341256 0.41607105688104423
Loss/valid 0.04110738819378769
Tr1 :  0.02271581068634987 Tr2 :  0.018334973603487015 Adv :  1.0447031259536743 Adv2 :  0.6922078728675842
2dec_lbl :  0.0005962590221315622  2dec_unlbl :  0.001601186115294695
Dsc1_lbl :  0.45615050196647644  Dsc1_unlbl :  0.48320817947387695
Dsc2 :  0.6932034492492676  Dsc2_128 :  0.6929498314857483
0.6077990149256776 0.4130513822141273 0.2851370274054811 0.5082192362694153
0.4365741882399475 0.26028024952088297 0.1662739425611833 0.3406795747911921
0.6495421232468024 0.5621902694327727 0.211215940428684 0.5488660780225808
Loss/valid 0.04114406312831826
Tr1 :  0.02118644304573536 Tr2 :  0.019076664000749588 Adv :  1.1364928483963013 Adv2 :  0.6920984387397766
2dec_lbl :  0.00044251917279325426  2dec_unlbl :  0.0013936678878962994
Dsc1_lbl :  0.38967129588127136  Dsc1_unlbl :  0.4389292299747467
Dsc2 :  0.6931500434875488  Dsc2_128 :  0.6929897665977478
0.5757942435916859 0.4372221606486003 0.20440151537060064 0.47413428034383615
0.40429147333582877 0.27977243446839556 0.11383475599935577 0.3107313272957445
0.6372784977576864 0.5602274091410343 0.2073169489246149 0.5394612602840456
Loss/valid 0.0446006759658368
Tr1 :  0.02021096833050251 Tr2 :  0.018819667398929596 Adv :  1.2357820272445679 Adv2 :  0.692015528678894
2dec_lbl :  0.0003835536481346935  2dec_unlbl :  0.0011383095989003778
Dsc1_lbl :  0.40422970056533813  Dsc1_unlbl :  0.45526665449142456
Dsc2 :  0.693193256855011  Dsc2_128 :  0.6929292678833008
0.5602478700754373 0.43465933531271117 0.21484934430372638 0.46577749011812025
0.3891280022657734 0.27767715048758657 0.12035362036148559 0.3035918760923281
0.6511389732103657 0.5533788595067891 0.20758913082540997 0.5501898267956373
Loss/valid 0.04499373795223554
Tr1 :  0.019307715818285942 Tr2 :  0.018354563042521477 Adv :  1.2712409496307373 Adv2 :  0.6920197606086731
2dec_lbl :  0.00035009245038963854  2dec_unlbl :  0.0009852137882262468
Dsc1_lbl :  0.3854118287563324  Dsc1_unlbl :  0.43254807591438293
Dsc2 :  0.6931013464927673  Dsc2_128 :  0.692990779876709
0.5082969781983582 0.32994840426773747 0.23011318348477602 0.51420022652526
0.3407494459483294 0.1975677907861679 0.13001576221571717 0.34607639313521665
0.6382608638639196 0.5617376159741402 0.20415233426535837 0.5136440771217399
Loss/valid 0.051939448274229756
Tr1 :  0.01876017078757286 Tr2 :  0.018102170899510384 Adv :  1.2994027137756348 Adv2 :  0.692046046257019
2dec_lbl :  0.0003308673622086644  2dec_unlbl :  0.0009441549773328006
Dsc1_lbl :  0.38030532002449036  Dsc1_unlbl :  0.4268301725387573
Dsc2 :  0.6931053996086121  Dsc2_128 :  0.6930144429206848
0.5924586097848329 0.4101981526910881 0.28812822387794224 0.46291661386389554
0.4209173626462703 0.25801841492726807 0.16831180226047404 0.30116558284295036
0.6519743089938945 0.5588311978631224 0.21037450606833752 0.5582848482608173
Loss/valid 0.04493651812789982
Tr1 :  0.018532274290919304 Tr2 :  0.018081463873386383 Adv :  1.3353774547576904 Adv2 :  0.692085325717926
2dec_lbl :  0.00031697298982180655  2dec_unlbl :  0.0008684583590365946
Dsc1_lbl :  0.3754153549671173  Dsc1_unlbl :  0.42791232466697693
Dsc2 :  0.6930559277534485  Dsc2_128 :  0.6930592060089111
Epoch 35/75
0.5289459558053504 0.3913039848680901 0.22170239700580677 0.5349380075760752
0.3595693563351915 0.2432429627396099 0.1246711442632084 0.365129946952639
0.6420294806236331 0.56154066445271 0.2052150263665549 0.5794191675955589
Loss/valid 0.04734080322379798
Tr1 :  0.01725025288760662 Tr2 :  0.017959777265787125 Adv :  1.7355663776397705 Adv2 :  0.6922938823699951
2dec_lbl :  0.00025942278443835676  2dec_unlbl :  0.0004595748905558139
Dsc1_lbl :  0.3426632583141327  Dsc1_unlbl :  0.33812564611434937
Dsc2 :  0.6925493478775024  Dsc2_128 :  0.693583071231842
0.541120586933693 0.3852723767243649 0.1565060584010883 0.4852142040701647
0.37091522581455394 0.23859898794745435 0.08489643218753753 0.3203186915099907
0.6164532146610621 0.5601631131223399 0.19238127332244187 0.468640409938443
Loss/valid 0.046494281278488155
Tr1 :  0.018916619941592216 Tr2 :  0.018968820571899414 Adv :  1.7081319093704224 Adv2 :  0.6925250291824341
2dec_lbl :  0.00027426949236541986  2dec_unlbl :  0.000638407189399004
Dsc1_lbl :  0.39291781187057495  Dsc1_unlbl :  0.3762010633945465
Dsc2 :  0.69270259141922  Dsc2_128 :  0.693568766117096
0.6052341666995611 0.4556587419056048 0.22894019942341767 0.47349850783387215
0.433932458230206 0.29505055279547127 0.12926734565873182 0.31018542088810597
0.6481710808568498 0.5752091781627077 0.20204260524889897 0.5502201254916377
Loss/valid 0.0434330790331582
Tr1 :  0.01786721497774124 Tr2 :  0.018057115375995636 Adv :  1.5700396299362183 Adv2 :  0.6926447749137878
2dec_lbl :  0.0002609482908155769  2dec_unlbl :  0.0006106220535002649
Dsc1_lbl :  0.38653355836868286  Dsc1_unlbl :  0.3879372477531433
Dsc2 :  0.6927741169929504  Dsc2_128 :  0.6935005187988281
0.6024976297089831 0.34800781797014696 0.24646559849198868 0.5538970501358749
0.4311245852008956 0.21065948238480112 0.14055361461972588 0.3830273980064274
0.6410404911212984 0.5758262728908822 0.2025888824828163 0.5785223005678161
Loss/valid 0.04629240146284376
Tr1 :  0.017544696107506752 Tr2 :  0.01787639781832695 Adv :  1.4944918155670166 Adv2 :  0.6927480697631836
2dec_lbl :  0.000254602637141943  2dec_unlbl :  0.0005913091590628028
Dsc1_lbl :  0.37648656964302063  Dsc1_unlbl :  0.39318859577178955
Dsc2 :  0.692841649055481  Dsc2_128 :  0.6934062838554382
0.6170637011201104 0.4244742566608391 0.21921264208483504 0.5825166502063865
0.4461982100114819 0.2694175315480473 0.12309871872713403 0.41095131755247877
0.6519303659172837 0.5807290570427175 0.20647253105854593 0.6080125633075136
Loss/valid 0.04256095248521368
Tr1 :  0.017576677724719048 Tr2 :  0.017999304458498955 Adv :  1.4432663917541504 Adv2 :  0.6928160786628723
2dec_lbl :  0.0002585886977612972  2dec_unlbl :  0.0005915186484344304
Dsc1_lbl :  0.3830597698688507  Dsc1_unlbl :  0.3932991921901703
Dsc2 :  0.6928943991661072  Dsc2_128 :  0.693324089050293
0.6218449672286811 0.4647380108760099 0.2905346475227654 0.5221030331060618
0.4512155399369105 0.30270925364418505 0.16995644111870617 0.3532743112690417
0.6611824873624343 0.5565759378529629 0.21123076190345802 0.5953289854935635
Loss/valid 0.041329751829347776
Tr1 :  0.0176886897534132 Tr2 :  0.01823369786143303 Adv :  1.4035924673080444 Adv2 :  0.6928431391716003
2dec_lbl :  0.00026283401530236006  2dec_unlbl :  0.0006407513283193111
Dsc1_lbl :  0.3755273222923279  Dsc1_unlbl :  0.39855578541755676
Dsc2 :  0.6929854154586792  Dsc2_128 :  0.6933262348175049
Epoch 36/75
0.5655652341031155 0.4757129077386641 0.20389632779725303 0.528901464952183
0.394277416825919 0.3120887857371583 0.11352146925193575 0.35952823849083065
0.6328770478518579 0.5798214088195301 0.20254995929029954 0.5836426196838524
Loss/valid 0.040370264723021264
Tr1 :  0.027018863707780838 Tr2 :  0.02136867493391037 Adv :  1.207839012145996 Adv2 :  0.6927238702774048
2dec_lbl :  0.0004313760146033019  2dec_unlbl :  0.0012344249989837408
Dsc1_lbl :  0.4786062240600586  Dsc1_unlbl :  0.4778705835342407
Dsc2 :  0.6932740211486816  Dsc2_128 :  0.6930816769599915
0.6055392002743876 0.44534429726902725 0.2399311399170082 0.559678391489312
0.43424612609658114 0.28645847211489783 0.13631917782222158 0.3885787647579813
0.6494140075639189 0.5717225989065227 0.20501744144651063 0.5730018729687426
Loss/valid 0.04068182491648388
Tr1 :  0.022833488881587982 Tr2 :  0.019948087632656097 Adv :  1.3342512845993042 Adv2 :  0.692584753036499
2dec_lbl :  0.0003540892503224313  2dec_unlbl :  0.0009928727522492409
Dsc1_lbl :  0.4107314646244049  Dsc1_unlbl :  0.416839063167572
Dsc2 :  0.6931156516075134  Dsc2_128 :  0.6931313276290894
0.6114193987998461 0.4613138520820425 0.2603275200074016 0.551944623014051
0.44031970363938167 0.2998102327146184 0.1496416842833021 0.38116264873992217
0.6438999030059515 0.5672365549630415 0.2024791818130604 0.5558021169850114
Loss/valid 0.04234037963517169
Tr1 :  0.0207634586840868 Tr2 :  0.01887977309525013 Adv :  1.3036243915557861 Adv2 :  0.6925532221794128
2dec_lbl :  0.00032701261807233095  2dec_unlbl :  0.0009841066785156727
Dsc1_lbl :  0.41038259863853455  Dsc1_unlbl :  0.431786447763443
Dsc2 :  0.6931934952735901  Dsc2_128 :  0.6931366920471191
0.5952404856214919 0.4372735211748291 0.24591784989858018 0.4720034391168839
0.42373123622148057 0.27981449543464787 0.14019745305792053 0.30890346954975234
0.646764235100554 0.5713911050850942 0.20636216126875057 0.5562965899098494
Loss/valid 0.04459190848493628
Tr1 :  0.020028023049235344 Tr2 :  0.01875607669353485 Adv :  1.3399248123168945 Adv2 :  0.6925317645072937
2dec_lbl :  0.00031115475576370955  2dec_unlbl :  0.000959386583417654
Dsc1_lbl :  0.39823535084724426  Dsc1_unlbl :  0.4132808446884155
Dsc2 :  0.6931974291801453  Dsc2_128 :  0.6931421160697937
0.6059133960672045 0.42961463201368455 0.28356344165048025 0.5610704762836665
0.4346311013662202 0.2735727425711906 0.1652047320194272 0.3899221379755874
0.6326057704417639 0.5710884801583398 0.21145593196581466 0.5814771384890179
Loss/valid 0.04456468044937927
Tr1 :  0.01949468068778515 Tr2 :  0.018626801669597626 Adv :  1.3747882843017578 Adv2 :  0.6925243735313416
2dec_lbl :  0.00029771041590720415  2dec_unlbl :  0.0008891079924069345
Dsc1_lbl :  0.3862740397453308  Dsc1_unlbl :  0.4059531092643738
Dsc2 :  0.6932446956634521  Dsc2_128 :  0.6930736303329468
0.603159961827522 0.43829747196708185 0.23310231156865127 0.4957206542506097
0.43180317383846734 0.2806536226326985 0.13192745289943725 0.32954029160299037
0.6379840857217072 0.5675734576824001 0.21233770260959164 0.5890022057672437
Loss/valid 0.04339896079425541
Tr1 :  0.019052958115935326 Tr2 :  0.018452508375048637 Adv :  1.382120966911316 Adv2 :  0.6924868822097778
2dec_lbl :  0.0002886109577957541  2dec_unlbl :  0.0008485676371492445
Dsc1_lbl :  0.3930097222328186  Dsc1_unlbl :  0.4023045301437378
Dsc2 :  0.6932607889175415  Dsc2_128 :  0.6930590867996216
Epoch 37/75
0.5993476003638736 0.4501145194274029 0.2691900110578695 0.5447015042482122
0.4279060247350287 0.29041792123964566 0.15552834382611705 0.3742885090847473
0.6471260369287996 0.5631104153055491 0.2097233916725262 0.5494096486169652
Loss/valid 0.04385227377586683
Tr1 :  0.016882281750440598 Tr2 :  0.017519531771540642 Adv :  1.3504878282546997 Adv2 :  0.6918954849243164
2dec_lbl :  0.0002489427861291915  2dec_unlbl :  0.0008563082665205002
Dsc1_lbl :  0.36634504795074463  Dsc1_unlbl :  0.41958171129226685
Dsc2 :  0.693091630935669  Dsc2_128 :  0.6931993961334229
0.4126054138956239 0.3395189770415577 0.23495387416819524 0.35026891261022686
0.2599261818752945 0.20447025431019034 0.13311486353223187 0.2123187926126961
0.6157696901160344 0.5622516839075109 0.21114742945473414 0.5596509105604912
Loss/valid 0.05820831000091532
Tr1 :  0.017130069434642792 Tr2 :  0.01819378137588501 Adv :  1.4185633659362793 Adv2 :  0.6919093132019043
2dec_lbl :  0.0002610822848509997  2dec_unlbl :  0.0007761347806081176
Dsc1_lbl :  0.3742358088493347  Dsc1_unlbl :  0.3955339193344116
Dsc2 :  0.6931670308113098  Dsc2_128 :  0.693098783493042
0.6201847710401482 0.3777458146642306 0.287719563757437 0.4913166601358147
0.44946943476458306 0.23285242108100704 0.16803296800424253 0.3256592335539704
0.6595172236544875 0.5737520621230104 0.20606507183871425 0.5670014166029921
Loss/valid 0.04722810544110091
Tr1 :  0.01702396385371685 Tr2 :  0.018031083047389984 Adv :  1.4540859460830688 Adv2 :  0.6919158101081848
2dec_lbl :  0.0002517094835639  2dec_unlbl :  0.0007832223200239241
Dsc1_lbl :  0.3623203635215759  Dsc1_unlbl :  0.41488146781921387
Dsc2 :  0.6930993795394897  Dsc2_128 :  0.6931861639022827
0.6103225115169785 0.4028626110683673 0.23789560851900732 0.5639059304703476
0.43918284391525225 0.25224042331001517 0.13500653517982758 0.39266642933428264
0.6557324253663893 0.5697416382477085 0.20465607644662792 0.5792395162343635
Loss/valid 0.04534574456308097
Tr1 :  0.01700735278427601 Tr2 :  0.01793399639427662 Adv :  1.4494909048080444 Adv2 :  0.6920199990272522
2dec_lbl :  0.00024179935280699283  2dec_unlbl :  0.0007854524883441627
Dsc1_lbl :  0.35813257098197937  Dsc1_unlbl :  0.4070255160331726
Dsc2 :  0.6931273937225342  Dsc2_128 :  0.6932003498077393
0.5628643320376459 0.3391462916239311 0.26723108147289065 0.5391034796364731
0.3916570610453947 0.20419997854930755 0.15422199614478474 0.3690223586146427
0.6235953591249326 0.5506688683150598 0.20936270900430695 0.5549190308853775
Loss/valid 0.05240754970239842
Tr1 :  0.017287954688072205 Tr2 :  0.01806112565100193 Adv :  1.4599635601043701 Adv2 :  0.6920857429504395
2dec_lbl :  0.0002468760940246284  2dec_unlbl :  0.000763148011174053
Dsc1_lbl :  0.3547455966472626  Dsc1_unlbl :  0.4073493182659149
Dsc2 :  0.6931447982788086  Dsc2_128 :  0.6931772828102112
0.5918267093377055 0.3984046514557159 0.1911587569260419 0.4596995406991579
0.42027974345356073 0.24875487545454744 0.10568022907371645 0.29844796703353593
0.6531991034625213 0.5744202287490903 0.21087996421960017 0.5568369066680677
Loss/valid 0.04743306106122093
Tr1 :  0.01731877401471138 Tr2 :  0.01804758980870247 Adv :  1.4523659944534302 Adv2 :  0.6921190619468689
2dec_lbl :  0.00025100179482251406  2dec_unlbl :  0.0007767346687614918
Dsc1_lbl :  0.3569625914096832  Dsc1_unlbl :  0.40757206082344055
Dsc2 :  0.6931673288345337  Dsc2_128 :  0.6931496262550354
Epoch 38/75
0.6165903387722529 0.44723741402022643 0.24349360388178212 0.5539888480562803
0.445703363257592 0.28802691284451915 0.13862380713209443 0.383115197494578
0.6604363884862501 0.5598210707773142 0.21074358791415623 0.5661924491784428
Loss/valid 0.04294325360605659
Tr1 :  0.018781663849949837 Tr2 :  0.018680604174733162 Adv :  1.416836142539978 Adv2 :  0.6922733187675476
2dec_lbl :  0.0002898860548157245  2dec_unlbl :  0.0007142118993215263
Dsc1_lbl :  0.36742454767227173  Dsc1_unlbl :  0.39580070972442627
Dsc2 :  0.6932390928268433  Dsc2_128 :  0.6929768919944763
0.5830101880454763 0.4438451416940529 0.270319421776638 0.5253448770055048
0.41144275218274273 0.2852191344100736 0.15628285660367186 0.3562493147134755
0.6437930097783306 0.5696293493292123 0.21344667979620957 0.5853474785662628
Loss/valid 0.04790244623690602
Tr1 :  0.01814788207411766 Tr2 :  0.018364986404776573 Adv :  1.4920240640640259 Adv2 :  0.6921761631965637
2dec_lbl :  0.00028584495885297656  2dec_unlbl :  0.0007914943271316588
Dsc1_lbl :  0.3444228172302246  Dsc1_unlbl :  0.3962712585926056
Dsc2 :  0.6931208968162537  Dsc2_128 :  0.693134605884552
0.6103166863181595 0.421659057949696 0.28906281600129435 0.3632179289308578
0.4391768112269987 0.26715334229494825 0.16894998758850577 0.22190976755604655
0.644197647029184 0.5856834092222171 0.21403701769049957 0.5931504095257033
Loss/valid 0.04447208777904572
Tr1 :  0.018442703410983086 Tr2 :  0.01860808953642845 Adv :  1.5711220502853394 Adv2 :  0.6922138929367065
2dec_lbl :  0.0002807732089422643  2dec_unlbl :  0.0006971073453314602
Dsc1_lbl :  0.3428063988685608  Dsc1_unlbl :  0.40278860926628113
Dsc2 :  0.6931316256523132  Dsc2_128 :  0.6931650042533875
0.5456949671414318 0.3890085341420543 0.28274025659646573 0.5315002366934919
0.37522731119813213 0.24147150521054117 0.16464617987031294 0.36193416572077186
0.6475054732891332 0.5769746576744881 0.20855681424821976 0.5571588539562093
Loss/valid 0.047867256075587
Tr1 :  0.018641391769051552 Tr2 :  0.018780793994665146 Adv :  1.6482651233673096 Adv2 :  0.6922091841697693
2dec_lbl :  0.00028981384821236134  2dec_unlbl :  0.0007319038268178701
Dsc1_lbl :  0.3499947786331177  Dsc1_unlbl :  0.39086925983428955
Dsc2 :  0.6931503415107727  Dsc2_128 :  0.6931585669517517
0.6006550728101663 0.4674374092782086 0.2449028194916712 0.4468669873137705
0.4292401831308329 0.30500379697905816 0.13953803938123813 0.2877197147080721
0.6523267793237643 0.5721346594199753 0.21806573511800517 0.6018293589922744
Loss/valid 0.04371804531345853
Tr1 :  0.01829041726887226 Tr2 :  0.018519459292292595 Adv :  1.6112782955169678 Adv2 :  0.6922000646591187
2dec_lbl :  0.0002791708684526384  2dec_unlbl :  0.0006847757031209767
Dsc1_lbl :  0.34694212675094604  Dsc1_unlbl :  0.3876519799232483
Dsc2 :  0.6931378245353699  Dsc2_128 :  0.6931367516517639
0.5839783355056628 0.42557933707921436 0.25535920182601124 0.5492780755520221
0.41240776899709514 0.2703085313233257 0.14636778074505677 0.3786239570074954
0.661765045252695 0.562049213056817 0.2005905204747272 0.5814889430665835
Loss/valid 0.04618038804249279
Tr1 :  0.018216572701931 Tr2 :  0.018475834280252457 Adv :  1.5493947267532349 Adv2 :  0.6920979022979736
2dec_lbl :  0.0002726848761085421  2dec_unlbl :  0.0006817039684392512
Dsc1_lbl :  0.3484349548816681  Dsc1_unlbl :  0.4003407061100006
Dsc2 :  0.6932247281074524  Dsc2_128 :  0.6930578351020813
Epoch 39/75
0.5969215090922326 0.327152298488204 0.26157153204514116 0.5628444905073727
0.4254370036747087 0.1955660985710462 0.15046436299611574 0.39163784767180765
0.6470488183521633 0.5767311300957376 0.20602642775645563 0.5760579792609598
Loss/valid 0.04902256209162
Tr1 :  0.01745760813355446 Tr2 :  0.018354332074522972 Adv :  1.5292307138442993 Adv2 :  0.6910336017608643
2dec_lbl :  0.0002957744582090527  2dec_unlbl :  0.0005534816882573068
Dsc1_lbl :  0.3430325388908386  Dsc1_unlbl :  0.4234226644039154
Dsc2 :  0.6933253407478333  Dsc2_128 :  0.6930092573165894
0.6055295787327301 0.4515936179625966 0.272855197977325 0.5399713197271028
0.4342362301112386 0.2916505790736839 0.15798049917863388 0.3698361046073257
0.6619460914409568 0.5758366393404809 0.21424919481446844 0.5894753495699149
Loss/valid 0.04179867463056196
Tr1 :  0.017557945102453232 Tr2 :  0.018164819106459618 Adv :  1.7114018201828003 Adv2 :  0.6911813020706177
2dec_lbl :  0.0002774979511741549  2dec_unlbl :  0.0007955034379847348
Dsc1_lbl :  0.3320678770542145  Dsc1_unlbl :  0.4070156216621399
Dsc2 :  0.693264365196228  Dsc2_128 :  0.6930668950080872
0.5935311285859657 0.4261810300413325 0.2539402345227588 0.5632341161542769
0.42200089930838064 0.27079418800786537 0.1454361640670133 0.39201523538872934
0.6432277853644208 0.5792266695328966 0.2133063173180146 0.6114256722793001
Loss/valid 0.04635741638873826
Tr1 :  0.017221368849277496 Tr2 :  0.017798008397221565 Adv :  1.7042485475540161 Adv2 :  0.6911562085151672
2dec_lbl :  0.00026061615790240467  2dec_unlbl :  0.0008292702259495854
Dsc1_lbl :  0.3367902338504791  Dsc1_unlbl :  0.4225448966026306
Dsc2 :  0.6931564807891846  Dsc2_128 :  0.693191409111023
0.6067289751476064 0.4373504850939784 0.26384608978096113 0.497331729286199
0.435470891395222 0.2798775291081704 0.15197160126643 0.3309657487144221
0.6428646973925081 0.5790136527204939 0.21201277970565102 0.5853630158359319
Loss/valid 0.04420289390109896
Tr1 :  0.017038598656654358 Tr2 :  0.01761232130229473 Adv :  1.776527762413025 Adv2 :  0.6913407444953918
2dec_lbl :  0.0002534239611122757  2dec_unlbl :  0.0007514419849030674
Dsc1_lbl :  0.33435124158859253  Dsc1_unlbl :  0.4094124436378479
Dsc2 :  0.693083643913269  Dsc2_128 :  0.6932438015937805
0.5916014657382039 0.43947926122717473 0.27098244814223843 0.5219372710213563
0.4200525997055858 0.2816234672874492 0.15672625639403048 0.3531225439816214
0.617239992373333 0.556103349857377 0.21200841031459894 0.587871285945951
Loss/valid 0.04491430164086653
Tr1 :  0.017153911292552948 Tr2 :  0.017699340358376503 Adv :  1.7522062063217163 Adv2 :  0.6915032863616943
2dec_lbl :  0.00026481333770789206  2dec_unlbl :  0.0007747636991553009
Dsc1_lbl :  0.3330879211425781  Dsc1_unlbl :  0.41303688287734985
Dsc2 :  0.6930992007255554  Dsc2_128 :  0.6932265758514404
0.5966070227712745 0.4150524396719262 0.2234281126277029 0.5829223421404303
0.425117577508042 0.26187140196992575 0.1257636204961975 0.4113552555905139
0.6475086729954668 0.5744837175445701 0.21097408270190735 0.6002397536307369
Loss/valid 0.0484692526347804
Tr1 :  0.017200451344251633 Tr2 :  0.01764821819961071 Adv :  1.7256213426589966 Adv2 :  0.6915081143379211
2dec_lbl :  0.00026269161025993526  2dec_unlbl :  0.0007522092200815678
Dsc1_lbl :  0.3423410952091217  Dsc1_unlbl :  0.41365137696266174
Dsc2 :  0.6930953860282898  Dsc2_128 :  0.693252682685852
Epoch 40/75
0.6044195223309158 0.4163812792764385 0.2895106449624622 0.5503535917477534
0.4330954266001376 0.2629302582923447 0.16925603430961356 0.37964678049406714
0.6424040930740788 0.5731014930879298 0.21561173725638277 0.5668032036565364
Loss/valid 0.04844216737402413
Tr1 :  0.018969839438796043 Tr2 :  0.01833728328347206 Adv :  1.6365810632705688 Adv2 :  0.6921411752700806
2dec_lbl :  0.0002627855574246496  2dec_unlbl :  0.00042295915773138404
Dsc1_lbl :  0.36340147256851196  Dsc1_unlbl :  0.3578350841999054
Dsc2 :  0.693024754524231  Dsc2_128 :  0.6933690309524536
0.6033714327851929 0.40787923601906745 0.29918661048610706 0.5371845716491769
0.43201997077036147 0.2561861168113955 0.1759079581162147 0.36722648752399234
0.6447740174163591 0.588466294197542 0.21912844457618044 0.5766201945523215
Loss/valid 0.04057125374181071
Tr1 :  0.01919705979526043 Tr2 :  0.01803380437195301 Adv :  1.5282386541366577 Adv2 :  0.6922373175621033
2dec_lbl :  0.00030487062758766115  2dec_unlbl :  0.0006713235634379089
Dsc1_lbl :  0.3602421283721924  Dsc1_unlbl :  0.40140488743782043
Dsc2 :  0.693058431148529  Dsc2_128 :  0.6933223009109497
0.5705965248142091 0.4440138094649123 0.2304464652080107 0.5742014645798798
0.3991850689603537 0.2853584512290694 0.13022859194542516 0.40272272015673494
0.6553131645701085 0.5886737174076382 0.20388270401951256 0.5877844227456676
Loss/valid 0.040758367688405475
Tr1 :  0.01856228895485401 Tr2 :  0.017890239134430885 Adv :  1.5322117805480957 Adv2 :  0.6923099756240845
2dec_lbl :  0.00028393740649335086  2dec_unlbl :  0.0006620673811994493
Dsc1_lbl :  0.376423180103302  Dsc1_unlbl :  0.39745959639549255
Dsc2 :  0.6931115984916687  Dsc2_128 :  0.6932476758956909
0.5941270197004258 0.44632809094540327 0.2472724517628043 0.5405773420479303
0.4226036263772739 0.2872730647598515 0.14107865880895087 0.3704049262922187
0.6431218070983997 0.5845908609382482 0.20813884814574607 0.5529712976438563
Loss/valid 0.04373995783287553
Tr1 :  0.018092650920152664 Tr2 :  0.017719801515340805 Adv :  1.4935219287872314 Adv2 :  0.6923426389694214
2dec_lbl :  0.00027441230486147106  2dec_unlbl :  0.0006718652439303696
Dsc1_lbl :  0.3679530620574951  Dsc1_unlbl :  0.3978644013404846
Dsc2 :  0.6931224465370178  Dsc2_128 :  0.6932271718978882
0.5904003171335223 0.3753737685029099 0.2969250269940378 0.47931875362879806
0.41884254395752935 0.23105238683546533 0.17434642144377185 0.3152000162904589
0.6564267692998176 0.5667439674220384 0.21529392866451103 0.562511769795098
Loss/valid 0.04548460273820508
Tr1 :  0.017642591148614883 Tr2 :  0.017512476071715355 Adv :  1.4756110906600952 Adv2 :  0.692341685295105
2dec_lbl :  0.0002624747285153717  2dec_unlbl :  0.0006770975887775421
Dsc1_lbl :  0.3551158010959625  Dsc1_unlbl :  0.3861665427684784
Dsc2 :  0.6931139826774597  Dsc2_128 :  0.693219006061554
0.5944550566538552 0.40625267910725005 0.27262373040568305 0.5320485593838157
0.42293564461813044 0.25490407028868567 0.15782533036054164 0.36244288786588474
0.6644357350236458 0.5561803780799912 0.21759802661568642 0.5507447455877398
Loss/valid 0.04773006548394473
Tr1 :  0.01740451715886593 Tr2 :  0.017373239621520042 Adv :  1.4724315404891968 Adv2 :  0.6923457980155945
2dec_lbl :  0.00025390859809704125  2dec_unlbl :  0.0006490477244369686
Dsc1_lbl :  0.3598374128341675  Dsc1_unlbl :  0.39318472146987915
Dsc2 :  0.693102240562439  Dsc2_128 :  0.6932071447372437
Epoch 41/75
0.6126034949049713 0.3879586149038957 0.2811043622308117 0.5441504563473772
0.44154896790878934 0.24066293737289318 0.16353777160993538 0.3737683325312191
0.6489244409245627 0.562086578646697 0.21570642886112798 0.5575391839422038
Loss/valid 0.04663075174666379
Tr1 :  0.017652476206421852 Tr2 :  0.01903451420366764 Adv :  1.5594614744186401 Adv2 :  0.6921079158782959
2dec_lbl :  0.00028479573666118085  2dec_unlbl :  0.00037575632450170815
Dsc1_lbl :  0.3866433799266815  Dsc1_unlbl :  0.4445863664150238
Dsc2 :  0.6934112310409546  Dsc2_128 :  0.6928669214248657
0.5754287161626586 0.37573672700672595 0.28847871994801816 0.50156011976677
0.40393114945616254 0.23132747828146077 0.16855105648423874 0.33472155031585443
0.6196197519612213 0.569111662071645 0.2135583011133458 0.48412110787883444
Loss/valid 0.04720222441371139
Tr1 :  0.01679430715739727 Tr2 :  0.017804285511374474 Adv :  1.5364712476730347 Adv2 :  0.6919008493423462
2dec_lbl :  0.0002599497383926064  2dec_unlbl :  0.0004625507281161845
Dsc1_lbl :  0.37081971764564514  Dsc1_unlbl :  0.3803173899650574
Dsc2 :  0.6932982802391052  Dsc2_128 :  0.6929476857185364
0.5723236144410635 0.48088121953338003 0.29877771131130415 0.5301575290224553
0.4008776920527395 0.31655274473380557 0.17562532145143853 0.36069003276920186
0.6291898805597219 0.5615874776198755 0.2207039448800304 0.5252722605511089
Loss/valid 0.04787388169104036
Tr1 :  0.017912037670612335 Tr2 :  0.018486231565475464 Adv :  1.5545259714126587 Adv2 :  0.6918016076087952
2dec_lbl :  0.0002743034274317324  2dec_unlbl :  0.0005985586903989315
Dsc1_lbl :  0.35262879729270935  Dsc1_unlbl :  0.3752734661102295
Dsc2 :  0.6932502388954163  Dsc2_128 :  0.6929606199264526
0.5870841461963187 0.43684647536484794 0.2487085423373512 0.490794482930787
0.415512462837643 0.2794648564457609 0.14201436388508892 0.32520056240178646
0.6620240746244128 0.5569743520370369 0.20957876475803872 0.563929807076657
Loss/valid 0.044151611868138776
Tr1 :  0.017650220543146133 Tr2 :  0.01819467917084694 Adv :  1.5200996398925781 Adv2 :  0.6917624473571777
2dec_lbl :  0.00026533237542025745  2dec_unlbl :  0.0005962942377664149
Dsc1_lbl :  0.36315488815307617  Dsc1_unlbl :  0.3968639075756073
Dsc2 :  0.6932088732719421  Dsc2_128 :  0.6929872035980225
0.579616100030376 0.42658867976757714 0.2868084665942141 0.5086451431836178
0.4080700295481888 0.2711234337023595 0.16741179313678106 0.3410624512729521
0.6245192969032214 0.5696806732867065 0.21402842937111666 0.5231508920722513
Loss/valid 0.04651484747442477
Tr1 :  0.01800011470913887 Tr2 :  0.018510067835450172 Adv :  1.4608196020126343 Adv2 :  0.6917110085487366
2dec_lbl :  0.0002690994006115943  2dec_unlbl :  0.0006057276041246951
Dsc1_lbl :  0.37063464522361755  Dsc1_unlbl :  0.4074997305870056
Dsc2 :  0.693170964717865  Dsc2_128 :  0.693048894405365
0.6004140912163718 0.437186642543845 0.2661539708828946 0.5355807590283435
0.42899409564518126 0.27974334904295206 0.1535049631935445 0.36572911912368783
0.6448104707948917 0.5648756437575395 0.21043578886942332 0.5872046874782512
Loss/valid 0.045081553223228966
Tr1 :  0.017716102302074432 Tr2 :  0.018262945115566254 Adv :  1.4544434547424316 Adv2 :  0.6917027235031128
2dec_lbl :  0.0002632874238770455  2dec_unlbl :  0.0005940503324382007
Dsc1_lbl :  0.37224429845809937  Dsc1_unlbl :  0.3981717824935913
Dsc2 :  0.6931697130203247  Dsc2_128 :  0.6931141018867493
Epoch 42/75
0.6090687750470538 0.4478511417670669 0.26310918814975065 0.5629727612467412
0.4378856151336007 0.28853620539780556 0.1514828602665412 0.39176206690081056
0.6523617302512589 0.5646552946419318 0.2154224852124057 0.6026936298078863
Loss/valid 0.043542604155780804
Tr1 :  0.016556020826101303 Tr2 :  0.017081448808312416 Adv :  1.675689458847046 Adv2 :  0.6919050812721252
2dec_lbl :  0.0002587763301562518  2dec_unlbl :  0.0005592918605543673
Dsc1_lbl :  0.2985773980617523  Dsc1_unlbl :  0.38755500316619873
Dsc2 :  0.6932353973388672  Dsc2_128 :  0.6932666897773743
0.5760046311930146 0.4328034898659045 0.23075473222219234 0.5235351556184971
0.40449894979334644 0.2761641485718165 0.1304255189626834 0.3545869430015504
0.6157179172704743 0.5683286006022666 0.20730079933892 0.5331980069794119
Loss/valid 0.04579989450634717
Tr1 :  0.016661521047353745 Tr2 :  0.016965586692094803 Adv :  1.6247212886810303 Adv2 :  0.6920890808105469
2dec_lbl :  0.0002500319969840348  2dec_unlbl :  0.0005571499350480735
Dsc1_lbl :  0.32000166177749634  Dsc1_unlbl :  0.3751969337463379
Dsc2 :  0.693156361579895  Dsc2_128 :  0.6932424306869507
0.5764847957877448 0.430657562180118 0.2554541366359979 0.5191169524021229
0.4049727000329161 0.2744191145295122 0.14643016386133095 0.35054554324473924
0.6084071458090238 0.5568368478331733 0.20608799827939267 0.5676526908205064
Loss/valid 0.05027116010290099
Tr1 :  0.016779212281107903 Tr2 :  0.01705547794699669 Adv :  1.5793734788894653 Adv2 :  0.6921872496604919
2dec_lbl :  0.0002506680029910058  2dec_unlbl :  0.0005125720053911209
Dsc1_lbl :  0.35284730792045593  Dsc1_unlbl :  0.42029157280921936
Dsc2 :  0.6930415630340576  Dsc2_128 :  0.6932857036590576
0.5974637058159806 0.42941054203650525 0.23497947339564862 0.5579504908287151
0.42598805342401397 0.2734072483800449 0.13313129782559285 0.3869149341130162
0.651686595771572 0.5736231745303522 0.21085361886584528 0.5699894607013389
Loss/valid 0.04789891019657132
Tr1 :  0.016730094328522682 Tr2 :  0.017113080248236656 Adv :  1.548423409461975 Adv2 :  0.692306399345398
2dec_lbl :  0.00024690726422704756  2dec_unlbl :  0.0004950086586177349
Dsc1_lbl :  0.3574203848838806  Dsc1_unlbl :  0.4111917018890381
Dsc2 :  0.6930589079856873  Dsc2_128 :  0.6932225823402405
0.5925738359729564 0.42962766418850995 0.2645081365839577 0.538942818373274
0.42103369336081936 0.2735833116714323 0.15241104966249464 0.36887181771573135
0.6325116350722622 0.5753354203878783 0.21531484071214257 0.5374175126176614
Loss/valid 0.042529342036784455
Tr1 :  0.017301958054304123 Tr2 :  0.01747962087392807 Adv :  1.5137253999710083 Adv2 :  0.692375659942627
2dec_lbl :  0.0002575235557742417  2dec_unlbl :  0.000512273923959583
Dsc1_lbl :  0.3706575930118561  Dsc1_unlbl :  0.42133328318595886
Dsc2 :  0.6930904388427734  Dsc2_128 :  0.6932348012924194
0.5855858192502789 0.45094147190224876 0.23559233783672684 0.5280380782388815
0.41401297245187724 0.29110680050030535 0.13352488933757864 0.35873080032336296
0.6336840311984463 0.5632350655931109 0.220285920143336 0.5634561785588449
Loss/valid 0.04396595792429382
Tr1 :  0.017394766211509705 Tr2 :  0.017614096403121948 Adv :  1.4995582103729248 Adv2 :  0.6924012303352356
2dec_lbl :  0.0002681791957002133  2dec_unlbl :  0.000532970589119941
Dsc1_lbl :  0.36875084042549133  Dsc1_unlbl :  0.4128699004650116
Dsc2 :  0.6931198835372925  Dsc2_128 :  0.6932000517845154
Epoch 43/75
0.6018556780317436 0.41709875280777226 0.2785086254869227 0.5506033579726699
0.43046749078412233 0.2635027002143234 0.1617833406604774 0.37988452712469273
0.6496684789205418 0.5669308653087137 0.215236906322786 0.5660575093645185
Loss/valid 0.047913198108988454
Tr1 :  0.017041560262441635 Tr2 :  0.017417073249816895 Adv :  1.4400733709335327 Adv2 :  0.6918893456459045
2dec_lbl :  0.0002402996615273878  2dec_unlbl :  0.0005856438656337559
Dsc1_lbl :  0.3482295274734497  Dsc1_unlbl :  0.3747884929180145
Dsc2 :  0.6933031678199768  Dsc2_128 :  0.6929536461830139
0.596605024379941 0.40390072444278186 0.2507458896718085 0.48131136155570287
0.4251155481843907 0.25305488864517844 0.14334446218609379 0.3169256352959518
0.6425022992951871 0.5712632118953561 0.21345430691866055 0.5811952523901724
Loss/valid 0.04538735048876268
Tr1 :  0.016302788630127907 Tr2 :  0.01673620007932186 Adv :  1.5003377199172974 Adv2 :  0.6918774843215942
2dec_lbl :  0.00023200444411486387  2dec_unlbl :  0.0005349895218387246
Dsc1_lbl :  0.3614917993545532  Dsc1_unlbl :  0.38475897908210754
Dsc2 :  0.6932652592658997  Dsc2_128 :  0.6930546760559082
0.6062378809054156 0.4087247968228198 0.2853528911564626 0.5317137119268103
0.43496510100248675 0.25685362029569087 0.16642076943104753 0.3621321783400771
0.6435757550356399 0.542101753230464 0.21829137216794242 0.5616262246241068
Loss/valid 0.045803496250235706
Tr1 :  0.017724979668855667 Tr2 :  0.01827950030565262 Adv :  1.4999785423278809 Adv2 :  0.691826581954956
2dec_lbl :  0.000256948871538043  2dec_unlbl :  0.0005757539183832705
Dsc1_lbl :  0.3625521957874298  Dsc1_unlbl :  0.4028064012527466
Dsc2 :  0.6932450532913208  Dsc2_128 :  0.6930533051490784
0.5821722913252293 0.4534334400842644 0.24911487758945386 0.5421961594718268
0.4106086287941007 0.2931871487697042 0.14227939594716688 0.37192669164281045
0.6330083079877095 0.5770821732608817 0.20865544902402028 0.5736388216601335
Loss/valid 0.046952722131046745
Tr1 :  0.0182269848883152 Tr2 :  0.018725814297795296 Adv :  1.4951096773147583 Adv2 :  0.6918114423751831
2dec_lbl :  0.00026723064365796745  2dec_unlbl :  0.0005687389057129622
Dsc1_lbl :  0.3505505621433258  Dsc1_unlbl :  0.3843878507614136
Dsc2 :  0.6931995153427124  Dsc2_128 :  0.6930959820747375
0.6119264928863247 0.45714374073751546 0.2552690273914242 0.5587968143223854
0.44084588442203543 0.2962970386859235 0.14630853203102556 0.38772937770024024
0.6462372040765938 0.5659769246570123 0.21556495734785294 0.5891380014955229
Loss/valid 0.04330843368042484
Tr1 :  0.01790234073996544 Tr2 :  0.018371285870671272 Adv :  1.4678704738616943 Adv2 :  0.6918311715126038
2dec_lbl :  0.0002627468202263117  2dec_unlbl :  0.0005953289801254869
Dsc1_lbl :  0.35389408469200134  Dsc1_unlbl :  0.3847021758556366
Dsc2 :  0.6931735277175903  Dsc2_128 :  0.6931074857711792
0.5949110359474553 0.38890517292986354 0.22522360617664547 0.5173332187808756
0.4233974155142593 0.24139185750916275 0.12690252527612905 0.3489207590902506
0.6549752103661041 0.5702196380339591 0.2131366979922615 0.5696293757940171
Loss/valid 0.04793966991751729
Tr1 :  0.01778869703412056 Tr2 :  0.018271489068865776 Adv :  1.4701100587844849 Adv2 :  0.6918318271636963
2dec_lbl :  0.0002635806449688971  2dec_unlbl :  0.0005977200344204903
Dsc1_lbl :  0.3499309718608856  Dsc1_unlbl :  0.3835534453392029
Dsc2 :  0.693183958530426  Dsc2_128 :  0.6930980682373047
Epoch 44/75
0.5715624569421589 0.4309929530726209 0.27719994769812306 0.5609287729939229
0.40013122010124513 0.274691534315696 0.1609008238232575 0.3897852743264904
0.6416181656544936 0.560761159984662 0.22400112085180685 0.575222638407619
Loss/valid 0.046169555713147147
Tr1 :  0.017324378713965416 Tr2 :  0.017933383584022522 Adv :  1.7624424695968628 Adv2 :  0.691807210445404
2dec_lbl :  0.0002576904371380806  2dec_unlbl :  0.0007094279862940311
Dsc1_lbl :  0.338320255279541  Dsc1_unlbl :  0.38626956939697266
Dsc2 :  0.6931846141815186  Dsc2_128 :  0.6931101083755493
0.5940491993195773 0.4608248320285387 0.26880803486829635 0.5248754530522487
0.42252488425063084 0.2993972626493693 0.15527338405122873 0.3558177200279751
0.642537231078479 0.573793622539331 0.21575540680754715 0.5611172118945882
Loss/valid 0.043127984318597816
Tr1 :  0.01747867651283741 Tr2 :  0.017964905127882957 Adv :  1.6869419813156128 Adv2 :  0.691787838935852
2dec_lbl :  0.00026906534912995994  2dec_unlbl :  0.0006238155765458941
Dsc1_lbl :  0.32802844047546387  Dsc1_unlbl :  0.3848184049129486
Dsc2 :  0.6931747198104858  Dsc2_128 :  0.69312983751297
0.5884162838587044 0.3895852374792057 0.2620386917255358 0.4565129417096978
0.4168483081309542 0.2419160868032438 0.1507736049576967 0.29576726235422435
0.6462382211157506 0.5708476901432268 0.21398112302766106 0.5857015967454725
Loss/valid 0.04539952369678498
Tr1 :  0.017243869602680206 Tr2 :  0.01773097924888134 Adv :  1.6047945022583008 Adv2 :  0.6917201280593872
2dec_lbl :  0.00025838284636847675  2dec_unlbl :  0.000591348041780293
Dsc1_lbl :  0.3345181345939636  Dsc1_unlbl :  0.36409151554107666
Dsc2 :  0.6931502819061279  Dsc2_128 :  0.6931621432304382
0.5892502278885026 0.36902101716785646 0.23969611139052863 0.538857769301236
0.417685857220845 0.22625737121827474 0.13616746116482956 0.36879213945074824
0.649493132349752 0.5709219710272615 0.21318519029626648 0.5715150795662195
Loss/valid 0.05045621880927748
Tr1 :  0.017219023779034615 Tr2 :  0.017782315611839294 Adv :  1.5866347551345825 Adv2 :  0.6917067766189575
2dec_lbl :  0.00025506626116111875  2dec_unlbl :  0.000585685484111309
Dsc1_lbl :  0.34009823203086853  Dsc1_unlbl :  0.37022557854652405
Dsc2 :  0.6931706070899963  Dsc2_128 :  0.6931393146514893
0.5819448682738277 0.3881232595797275 0.19669943507851076 0.5068790731354091
0.410382399988523 0.24078966452393266 0.10907745436605822 0.3394762366634336
0.6427628108936103 0.5646907135089865 0.21173890941749615 0.5609548431133524
Loss/valid 0.04805595612391959
Tr1 :  0.017183436080813408 Tr2 :  0.017626101151108742 Adv :  1.6268765926361084 Adv2 :  0.6916605234146118
2dec_lbl :  0.00025221079704351723  2dec_unlbl :  0.0005611167871393263
Dsc1_lbl :  0.34522464871406555  Dsc1_unlbl :  0.3725893795490265
Dsc2 :  0.6931816935539246  Dsc2_128 :  0.6931235790252686
0.598390392845122 0.36846786042572904 0.2735577203523304 0.48382423168135724
0.4269308584861888 0.22584161935165822 0.15845170358557123 0.3191082734542659
0.6390387869362043 0.5666883766913912 0.21955997778185138 0.6001414034655637
Loss/valid 0.048619218384828855
Tr1 :  0.017296670004725456 Tr2 :  0.01774248480796814 Adv :  1.6269737482070923 Adv2 :  0.6916242241859436
2dec_lbl :  0.00025473657296970487  2dec_unlbl :  0.0005710049881599844
Dsc1_lbl :  0.3420715928077698  Dsc1_unlbl :  0.3811083137989044
Dsc2 :  0.6931621432304382  Dsc2_128 :  0.6931520700454712
Epoch 45/75
0.6007516393620687 0.37595683442221545 0.2159181353041501 0.5271478553842167
0.42933881951319913 0.23149436073545593 0.12102479128162641 0.357909554812599
0.6536049935341429 0.5555716419045016 0.21200562648015597 0.589213316135827
Loss/valid 0.048154482802536744
Tr1 :  0.016200358048081398 Tr2 :  0.016838438808918 Adv :  1.4384263753890991 Adv2 :  0.6915416121482849
2dec_lbl :  0.00022552532027475536  2dec_unlbl :  0.0006203892407938838
Dsc1_lbl :  0.32345354557037354  Dsc1_unlbl :  0.34684810042381287
Dsc2 :  0.693167507648468  Dsc2_128 :  0.6931681036949158
0.6034149097154318 0.393759875176454 0.26789450663766506 0.5094265015322478
0.43206455081979994 0.24514384187713567 0.1546640823346346 0.3417654359586543
0.6333394900645974 0.5536832561871327 0.21401547508724658 0.5499042628856072
Loss/valid 0.04850153093678143
Tr1 :  0.01667182520031929 Tr2 :  0.01729680597782135 Adv :  1.5367826223373413 Adv2 :  0.691592276096344
2dec_lbl :  0.0002430418535368517  2dec_unlbl :  0.0006465004407800734
Dsc1_lbl :  0.3226225674152374  Dsc1_unlbl :  0.3792773485183716
Dsc2 :  0.6931393146514893  Dsc2_128 :  0.6931841969490051
0.6051127529363076 0.42969444029652426 0.2491775360916515 0.496993185621742
0.43380764589403226 0.273637469880489 0.14232027588646212 0.33066595631326584
0.6378659499840668 0.560249265128108 0.21725304164240516 0.6084742937441905
Loss/valid 0.04507677883449495
Tr1 :  0.016851337626576424 Tr2 :  0.017416173592209816 Adv :  1.516645908355713 Adv2 :  0.6916553378105164
2dec_lbl :  0.000249726785114035  2dec_unlbl :  0.0006098354351706803
Dsc1_lbl :  0.3376610279083252  Dsc1_unlbl :  0.3926769495010376
Dsc2 :  0.6931356191635132  Dsc2_128 :  0.6931683421134949
0.5979518491324342 0.46888425630770186 0.2752988297139996 0.5534856832741473
0.42648453176335693 0.3062369766879829 0.15962117638520992 0.38263408586715386
0.6359428438049538 0.5493303378131069 0.20067800729944688 0.5705312128455936
Loss/valid 0.043950791180090425
Tr1 :  0.016785668209195137 Tr2 :  0.017335964366793633 Adv :  1.604915976524353 Adv2 :  0.6916778683662415
2dec_lbl :  0.00024988900986500084  2dec_unlbl :  0.0005781424115411937
Dsc1_lbl :  0.3359173536300659  Dsc1_unlbl :  0.40910911560058594
Dsc2 :  0.6931238174438477  Dsc2_128 :  0.6931717395782471
0.5829267946746981 0.41399400362637423 0.2605219617646703 0.5505278012983347
0.4113596901586196 0.2610292802000523 0.14977019314883985 0.37981259784869187
0.6321903979125828 0.5625752257706418 0.20973639459155666 0.5529696408361364
Loss/valid 0.05104222791383758
Tr1 :  0.01645314134657383 Tr2 :  0.01705113984644413 Adv :  1.6148381233215332 Adv2 :  0.6917227506637573
2dec_lbl :  0.0002422548714093864  2dec_unlbl :  0.0005791120929643512
Dsc1_lbl :  0.34070077538490295  Dsc1_unlbl :  0.41710224747657776
Dsc2 :  0.6930626630783081  Dsc2_128 :  0.693239688873291
0.585289874020162 0.3987464061514616 0.22057881247330202 0.5625740057654753
0.41371717306030187 0.24902139653787958 0.1239609902475619 0.3913759790221854
0.6383761960229847 0.564469431817264 0.19506756878393963 0.5705202218007271
Loss/valid 0.04997142759101995
Tr1 :  0.01647566445171833 Tr2 :  0.01703779399394989 Adv :  1.687825083732605 Adv2 :  0.6918368339538574
2dec_lbl :  0.0002450231113471091  2dec_unlbl :  0.0005492685595527291
Dsc1_lbl :  0.34255263209342957  Dsc1_unlbl :  0.40611162781715393
Dsc2 :  0.6930714845657349  Dsc2_128 :  0.6932293772697449
Epoch 46/75
0.5947684930828595 0.3701163709655317 0.20922141913863374 0.48184844088232326
0.4232530299492709 0.22708147034079118 0.11683265668612028 0.31739152654980324
0.6343689702114799 0.5478069012262251 0.20230772059092103 0.5734748714987088
Loss/valid 0.04955084259521365
Tr1 :  0.01719394512474537 Tr2 :  0.016397196799516678 Adv :  1.964117407798767 Adv2 :  0.6925297975540161
2dec_lbl :  0.00037080273614265025  2dec_unlbl :  0.0007687798934057355
Dsc1_lbl :  0.35201847553253174  Dsc1_unlbl :  0.35570406913757324
Dsc2 :  0.69300776720047  Dsc2_128 :  0.6932822465896606
0.5780702645889267 0.41321924131898086 0.22032763095470656 0.5424535171610273
0.40653926153517667 0.2604135694602582 0.123802355302567 0.37216893152144953
0.6407315584817163 0.5648781938829432 0.20923211408946957 0.5807932510416087
Loss/valid 0.044765628017265566
Tr1 :  0.01743468828499317 Tr2 :  0.01723959669470787 Adv :  1.8937212228775024 Adv2 :  0.6925390362739563
2dec_lbl :  0.0003082322655245662  2dec_unlbl :  0.0006256151245906949
Dsc1_lbl :  0.3831680417060852  Dsc1_unlbl :  0.3654182553291321
Dsc2 :  0.6929831504821777  Dsc2_128 :  0.6932307481765747
0.6146261766577694 0.4436334795037826 0.28629097893674516 0.5748691293168827
0.44365366683122154 0.2850443476272791 0.16705927051671732 0.40337988681792225
0.6478075525277431 0.5613330600237353 0.21863229188007244 0.5898999969623397
saving model.......................................................................................
Loss/valid 0.045985402209713096
Tr1 :  0.01700320839881897 Tr2 :  0.017066994681954384 Adv :  1.7659406661987305 Adv2 :  0.6926576495170593
2dec_lbl :  0.00027872674399986863  2dec_unlbl :  0.0006007785559631884
Dsc1_lbl :  0.35986822843551636  Dsc1_unlbl :  0.38276758790016174
Dsc2 :  0.6929944157600403  Dsc2_128 :  0.6932532787322998
0.5830215591234978 0.3878078946258191 0.19180434029607987 0.3922080328602975
0.4114540788375422 0.24054695053590464 0.1060749920876851 0.2439420278719542
0.6339859233834998 0.5667370849079925 0.21417466758903564 0.4370893009902607
Loss/valid 0.04826886762784203
Tr1 :  0.016682643443346024 Tr2 :  0.01686534658074379 Adv :  1.7506976127624512 Adv2 :  0.6927599906921387
2dec_lbl :  0.00026783611974678934  2dec_unlbl :  0.0005728697287850082
Dsc1_lbl :  0.36028164625167847  Dsc1_unlbl :  0.3850680887699127
Dsc2 :  0.6930623054504395  Dsc2_128 :  0.6931843757629395
0.576907123147003 0.40319411383196135 0.2690415249582179 0.5454426686408571
0.40538964991713355 0.2525003930186737 0.1554292196129799 0.37498877279123377
0.6346456742118349 0.5593302006889138 0.2139324988478722 0.546609503193449
Loss/valid 0.05190451283885977
Tr1 :  0.016810597851872444 Tr2 :  0.017110107466578484 Adv :  1.7115837335586548 Adv2 :  0.6927767395973206
2dec_lbl :  0.0002700577606447041  2dec_unlbl :  0.0005631482927128673
Dsc1_lbl :  0.36044663190841675  Dsc1_unlbl :  0.3927988111972809
Dsc2 :  0.6930921673774719  Dsc2_128 :  0.6931657791137695
0.595923945813402 0.4512244402806293 0.2705975068061327 0.5
0.42442426393962646 0.2913426916178795 0.1564687849538092 0.3333333333333333
0.6410777443279531 0.5665872181222893 0.22032788867914882 0.5570923106317657
Loss/valid 0.04610894209047599
Tr1 :  0.01659528911113739 Tr2 :  0.016943035647273064 Adv :  1.7002876996994019 Adv2 :  0.6927341818809509
2dec_lbl :  0.0002651541435625404  2dec_unlbl :  0.0005563186714425683
Dsc1_lbl :  0.3539581000804901  Dsc1_unlbl :  0.38933491706848145
Dsc2 :  0.693121612071991  Dsc2_128 :  0.6931515336036682
Epoch 47/75
0.4922516535556859 0.48950463499954816 0.21152621073344752 0.4903542794751509
0.3264813088447757 0.32406894211118736 0.1182719098277609 0.3248141420257678
0.5403645223907886 0.5363323097476537 0.19834353996749976 0.47619951646449155
Loss/valid 0.0415500425346441
Tr1 :  0.018438147380948067 Tr2 :  0.017919786274433136 Adv :  1.6504813432693481 Adv2 :  0.6927134990692139
2dec_lbl :  0.00026708986843004823  2dec_unlbl :  0.0005451214965432882
Dsc1_lbl :  0.4180929958820343  Dsc1_unlbl :  0.3811790943145752
Dsc2 :  0.6929863095283508  Dsc2_128 :  0.6933286786079407
0.58086632114681 0.42333613142052556 0.2631723758426194 0.5471782365266377
0.4093105038675506 0.26850119410799866 0.15152475247524752 0.37663135993947416
0.6210095272951819 0.5497874048763964 0.20142379412732944 0.574501455769929
Loss/valid 0.049868382426503946
Tr1 :  0.018827253952622414 Tr2 :  0.018209172412753105 Adv :  1.7086471319198608 Adv2 :  0.6927759647369385
2dec_lbl :  0.0002860118984244764  2dec_unlbl :  0.0006079227896407247
Dsc1_lbl :  0.3712722659111023  Dsc1_unlbl :  0.37963709235191345
Dsc2 :  0.693111777305603  Dsc2_128 :  0.6932207345962524
0.5070543924874911 0.4082986511232712 0.28992808678340715 0.486352643927089
0.3396335338246693 0.25651712327278575 0.16954145877880733 0.32131172559829835
0.6304004772425991 0.5561966490658435 0.21680610829867478 0.5147186175481746
Loss/valid 0.05420952245078427
Tr1 :  0.018288658931851387 Tr2 :  0.01770722307264805 Adv :  1.7465736865997314 Adv2 :  0.6927300095558167
2dec_lbl :  0.0002858981897588819  2dec_unlbl :  0.0005496533121913671
Dsc1_lbl :  0.3620235025882721  Dsc1_unlbl :  0.3829120695590973
Dsc2 :  0.6931729316711426  Dsc2_128 :  0.6931334733963013
0.5974078584087867 0.43208506730989754 0.262259803749576 0.5636480411046885
0.42593127445519496 0.27557940695708577 0.15092003069012397 0.39241638347343943
0.6393200708928946 0.5617076076403171 0.20510558249443456 0.5715189889218918
Loss/valid 0.04689422904584717
Tr1 :  0.017954524606466293 Tr2 :  0.01750027947127819 Adv :  1.7297850847244263 Adv2 :  0.6926846504211426
2dec_lbl :  0.0002734577574301511  2dec_unlbl :  0.0005338189657777548
Dsc1_lbl :  0.37316426634788513  Dsc1_unlbl :  0.39171621203422546
Dsc2 :  0.69318026304245  Dsc2_128 :  0.6931183934211731
0.5641098322674115 0.3927758747032899 0.2475335628893102 0.5388293852448336
0.39286419319814436 0.2443815199891797 0.1412486753797245 0.36876554989789456
0.6391189526910444 0.555156015709262 0.2123298338678216 0.550374434751724
Loss/valid 0.0495790055145205
Tr1 :  0.01774691604077816 Tr2 :  0.017414744943380356 Adv :  1.700115442276001 Adv2 :  0.692636251449585
2dec_lbl :  0.00026558959507383406  2dec_unlbl :  0.0005154144018888474
Dsc1_lbl :  0.3618665039539337  Dsc1_unlbl :  0.38628089427948
Dsc2 :  0.6931775808334351  Dsc2_128 :  0.6931097507476807
0.5526209714060172 0.30595211573374037 0.2830203771471994 0.5455543805417717
0.38180805475870816 0.1806041721578944 0.1648361887236347 0.3750943818339439
0.5821269570317203 0.48925604364515046 0.2054099114791675 0.5670832254044075
Loss/valid 0.05039863695869177
Tr1 :  0.01792174018919468 Tr2 :  0.017362181097269058 Adv :  1.6872659921646118 Adv2 :  0.6925895810127258
2dec_lbl :  0.00027851207414641976  2dec_unlbl :  0.0006001712172292173
Dsc1_lbl :  0.35927242040634155  Dsc1_unlbl :  0.38823315501213074
Dsc2 :  0.6932103037834167  Dsc2_128 :  0.6930951476097107
Epoch 48/75
0.585955017366236 0.42505006473962087 0.24006565536229585 0.5281957381312529
0.4143821622101803 0.26988163574186835 0.13640602906224616 0.35887634776964406
0.6406140776375483 0.5595041978357239 0.21402613690044556 0.5520906928833164
Loss/valid 0.05032159698061735
Tr1 :  0.016712700948119164 Tr2 :  0.01737053133547306 Adv :  1.960158109664917 Adv2 :  0.6920526623725891
2dec_lbl :  0.00025913279387168586  2dec_unlbl :  0.0006398950354196131
Dsc1_lbl :  0.33821335434913635  Dsc1_unlbl :  0.374235063791275
Dsc2 :  0.6932840347290039  Dsc2_128 :  0.6929556727409363
0.5859400834117712 0.41362970788489395 0.2744761401655221 0.5125103650790027
0.4143672248524641 0.260739696110548 0.15906829604306452 0.34454718409262935
0.6446096594137478 0.5582854069747526 0.20926395304979792 0.5743203104431263
Loss/valid 0.047397632363299635
Tr1 :  0.016822509467601776 Tr2 :  0.017384173348546028 Adv :  2.1095356941223145 Adv2 :  0.6919809579849243
2dec_lbl :  0.0002688117674551904  2dec_unlbl :  0.0006226899567991495
Dsc1_lbl :  0.3450782597064972  Dsc1_unlbl :  0.3756036162376404
Dsc2 :  0.6931525468826294  Dsc2_128 :  0.6930320858955383
0.5948729437207765 0.44106272034893057 0.27526049080453224 0.530629512635379
0.42335882798812524 0.2829252504934976 0.1595953993846479 0.36112710660677955
0.645500367581562 0.5585722269764384 0.21490481832131192 0.5697318215497842
Loss/valid 0.0494223475169682
Tr1 :  0.01679900661110878 Tr2 :  0.01749691739678383 Adv :  2.0528151988983154 Adv2 :  0.6918496489524841
2dec_lbl :  0.0002604549808893353  2dec_unlbl :  0.0005869043525308371
Dsc1_lbl :  0.3291245102882385  Dsc1_unlbl :  0.36426642537117004
Dsc2 :  0.6932262778282166  Dsc2_128 :  0.6930329203605652
0.5852716771493295 0.3824132529739067 0.27779031966769013 0.5207458640593372
0.41369898919533193 0.23640973423958075 0.16129877960858338 0.3520327247408324
0.6358129918811621 0.5585327179939561 0.21486082461438896 0.5630361089448213
Loss/valid 0.04977921539596407
Tr1 :  0.016412753611803055 Tr2 :  0.017042098566889763 Adv :  2.0549356937408447 Adv2 :  0.6919298768043518
2dec_lbl :  0.00025201469543389976  2dec_unlbl :  0.0005763222579844296
Dsc1_lbl :  0.3358195722103119  Dsc1_unlbl :  0.3596648871898651
Dsc2 :  0.6931282877922058  Dsc2_128 :  0.6931402683258057
0.5832168773678167 0.4137989243129782 0.23916184030715168 0.5183398512204451
0.4116486624179162 0.26087419221661534 0.13582272680237112 0.34983720905728766
0.6335446322737655 0.5463678779025998 0.2078954824368216 0.6103535624229295
Loss/valid 0.0480421822507781
Tr1 :  0.016447003930807114 Tr2 :  0.01696152612566948 Adv :  2.012014150619507 Adv2 :  0.6919803023338318
2dec_lbl :  0.0002486550365574658  2dec_unlbl :  0.0006168307736515999
Dsc1_lbl :  0.3432556390762329  Dsc1_unlbl :  0.37114232778549194
Dsc2 :  0.6931421756744385  Dsc2_128 :  0.6931527256965637
0.5536226175627474 0.4279306952661774 0.22578963255673556 0.5044245590954787
0.38276498532482073 0.27220854320963483 0.1272620410183438 0.33727791009352465
0.6279703881464972 0.5717843311432328 0.21174168031560908 0.5018485838106219
Loss/valid 0.04961334346510934
Tr1 :  0.016590939834713936 Tr2 :  0.017062565311789513 Adv :  1.9223825931549072 Adv2 :  0.6920124888420105
2dec_lbl :  0.00024735642364248633  2dec_unlbl :  0.0006202214863151312
Dsc1_lbl :  0.3397587835788727  Dsc1_unlbl :  0.37410953640937805
Dsc2 :  0.6931438446044922  Dsc2_128 :  0.6931377649307251
Epoch 49/75
0.6041178560399014 0.39886409322317945 0.2665063167545813 0.524481364275668
0.4327857180879378 0.24911320240523244 0.1537394219144961 0.35545560156087097
0.6394425027416616 0.5632303176921704 0.21424724532644354 0.5883375660886457
Loss/valid 0.04846404152372737
Tr1 :  0.017856748774647713 Tr2 :  0.01773061789572239 Adv :  1.829171061515808 Adv2 :  0.6918417811393738
2dec_lbl :  0.0002936176606453955  2dec_unlbl :  0.0004974338226020336
Dsc1_lbl :  0.32918235659599304  Dsc1_unlbl :  0.3630320727825165
Dsc2 :  0.6935692429542542  Dsc2_128 :  0.6926276087760925
0.6078027359455886 0.4089488640696693 0.2921144024514811 0.523377409039841
0.4365780278690693 0.25703062260820786 0.17103862393990502 0.3544422334074681
0.6456830166217437 0.5578111524881232 0.21833871295122326 0.5760671444978687
Loss/valid 0.04800697361341528
Tr1 :  0.016442831605672836 Tr2 :  0.016786329448223114 Adv :  1.856956958770752 Adv2 :  0.691419243812561
2dec_lbl :  0.00027283316012471914  2dec_unlbl :  0.0006534337298944592
Dsc1_lbl :  0.33181560039520264  Dsc1_unlbl :  0.37906327843666077
Dsc2 :  0.6934449076652527  Dsc2_128 :  0.6927371621131897
0.6108162257091999 0.373363669561369 0.2867872538998267 0.5361984757896274
0.4396943277148706 0.2295311266413739 0.16739733845235932 0.36630544983130287
0.6525930180165614 0.5682172170074328 0.22091763731028688 0.5411978543861007
Loss/valid 0.04729610128138769
Tr1 :  0.016459766775369644 Tr2 :  0.016818609088659286 Adv :  1.8390532732009888 Adv2 :  0.6914886236190796
2dec_lbl :  0.00026748591335490346  2dec_unlbl :  0.0007631047628819942
Dsc1_lbl :  0.3291112184524536  Dsc1_unlbl :  0.37437430024147034
Dsc2 :  0.6932094693183899  Dsc2_128 :  0.6930218935012817
0.5949192809173728 0.42989590034529807 0.24776800608543634 0.5301313553645587
0.4234057679659812 0.2738008902975548 0.1414013709063214 0.3606658032330791
0.6533038021432576 0.5700724281382694 0.22556912901926254 0.5645512702559348
Loss/valid 0.04664440974283934
Tr1 :  0.0165146104991436 Tr2 :  0.016884474083781242 Adv :  1.8584281206130981 Adv2 :  0.6914909482002258
2dec_lbl :  0.0002643070765770972  2dec_unlbl :  0.0007108668796718121
Dsc1_lbl :  0.3376598358154297  Dsc1_unlbl :  0.3808424174785614
Dsc2 :  0.6931414008140564  Dsc2_128 :  0.693112850189209
0.615346676150561 0.42229254571026725 0.26142163575252086 0.5400020593080725
0.44440486694521597 0.26766213505683084 0.15036517256193613 0.3698649458725625
0.6623623081245296 0.5623737815515162 0.22057185633355558 0.559044578916027
Loss/valid 0.04606011362622147
Tr1 :  0.016625618562102318 Tr2 :  0.017117958515882492 Adv :  1.8295718431472778 Adv2 :  0.6915378570556641
2dec_lbl :  0.0002581956214271486  2dec_unlbl :  0.0006586388335563242
Dsc1_lbl :  0.3387020528316498  Dsc1_unlbl :  0.38266420364379883
Dsc2 :  0.6931530237197876  Dsc2_128 :  0.6930885910987854
0.5814388203041013 0.4481444247928895 0.2711542392650578 0.5593205174851035
0.40987926966163435 0.28877972406232466 0.1568411974182061 0.3882338329055229
0.6513121001338917 0.570478373867465 0.22234553646998675 0.5773194618217733
Loss/valid 0.04702328299549663
Tr1 :  0.016697539016604424 Tr2 :  0.017264539375901222 Adv :  1.80548894405365 Adv2 :  0.6915321350097656
2dec_lbl :  0.0002592459204606712  2dec_unlbl :  0.000647303182631731
Dsc1_lbl :  0.34233078360557556  Dsc1_unlbl :  0.377469003200531
Dsc2 :  0.6932376027107239  Dsc2_128 :  0.6930315494537354
Epoch 50/75
0.6092803652978818 0.39540215845540444 0.2996050435443624 0.5299907245181902
0.4381043814257969 0.2464182290528248 0.17619732545482816 0.3605356329091738
0.645659663470494 0.563677890247102 0.217930323425365 0.5515882859714706
Loss/valid 0.047280196217375954
Tr1 :  0.015393414534628391 Tr2 :  0.01598256267607212 Adv :  1.5970947742462158 Adv2 :  0.6913346648216248
2dec_lbl :  0.00022406857169698924  2dec_unlbl :  0.000423379271524027
Dsc1_lbl :  0.299320250749588  Dsc1_unlbl :  0.3722442090511322
Dsc2 :  0.6933944821357727  Dsc2_128 :  0.6929033994674683
0.599318722448982 0.46079460843830033 0.30564728581499756 0.5440706862957351
0.4278765855261834 0.2993717478930941 0.18039177041246482 0.37369306406193364
0.6331337576442668 0.5314258602444278 0.22741301445602996 0.5673637817494691
Loss/valid 0.04580406321692213
Tr1 :  0.016399933025240898 Tr2 :  0.01690024696290493 Adv :  1.567156195640564 Adv2 :  0.6910397410392761
2dec_lbl :  0.00024044100428000093  2dec_unlbl :  0.0005158031126484275
Dsc1_lbl :  0.33798372745513916  Dsc1_unlbl :  0.35986608266830444
Dsc2 :  0.6932454705238342  Dsc2_128 :  0.693052351474762
0.5577576634033284 0.42454474656879665 0.2678557118816755 0.40934074513600455
0.38672950394695527 0.26947432854355935 0.15463822137626562 0.25734030961332693
0.6278788787396046 0.5917680019904548 0.21077178202303826 0.47914456763623364
Loss/valid 0.0468434525115364
Tr1 :  0.01739157922565937 Tr2 :  0.017849238589406013 Adv :  1.56101393699646 Adv2 :  0.6910106539726257
2dec_lbl :  0.00026326783699914813  2dec_unlbl :  0.0006137728923931718
Dsc1_lbl :  0.34300243854522705  Dsc1_unlbl :  0.3707641363143921
Dsc2 :  0.6931481957435608  Dsc2_128 :  0.693132758140564
0.5969780116384725 0.4682351209080642 0.22476422097478896 0.5323687943262412
0.4254944089191599 0.3056834161034194 0.12661091198725608 0.36274017087408666
0.6403258994762903 0.5874452684461852 0.22129120885525547 0.576044731095329
Loss/valid 0.04121406297372232
Tr1 :  0.017452724277973175 Tr2 :  0.017763180658221245 Adv :  1.5793083906173706 Adv2 :  0.6910359859466553
2dec_lbl :  0.00027313968166708946  2dec_unlbl :  0.0006947636720724404
Dsc1_lbl :  0.339499294757843  Dsc1_unlbl :  0.37762007117271423
Dsc2 :  0.6932470202445984  Dsc2_128 :  0.6930493712425232
0.600461127389266 0.4431050723591515 0.25801961247343363 0.548538075013165
0.4290421217591129 0.28460820604675313 0.14811855191997603 0.3779210915354464
0.6400486496013863 0.5802222707478469 0.21632069640220056 0.58031728818638
Loss/valid 0.0440553797892075
Tr1 :  0.017411451786756516 Tr2 :  0.017763372510671616 Adv :  1.6044548749923706 Adv2 :  0.6910369992256165
2dec_lbl :  0.00026983392308466136  2dec_unlbl :  0.000778279616497457
Dsc1_lbl :  0.33547312021255493  Dsc1_unlbl :  0.3765682578086853
Dsc2 :  0.6932067275047302  Dsc2_128 :  0.6931027173995972
0.60124856469738 0.4664596384202435 0.2954195409272933 0.5610307958499438
0.4298466114297854 0.30417173887730364 0.1733092382673457 0.3898838100439566
0.6400552849537807 0.5792613495046558 0.21656318145204762 0.5869538388011438
saving model.......................................................................................
Loss/valid 0.043578678723471445
Tr1 :  0.01706007868051529 Tr2 :  0.01742488704621792 Adv :  1.606687307357788 Adv2 :  0.6911129355430603
2dec_lbl :  0.00026022118981927633  2dec_unlbl :  0.0007252601790241897
Dsc1_lbl :  0.33130645751953125  Dsc1_unlbl :  0.377506822347641
Dsc2 :  0.6931934952735901  Dsc2_128 :  0.6930955052375793
Epoch 51/75
0.6083119349818513 0.4001311951872732 0.2868004049335785 0.5278883755260786
0.43710365150966385 0.25010250464512973 0.1674062997443442 0.3585926275901303
0.639893662462304 0.588221224658176 0.2155079143865773 0.5651199102569667
Loss/valid 0.04809043918622332
Tr1 :  0.01525295339524746 Tr2 :  0.015698686242103577 Adv :  1.364634394645691 Adv2 :  0.6917325854301453
2dec_lbl :  0.0002276702580275014  2dec_unlbl :  0.0004360582388471812
Dsc1_lbl :  0.39163148403167725  Dsc1_unlbl :  0.4406089186668396
Dsc2 :  0.6931541562080383  Dsc2_128 :  0.6931824684143066
0.6059989998287996 0.3302444066024541 0.27149795590342085 0.4821788763260901
0.4347192001687053 0.1977800870428511 0.15707123797202233 0.3176783277063429
0.6361288990598039 0.4958787697722174 0.18507210993333104 0.464122509561673
Loss/valid 0.045176907709122006
Tr1 :  0.019711971282958984 Tr2 :  0.016973644495010376 Adv :  1.3353770971298218 Adv2 :  0.6916213631629944
2dec_lbl :  0.0003401064604986459  2dec_unlbl :  0.0006372550269588828
Dsc1_lbl :  0.39462393522262573  Dsc1_unlbl :  0.4178752303123474
Dsc2 :  0.6931942701339722  Dsc2_128 :  0.693142831325531
0.5957434068380266 0.44570400412800176 0.2546334370269723 0.5290350306495801
0.42424113209722414 0.2867561940014847 0.14589109384176238 0.3596516855756277
0.6227218314166716 0.5766024887491439 0.20310302290729346 0.5305793164478666
Loss/valid 0.04342539693886595
Tr1 :  0.01974925771355629 Tr2 :  0.017276011407375336 Adv :  1.2789298295974731 Adv2 :  0.6915081143379211
2dec_lbl :  0.0003408277698326856  2dec_unlbl :  0.0008478352101519704
Dsc1_lbl :  0.385423868894577  Dsc1_unlbl :  0.41528600454330444
Dsc2 :  0.6931750774383545  Dsc2_128 :  0.6931548714637756
0.6003901085516846 0.42523977119143913 0.252203890040834 0.5189601069342884
0.42896960947482393 0.27003461442074195 0.14429823284520657 0.3504025174231163
0.6449306428976342 0.5821396723857541 0.2174542807918355 0.5625967921307604
Loss/valid 0.044579056586794
Tr1 :  0.019201155751943588 Tr2 :  0.017287179827690125 Adv :  1.3324569463729858 Adv2 :  0.6912971138954163
2dec_lbl :  0.00032470113364979625  2dec_unlbl :  0.0007651594351045787
Dsc1_lbl :  0.3740602731704712  Dsc1_unlbl :  0.40270674228668213
Dsc2 :  0.6932321786880493  Dsc2_128 :  0.6930683851242065
0.5951050235869614 0.4035710468728373 0.24992058954323104 0.5457585810033173
0.4235939579671475 0.252796121043973 0.14280528532016842 0.3752874686926808
0.6531751392788849 0.5668440984546096 0.21481564284913374 0.5803433688683859
Loss/valid 0.04468392842321529
Tr1 :  0.01900378055870533 Tr2 :  0.017469989135861397 Adv :  1.363357663154602 Adv2 :  0.691025972366333
2dec_lbl :  0.0003133802383672446  2dec_unlbl :  0.0007136208587326109
Dsc1_lbl :  0.36801281571388245  Dsc1_unlbl :  0.40700748562812805
Dsc2 :  0.6932302117347717  Dsc2_128 :  0.6930608749389648
0.585336986465035 0.33286073187942006 0.2770906245244875 0.5458636024348448
0.4137642540059013 0.19965982341395197 0.1608271615841734 0.3753867954538882
0.6339968921502692 0.559676620055845 0.21020209813870847 0.5663296329034991
Loss/valid 0.04918529353202367
Tr1 :  0.018687039613723755 Tr2 :  0.017441987991333008 Adv :  1.4186716079711914 Adv2 :  0.6908694505691528
2dec_lbl :  0.00030464553856290877  2dec_unlbl :  0.0006913563120178878
Dsc1_lbl :  0.36158084869384766  Dsc1_unlbl :  0.39559921622276306
Dsc2 :  0.6932017803192139  Dsc2_128 :  0.693085789680481
Epoch 52/75
0.5998817813713992 0.43945491715148144 0.23087928708662062 0.5447165601171817
0.4284508075032239 0.28160347431253235 0.13050510652063405 0.37430272700762884
0.6600736187379718 0.5690909563612038 0.21635546408669803 0.577111906017595
Loss/valid 0.046605054336818545
Tr1 :  0.01638486236333847 Tr2 :  0.017034513875842094 Adv :  1.799927830696106 Adv2 :  0.6907335519790649
2dec_lbl :  0.0002237083826912567  2dec_unlbl :  0.0005277052405290306
Dsc1_lbl :  0.28933456540107727  Dsc1_unlbl :  0.3450300395488739
Dsc2 :  0.6927800178527832  Dsc2_128 :  0.6935650706291199
0.6089364441694495 0.4291069861876317 0.2801397916481168 0.4882152450824644
0.4377488301071026 0.2731611780144344 0.16288521025587926 0.3229396536076959
0.6542020582374537 0.5652569369098057 0.21725312826144974 0.5227329569707424
Loss/valid 0.04552848871409359
Tr1 :  0.017652194947004318 Tr2 :  0.018079005181789398 Adv :  1.791903018951416 Adv2 :  0.6908693909645081
2dec_lbl :  0.0002648065274115652  2dec_unlbl :  0.0005613323301076889
Dsc1_lbl :  0.30263933539390564  Dsc1_unlbl :  0.3470344841480255
Dsc2 :  0.6929312348365784  Dsc2_128 :  0.6934539675712585
0.6110147546851318 0.4087255419953689 0.2709920052982639 0.5506631299734748
0.4399001045879513 0.2568542088634338 0.15673265024145336 0.37994143484626647
0.6420511761962732 0.5604682351106768 0.21969504371494775 0.5758104263580913
Loss/valid 0.04548757470671002
Tr1 :  0.017160940915346146 Tr2 :  0.01767721399664879 Adv :  1.841513991355896 Adv2 :  0.690981924533844
2dec_lbl :  0.00025935799931176007  2dec_unlbl :  0.0005126833566464484
Dsc1_lbl :  0.31711825728416443  Dsc1_unlbl :  0.34970176219940186
Dsc2 :  0.6930112838745117  Dsc2_128 :  0.6933521628379822
0.5882473196876392 0.4030269289276359 0.26598552163281114 0.5178977059262128
0.4166787340949019 0.2523692704830672 0.1533929070092153 0.34943452148818344
0.6562442365332345 0.5515626759482348 0.21953069104262543 0.5171192304671852
Loss/valid 0.048096718424631035
Tr1 :  0.01777714490890503 Tr2 :  0.017961611971259117 Adv :  1.7734239101409912 Adv2 :  0.6910182237625122
2dec_lbl :  0.00026250415248796344  2dec_unlbl :  0.0005074095679447055
Dsc1_lbl :  0.3246966302394867  Dsc1_unlbl :  0.3521144390106201
Dsc2 :  0.6930474638938904  Dsc2_128 :  0.6932950019836426
0.6178970390461915 0.44937260715144456 0.3068630097620022 0.5048624740033393
0.4470701941190925 0.2898005086353671 0.18123932766885428 0.3376695890679336
0.6566469370407688 0.5530836279029019 0.22415227369052512 0.5622945205579917
Loss/valid 0.041593461261982156
Tr1 :  0.017681600525975227 Tr2 :  0.017896810546517372 Adv :  1.7529772520065308 Adv2 :  0.6909904479980469
2dec_lbl :  0.0002546490868553519  2dec_unlbl :  0.0005011073662899435
Dsc1_lbl :  0.33218520879745483  Dsc1_unlbl :  0.3601508140563965
Dsc2 :  0.6930675506591797  Dsc2_128 :  0.6932610273361206
0.6137086267109622 0.4377503656534899 0.2905560723182688 0.5454074042064585
0.4426981502848938 0.2802051324125297 0.16997110441189348 0.37495543823314714
0.649439729206422 0.5704524072795084 0.22176898406971343 0.5486133776524613
Loss/valid 0.04726617255216427
Tr1 :  0.017253926023840904 Tr2 :  0.017517784610390663 Adv :  1.7255061864852905 Adv2 :  0.6910105347633362
2dec_lbl :  0.0002503853174857795  2dec_unlbl :  0.0005210426752455533
Dsc1_lbl :  0.33148327469825745  Dsc1_unlbl :  0.36220237612724304
Dsc2 :  0.6930570602416992  Dsc2_128 :  0.6932557225227356
Epoch 53/75
0.6127321525192333 0.3697028170262171 0.25224223556445036 0.47286742277954236
0.4416826596478359 0.22677019925401073 0.14432333856397642 0.3096439888933618
0.6582350252287987 0.5697609161506622 0.20997115101067165 0.5626626708838378
Loss/valid 0.047851514299558015
Tr1 :  0.015472907572984695 Tr2 :  0.016499504446983337 Adv :  1.9339874982833862 Adv2 :  0.6909407377243042
2dec_lbl :  0.00024324188416358083  2dec_unlbl :  0.0007926224498078227
Dsc1_lbl :  0.32191434502601624  Dsc1_unlbl :  0.38533884286880493
Dsc2 :  0.6931349039077759  Dsc2_128 :  0.6933013796806335
0.6095467370644628 0.36175793825375874 0.26705332307510216 0.515029207150615
0.43837988180744913 0.22082080951343194 0.1541036008961259 0.34682783636597253
0.6434069623504998 0.4913055125336039 0.21543053104292023 0.5792945196968698
Loss/valid 0.04839626756594433
Tr1 :  0.01600336842238903 Tr2 :  0.016643505543470383 Adv :  1.8690571784973145 Adv2 :  0.6910203099250793
2dec_lbl :  0.00023248062643688172  2dec_unlbl :  0.0008003911934792995
Dsc1_lbl :  0.35038816928863525  Dsc1_unlbl :  0.3827070891857147
Dsc2 :  0.6930802464485168  Dsc2_128 :  0.6932881474494934
0.5771730543180463 0.4115140695693745 0.2794169848867854 0.4645450649571746
0.4056523219985901 0.2590605693673449 0.16239668904810134 0.3025455546464592
0.6017256995385557 0.5504622269856442 0.21426481691746782 0.43427898576693985
Loss/valid 0.04774232434111322
Tr1 :  0.018273478373885155 Tr2 :  0.018129834905266762 Adv :  1.7250534296035767 Adv2 :  0.6911052465438843
2dec_lbl :  0.00029718558653257787  2dec_unlbl :  0.0010101423831656575
Dsc1_lbl :  0.3438252806663513  Dsc1_unlbl :  0.3896891474723816
Dsc2 :  0.6931172013282776  Dsc2_128 :  0.6932295560836792
0.5524974135264568 0.4013318622938136 0.279939162827606 0.4472593947685993
0.38169010452165775 0.25104138427982664 0.1627495706999513 0.28804514627988714
0.6318728249294856 0.547753286139966 0.21658879157536765 0.49126540276062824
Loss/valid 0.04811446376694611
Tr1 :  0.018189016729593277 Tr2 :  0.01810453273355961 Adv :  1.6607155799865723 Adv2 :  0.6911372542381287
2dec_lbl :  0.0002946281456388533  2dec_unlbl :  0.0009612455032765865
Dsc1_lbl :  0.33131280541419983  Dsc1_unlbl :  0.3756187856197357
Dsc2 :  0.6931272745132446  Dsc2_128 :  0.6932087540626526
0.6069815587026168 0.41549984545881796 0.2510135004697494 0.5321132832640688
0.4357311724727108 0.2622277090147288 0.14351940425907667 0.36250296238615975
0.6458071470489112 0.5512301787208672 0.21829819250754945 0.5386184277515363
Loss/valid 0.04640508399834938
Tr1 :  0.017811080440878868 Tr2 :  0.017836717888712883 Adv :  1.6535636186599731 Adv2 :  0.6911537051200867
2dec_lbl :  0.0002813391911331564  2dec_unlbl :  0.0009981945622712374
Dsc1_lbl :  0.32387036085128784  Dsc1_unlbl :  0.37501442432403564
Dsc2 :  0.6930900812149048  Dsc2_128 :  0.6932358741760254
0.6179361666230725 0.404351641313586 0.29312685403992156 0.5284227288841877
0.44711116208953267 0.2534089914688099 0.17173323907152116 0.3590859544083032
0.6583639639204241 0.5181301887731139 0.21810712209484953 0.5401579456809986
Loss/valid 0.0457187171755647
Tr1 :  0.017499899491667747 Tr2 :  0.017598187550902367 Adv :  1.6778717041015625 Adv2 :  0.6912615895271301
2dec_lbl :  0.00026946127763949335  2dec_unlbl :  0.000990061555057764
Dsc1_lbl :  0.32057416439056396  Dsc1_unlbl :  0.3714013695716858
Dsc2 :  0.6930326223373413  Dsc2_128 :  0.693295419216156
Epoch 54/75
0.597870409367826 0.42083386614180257 0.2584718034259319 0.5464187310494067
0.42640167739293333 0.26649119248373626 0.14841666298277412 0.37591206128013155
0.6360894214861008 0.5557735271556615 0.225345863543884 0.5465190801498654
Loss/valid 0.04886155888573285
Tr1 :  0.01501239649951458 Tr2 :  0.015690380707383156 Adv :  1.857785701751709 Adv2 :  0.6924775838851929
2dec_lbl :  0.00021500856382772326  2dec_unlbl :  0.0005695343133993447
Dsc1_lbl :  0.31590592861175537  Dsc1_unlbl :  0.37320971488952637
Dsc2 :  0.6931814551353455  Dsc2_128 :  0.6932165026664734
0.5870334985014307 0.3998278761054285 0.3045724124736943 0.49862004147334815
0.41546172388293184 0.24986554267194036 0.1796434213495825 0.33210783096016455
0.6405054803357179 0.5485776492622698 0.2312616140083967 0.552332993209018
Loss/valid 0.051442400082383495
Tr1 :  0.015217240899801254 Tr2 :  0.015801679342985153 Adv :  1.8199937343597412 Adv2 :  0.6924477815628052
2dec_lbl :  0.00022121939400676638  2dec_unlbl :  0.0007271207286976278
Dsc1_lbl :  0.3195327818393707  Dsc1_unlbl :  0.3625456988811493
Dsc2 :  0.6931443214416504  Dsc2_128 :  0.6932403445243835
0.6057473600107147 0.41441860226649324 0.2966162859811497 0.5289778417185009
0.4344602567977707 0.26136696788880076 0.17413356928330198 0.3595988263946152
0.6402737865729969 0.5592757471394663 0.2286742396024666 0.5698643982969751
Loss/valid 0.04623606103343393
Tr1 :  0.015458798035979271 Tr2 :  0.015970489010214806 Adv :  1.6940882205963135 Adv2 :  0.6924960613250732
2dec_lbl :  0.00022888422245159745  2dec_unlbl :  0.0006593104335479438
Dsc1_lbl :  0.3250278830528259  Dsc1_unlbl :  0.38900554180145264
Dsc2 :  0.6931339502334595  Dsc2_128 :  0.6932270526885986
0.6006868669708678 0.41814913277196764 0.22808357048656905 0.5008140033049758
0.4292726572718889 0.2643416907592017 0.12872140394860546 0.33405728469251117
0.6353178259114696 0.5327928899148082 0.22022003235223123 0.4982659998132452
Loss/valid 0.046954812940969405
Tr1 :  0.015872471034526825 Tr2 :  0.016274217516183853 Adv :  1.7202016115188599 Adv2 :  0.6925158500671387
2dec_lbl :  0.00023420060460921377  2dec_unlbl :  0.0006673155003227293
Dsc1_lbl :  0.3183286190032959  Dsc1_unlbl :  0.37002095580101013
Dsc2 :  0.6931468844413757  Dsc2_128 :  0.6932048201560974
0.5936130251741908 0.44617439729946845 0.25014271490209095 0.5520053926525108
0.4220837051251231 0.28714573664124354 0.14295035202719106 0.3812206135654765
0.6322102340203181 0.5528031529664107 0.22726462928555427 0.5775787194862697
Loss/valid 0.0467077064282161
Tr1 :  0.01600005105137825 Tr2 :  0.0163981094956398 Adv :  1.726624846458435 Adv2 :  0.6925110816955566
2dec_lbl :  0.0002357021439820528  2dec_unlbl :  0.0006744369165971875
Dsc1_lbl :  0.31446096301078796  Dsc1_unlbl :  0.35166338086128235
Dsc2 :  0.6931639313697815  Dsc2_128 :  0.6931749582290649
0.5777190417626795 0.4246854364047102 0.233073406829793 0.4221193441107782
0.4061919260162673 0.26958770408080546 0.13190893596299003 0.2675229856803657
0.6278715427781423 0.5580591112697114 0.21240817330090075 0.5398341263653595
Loss/valid 0.04637828205110444
Tr1 :  0.016346650198101997 Tr2 :  0.01647304929792881 Adv :  1.7519140243530273 Adv2 :  0.6924757361412048
2dec_lbl :  0.0002498838002793491  2dec_unlbl :  0.000657321885228157
Dsc1_lbl :  0.317187637090683  Dsc1_unlbl :  0.3487373888492584
Dsc2 :  0.6931700706481934  Dsc2_128 :  0.6931588053703308
Epoch 55/75
0.5999916273423092 0.39827804811866463 0.26626246393221087 0.4978575721736433
0.4285628850942666 0.24865617134787904 0.1535771467093621 0.33143166916206307
0.6334653056227731 0.5725229260608463 0.22239298010578393 0.5031326300369702
Loss/valid 0.0491506885635837
Tr1 :  0.016858292743563652 Tr2 :  0.016578882932662964 Adv :  1.8162542581558228 Adv2 :  0.692122220993042
2dec_lbl :  0.0002667592780198902  2dec_unlbl :  0.0005684613133780658
Dsc1_lbl :  0.3080475926399231  Dsc1_unlbl :  0.4184127449989319
Dsc2 :  0.6932864189147949  Dsc2_128 :  0.6929816603660583
0.5947554104575852 0.42332355474171096 0.2760268184123049 0.5436636163684253
0.42323977966800314 0.26849107565145536 0.1601108540204191 0.37330909429916564
0.6502418738682779 0.5560660056383807 0.21635415206636638 0.573507926323819
Loss/valid 0.051779150408476325
Tr1 :  0.01633260026574135 Tr2 :  0.016166068613529205 Adv :  1.913631796836853 Adv2 :  0.6919847130775452
2dec_lbl :  0.00026497599901631474  2dec_unlbl :  0.0005070470506325364
Dsc1_lbl :  0.302023321390152  Dsc1_unlbl :  0.39419132471084595
Dsc2 :  0.6932148337364197  Dsc2_128 :  0.6930416822433472
0.6079369273923152 0.41035441083281243 0.2852450159381922 0.3711518207089456
0.4367165104476884 0.2581420749563407 0.16634738991253498 0.22786151921813055
0.650717152438833 0.564287740715918 0.21961570359948543 0.5093946196553175
Loss/valid 0.046048438693527975
Tr1 :  0.01638769544661045 Tr2 :  0.01639718748629093 Adv :  1.9225856065750122 Adv2 :  0.691910982131958
2dec_lbl :  0.00026256043929606676  2dec_unlbl :  0.0005241406615823507
Dsc1_lbl :  0.3089837431907654  Dsc1_unlbl :  0.3702426254749298
Dsc2 :  0.6931960582733154  Dsc2_128 :  0.6931083798408508
0.5844054705870152 0.33781010274736933 0.24929114777851336 0.4359859035263349
0.4128339425197941 0.20323195520904236 0.14239440639269407 0.27876085292922803
0.636064486545078 0.480234070484141 0.20535470535062586 0.46243841779793426
Loss/valid 0.053254731577063855
Tr1 :  0.016426024958491325 Tr2 :  0.016390826553106308 Adv :  1.9055042266845703 Adv2 :  0.691911518573761
2dec_lbl :  0.0002707139647100121  2dec_unlbl :  0.0005972879007458687
Dsc1_lbl :  0.3020761013031006  Dsc1_unlbl :  0.35516542196273804
Dsc2 :  0.6931657791137695  Dsc2_128 :  0.693135142326355
0.5575844712210523 0.3523232678707097 0.2952527135182546 0.4785626457981407
0.3865629980377887 0.21383033516253086 0.17319441764743712 0.31454640210880913
0.6341925336536921 0.5499805658875937 0.21862136001809218 0.4429260663438532
Loss/valid 0.04634706027062358
Tr1 :  0.017611904069781303 Tr2 :  0.01715361885726452 Adv :  1.8137975931167603 Adv2 :  0.6919028162956238
2dec_lbl :  0.00028390134684741497  2dec_unlbl :  0.0005825459957122803
Dsc1_lbl :  0.32257959246635437  Dsc1_unlbl :  0.37520256638526917
Dsc2 :  0.6931626200675964  Dsc2_128 :  0.6931437849998474
0.5932904016116615 0.35806400886087203 0.23866770477309013 0.49649808509522064
0.42175755556896166 0.21807427987034836 0.13550407576120835 0.33022777036281004
0.6457592089392468 0.5556272340618787 0.21257096841057554 0.5011997736776223
Loss/valid 0.049369423129421976
Tr1 :  0.017785467207431793 Tr2 :  0.017325449734926224 Adv :  1.7548648118972778 Adv2 :  0.6919102668762207
2dec_lbl :  0.0002774094173219055  2dec_unlbl :  0.0006097019650042057
Dsc1_lbl :  0.3125952482223511  Dsc1_unlbl :  0.36306384205818176
Dsc2 :  0.6931613683700562  Dsc2_128 :  0.6931384801864624
Epoch 56/75
0.5977406239233076 0.4156186386026654 0.23497504881753092 0.44063263430778543
0.4262696574692869 0.26232234784440617 0.13312845728334358 0.28257140940754866
0.6514450430712434 0.5491701681851302 0.21641544214729005 0.48667884570662034
Loss/valid 0.047978699917361416
Tr1 :  0.01623953878879547 Tr2 :  0.01646129973232746 Adv :  1.658653736114502 Adv2 :  0.6920098662376404
2dec_lbl :  0.00025342480512335896  2dec_unlbl :  0.0004474364686757326
Dsc1_lbl :  0.33081045746803284  Dsc1_unlbl :  0.39186891913414
Dsc2 :  0.6931719183921814  Dsc2_128 :  0.6931772828102112
0.6143465676241505 0.44353050155620605 0.2969234895214743 0.554813269271262
0.44336235401285606 0.2849593275034695 0.17434536128858094 0.38390420938303
0.6562767071029225 0.5395737447685276 0.21810350869689513 0.560218942047917
Loss/valid 0.04758102376523051
Tr1 :  0.016826698556542397 Tr2 :  0.017108239233493805 Adv :  1.8285516500473022 Adv2 :  0.6919286847114563
2dec_lbl :  0.00025922624627128243  2dec_unlbl :  0.0005455534555949271
Dsc1_lbl :  0.30028054118156433  Dsc1_unlbl :  0.3620692789554596
Dsc2 :  0.6931768655776978  Dsc2_128 :  0.6930950880050659
0.6143852598785176 0.47379811853223863 0.25245730673966893 0.5479927319231913
0.44340265882611196 0.31044262511102594 0.14446417115490773 0.377403573639828
0.6508414960777356 0.5274598587238155 0.22265306421605263 0.5577110630389407
Loss/valid 0.04246901170050218
Tr1 :  0.01636498048901558 Tr2 :  0.016570961102843285 Adv :  1.861167311668396 Adv2 :  0.6918774247169495
2dec_lbl :  0.0002521953429095447  2dec_unlbl :  0.0006482841563411057
Dsc1_lbl :  0.31961753964424133  Dsc1_unlbl :  0.37516140937805176
Dsc2 :  0.6931877732276917  Dsc2_128 :  0.6930879354476929
0.6202614398454239 0.3863905896387783 0.28674084636717834 0.4284994795688816
0.44954997834947386 0.23945732291700075 0.16736571683225418 0.27266900264934624
0.6625836189540817 0.5327081946732476 0.22658583278726124 0.5552476393546693
Loss/valid 0.04960729640531879
Tr1 :  0.016480274498462677 Tr2 :  0.016760269179940224 Adv :  1.916100025177002 Adv2 :  0.691836416721344
2dec_lbl :  0.00025178841315209866  2dec_unlbl :  0.0006704744300805032
Dsc1_lbl :  0.30962157249450684  Dsc1_unlbl :  0.3580375015735626
Dsc2 :  0.6931724548339844  Dsc2_128 :  0.6931213140487671
0.5660938359833734 0.4185769614788633 0.24792439037126 0.47638931532084744
0.3947914097793147 0.2646837381794402 0.14150324849496335 0.3126712880864098
0.6433329211012365 0.54560111294312 0.2209837257816356 0.5508082889347271
Loss/valid 0.05363174547056003
Tr1 :  0.01619461365044117 Tr2 :  0.01650453358888626 Adv :  1.947450876235962 Adv2 :  0.6918177604675293
2dec_lbl :  0.00024994107661768794  2dec_unlbl :  0.0006653301534242928
Dsc1_lbl :  0.3107760548591614  Dsc1_unlbl :  0.3676901161670685
Dsc2 :  0.6931581497192383  Dsc2_128 :  0.6931253671646118
0.6104016742148503 0.4200444436494897 0.30159461008635513 0.5477853088523582
0.43926483134610983 0.26585839200422645 0.17757516072278226 0.3772068360081524
0.6534879381034113 0.5494678126831308 0.22204923029791393 0.5621385798103138
Loss/valid 0.052912584008140584
Tr1 :  0.015957234427332878 Tr2 :  0.016352690756320953 Adv :  1.9335873126983643 Adv2 :  0.69183349609375
2dec_lbl :  0.00024448195472359657  2dec_unlbl :  0.0006279461085796356
Dsc1_lbl :  0.3120567798614502  Dsc1_unlbl :  0.3757309317588806
Dsc2 :  0.6931591629981995  Dsc2_128 :  0.6931172609329224
Epoch 57/75
0.6062147346450952 0.437529388139959 0.29521279242166426 0.5620748519256136
0.4349412708784324 0.28002407521707096 0.17316694488869172 0.3908929840182032
0.6509036101871329 0.5497526452461772 0.21956310320093642 0.5678964996180755
Loss/valid 0.04592038071197229
Tr1 :  0.017336679622530937 Tr2 :  0.017376646399497986 Adv :  1.678367257118225 Adv2 :  0.6917986869812012
2dec_lbl :  0.00024789126473478973  2dec_unlbl :  0.0003844382881652564
Dsc1_lbl :  0.31115663051605225  Dsc1_unlbl :  0.4250537157058716
Dsc2 :  0.6931584477424622  Dsc2_128 :  0.6930323839187622
0.6086857014173869 0.42442991829351756 0.24563238832513865 0.5510975980541198
0.43748971892079236 0.26938180866815026 0.14001192605843768 0.38035522428149343
0.6621212727894584 0.529944929365152 0.21815013107220266 0.5411430333664485
Loss/valid 0.05049630931036323
Tr1 :  0.017030831426382065 Tr2 :  0.017534539103507996 Adv :  1.6628042459487915 Adv2 :  0.6917209029197693
2dec_lbl :  0.0002629170485306531  2dec_unlbl :  0.00039856007788330317
Dsc1_lbl :  0.32088255882263184  Dsc1_unlbl :  0.38476988673210144
Dsc2 :  0.6931107640266418  Dsc2_128 :  0.693131685256958
0.6048682605484191 0.1623197763008676 0.27099930580807247 0.5161864054275018
0.43355637567688754 0.08832862987126688 0.15673753441419394 0.34787820202996617
0.6482115934194769 0.5185499871132545 0.20605285660200592 0.5426652308566995
Loss/valid 0.057608254700085126
Tr1 :  0.017026882618665695 Tr2 :  0.017356473952531815 Adv :  1.7040687799453735 Adv2 :  0.6917129755020142
2dec_lbl :  0.00027148975641466677  2dec_unlbl :  0.0005151812802068889
Dsc1_lbl :  0.3152821660041809  Dsc1_unlbl :  0.40144261717796326
Dsc2 :  0.6931297183036804  Dsc2_128 :  0.6931285858154297
0.5931143696587737 0.38472809940166874 0.2802026289923636 0.48708599596000657
0.4215796628151783 0.2381816332341058 0.16292769934180776 0.32195220260987856
0.6256920174431012 0.5177791011900099 0.2117380790231855 0.49150556379749194
Loss/valid 0.04710069895681305
Tr1 :  0.01778278686106205 Tr2 :  0.017938734963536263 Adv :  1.6563012599945068 Adv2 :  0.6916859149932861
2dec_lbl :  0.0002675793366506696  2dec_unlbl :  0.0005990758072584867
Dsc1_lbl :  0.3174968361854553  Dsc1_unlbl :  0.39883506298065186
Dsc2 :  0.6931564211845398  Dsc2_128 :  0.6930866241455078
0.5839229370781418 0.4059402925801667 0.26772849733553294 0.5418254679968614
0.41235251411622076 0.25465814780377777 0.1545534270602099 0.37157792575936655
0.6394005829474051 0.5452642855215324 0.21683598184916802 0.5745329276240153
Loss/valid 0.047658053552920264
Tr1 :  0.017559127882122993 Tr2 :  0.01772412471473217 Adv :  1.6543209552764893 Adv2 :  0.6916431188583374
2dec_lbl :  0.00026270360103808343  2dec_unlbl :  0.0006083719781599939
Dsc1_lbl :  0.3245166838169098  Dsc1_unlbl :  0.38675007224082947
Dsc2 :  0.693191647529602  Dsc2_128 :  0.6930473446846008
0.5988525638567511 0.42917268276351983 0.21904653349670877 0.430580036226881
0.42740153420623056 0.2732144253249639 0.12299396790348646 0.2743561609804571
0.6500162356797864 0.5525672631129016 0.21860751293536076 0.5199621029440715
Loss/valid 0.047839884065232194
Tr1 :  0.01713498868048191 Tr2 :  0.01733669452369213 Adv :  1.686363935470581 Adv2 :  0.6914898157119751
2dec_lbl :  0.0002524591109249741  2dec_unlbl :  0.0005936919478699565
Dsc1_lbl :  0.3193492293357849  Dsc1_unlbl :  0.3775588274002075
Dsc2 :  0.6931895017623901  Dsc2_128 :  0.6930547952651978
Epoch 58/75
0.6195311049522315 0.4249587840626023 0.2588376566884366 0.48816615942498226
0.448783096218038 0.2698080404262214 0.1486579684443131 0.32289670089625117
0.6527739987608475 0.42930651968359423 0.21476062342589772 0.5821171185967372
Loss/valid 0.03882359004507764
Tr1 :  0.02043341100215912 Tr2 :  0.018926406279206276 Adv :  1.8849152326583862 Adv2 :  0.6908299326896667
2dec_lbl :  0.00031850827508606017  2dec_unlbl :  0.0006140965851955116
Dsc1_lbl :  0.318668395280838  Dsc1_unlbl :  0.36675456166267395
Dsc2 :  0.6931736469268799  Dsc2_128 :  0.6932246685028076
0.6043404271918511 0.4612725059247209 0.24239509125890493 0.5278905372571185
0.43301420988779 0.2997753063494387 0.13791216106270618 0.358594622626456
0.6476526258441924 0.5963513380649266 0.21471062995579565 0.5795607944379875
Loss/valid 0.0405666083698374
Tr1 :  0.018794013187289238 Tr2 :  0.017872637137770653 Adv :  1.7183289527893066 Adv2 :  0.6907877326011658
2dec_lbl :  0.0003194617456756532  2dec_unlbl :  0.0009108769590966403
Dsc1_lbl :  0.3163919746875763  Dsc1_unlbl :  0.3847056031227112
Dsc2 :  0.6931419968605042  Dsc2_128 :  0.693152904510498
0.5933758074138137 0.4042692785648314 0.23407439364728405 0.509043254466365
0.4218438802213736 0.25334429746469983 0.13255054052403348 0.34142053818212625
0.6421674255605087 0.5918802339536648 0.21539233102478678 0.6140041795384825
Loss/valid 0.0440239007767624
Tr1 :  0.018122782930731773 Tr2 :  0.01742277666926384 Adv :  1.8178783655166626 Adv2 :  0.6908749341964722
2dec_lbl :  0.0003166019741911441  2dec_unlbl :  0.0008723376668058336
Dsc1_lbl :  0.3271053433418274  Dsc1_unlbl :  0.38721325993537903
Dsc2 :  0.6931252479553223  Dsc2_128 :  0.6931775808334351
0.6023175316545508 0.4322349051564608 0.17125237937923765 0.5432314170507704
0.43094017797015327 0.2757013193992543 0.09364462184295644 0.37290165604134445
0.6420086981560433 0.5777769784186474 0.21260163599133836 0.5846641711334981
Loss/valid 0.04249614673455783
Tr1 :  0.017732229083776474 Tr2 :  0.017328085377812386 Adv :  1.8765814304351807 Adv2 :  0.6909269094467163
2dec_lbl :  0.0002988466003444046  2dec_unlbl :  0.0007692266954109073
Dsc1_lbl :  0.3225252330303192  Dsc1_unlbl :  0.3733661472797394
Dsc2 :  0.6931374669075012  Dsc2_128 :  0.6931958794593811
0.6103995769566056 0.3753608201306715 0.2068434120030821 0.5310163154316792
0.4392626591317209 0.23104257534947678 0.11535156125664449 0.36148550934228035
0.6533461660012503 0.5480331883352011 0.2071659003231639 0.5764067970157376
Loss/valid 0.04495470477640343
Tr1 :  0.017360446974635124 Tr2 :  0.017170198261737823 Adv :  1.8542991876602173 Adv2 :  0.6909802556037903
2dec_lbl :  0.00028977010515518486  2dec_unlbl :  0.0007337557035498321
Dsc1_lbl :  0.32569190859794617  Dsc1_unlbl :  0.3736222982406616
Dsc2 :  0.6931412816047668  Dsc2_128 :  0.6931847333908081
0.6030206136881145 0.4815104236123911 0.29377308989666434 0.5398247591922308
0.4316603520400737 0.31709827390312023 0.17217703469398002 0.3696986115814426
0.6443429679083511 0.587515479310379 0.22590757310273762 0.5564090567456812
Loss/valid 0.04586989173042509
Tr1 :  0.017295636236667633 Tr2 :  0.01718583144247532 Adv :  1.8570201396942139 Adv2 :  0.6909648180007935
2dec_lbl :  0.00028389436192810535  2dec_unlbl :  0.0006977933226153255
Dsc1_lbl :  0.32653141021728516  Dsc1_unlbl :  0.37423786520957947
Dsc2 :  0.6931284666061401  Dsc2_128 :  0.6931748986244202
Epoch 59/75
0.5954782600123715 0.519619697182569 0.2622101152307025 0.4953645626166509
0.423972262627716 0.3510041954716898 0.1508871225047512 0.3292256385228567
0.6432702598153306 0.5619727023785278 0.21260134182621945 0.5629781799236001
Loss/valid 0.040953017217913966
Tr1 :  0.016474204137921333 Tr2 :  0.016204822808504105 Adv :  1.7978570461273193 Adv2 :  0.6909536123275757
2dec_lbl :  0.00025715347146615386  2dec_unlbl :  0.0007683617295697331
Dsc1_lbl :  0.3164256513118744  Dsc1_unlbl :  0.39475229382514954
Dsc2 :  0.6932255625724792  Dsc2_128 :  0.6931557655334473
0.5957608536412565 0.41121590950967796 0.2752778283840408 0.5728047648328329
0.4242588274127606 0.25882428705763955 0.15960705608957432 0.40134997001005296
0.6385726589546231 0.5658622861083125 0.2152534356062603 0.5754321666125792
Loss/valid 0.0445367106140111
Tr1 :  0.017278529703617096 Tr2 :  0.017036473378539085 Adv :  1.6562992334365845 Adv2 :  0.6909695863723755
2dec_lbl :  0.00024027189647313207  2dec_unlbl :  0.0009329660679213703
Dsc1_lbl :  0.32703739404678345  Dsc1_unlbl :  0.402428537607193
Dsc2 :  0.693178653717041  Dsc2_128 :  0.6931183338165283
0.5963276276701088 0.43427781121846737 0.2837016664673718 0.5236845270523642
0.42483391382868935 0.2773658151682889 0.1652985736363406 0.3547239981213277
0.6529626899387769 0.603742668348763 0.21881589156708864 0.5593922832365039
Loss/valid 0.04336535201767739
Tr1 :  0.01764354482293129 Tr2 :  0.01760058104991913 Adv :  1.6040928363800049 Adv2 :  0.6909347176551819
2dec_lbl :  0.00026226203772239387  2dec_unlbl :  0.0007952601299621165
Dsc1_lbl :  0.3213840425014496  Dsc1_unlbl :  0.3799258768558502
Dsc2 :  0.6931892037391663  Dsc2_128 :  0.6930974721908569
0.6052401685606216 0.4447340640110944 0.3013539904874927 0.5375152924727424
0.43393862865696353 0.2859537097289494 0.17740835277032083 0.3675356670098544
0.6374574543999234 0.5692282819508453 0.22126490125030057 0.5586090962863297
Loss/valid 0.043083699591761615
Tr1 :  0.01751304417848587 Tr2 :  0.017247701063752174 Adv :  1.5731444358825684 Adv2 :  0.6909419298171997
2dec_lbl :  0.00026845038519240916  2dec_unlbl :  0.0007984481053426862
Dsc1_lbl :  0.3176237940788269  Dsc1_unlbl :  0.3766616880893707
Dsc2 :  0.6931524872779846  Dsc2_128 :  0.6931508183479309
0.6068942113629463 0.4497173953439863 0.28424054080030753 0.5543447676054537
0.435641152533507 0.2900873647123019 0.16566456287112075 0.3834557197204282
0.641831685758792 0.5810191898787845 0.2149887067132197 0.5746959795523994
Loss/valid 0.044700210945263406
Tr1 :  0.01720219850540161 Tr2 :  0.017105557024478912 Adv :  1.6195063591003418 Adv2 :  0.690963864326477
2dec_lbl :  0.0002637469151522964  2dec_unlbl :  0.000736899790354073
Dsc1_lbl :  0.3047330379486084  Dsc1_unlbl :  0.3625951111316681
Dsc2 :  0.6931541562080383  Dsc2_128 :  0.6931493282318115
0.5958021162115917 0.45463952972952826 0.28532086737173407 0.5542393939759472
0.42430067947700334 0.29419642761404163 0.16639898505931736 0.3833548871553127
0.6395102625275562 0.5837115813218949 0.22739766714262405 0.566088977326108
Loss/valid 0.04504741000200089
Tr1 :  0.017002560198307037 Tr2 :  0.016971811652183533 Adv :  1.6613820791244507 Adv2 :  0.6909855604171753
2dec_lbl :  0.00025746936444193125  2dec_unlbl :  0.0007013009744696319
Dsc1_lbl :  0.30865272879600525  Dsc1_unlbl :  0.3625904321670532
Dsc2 :  0.6931467652320862  Dsc2_128 :  0.6931586265563965
Epoch 60/75
0.5728588578773932 0.35065875555381354 0.23714065425707676 0.5184351375100763
0.40140308548975906 0.21260533969824863 0.1345204623555139 0.3499240233321896
0.6273284170304514 0.5388995703095443 0.2244364672817625 0.5684015002183446
Loss/valid 0.05087647204923736
Tr1 :  0.016394436359405518 Tr2 :  0.017137644812464714 Adv :  1.8987479209899902 Adv2 :  0.6910462975502014
2dec_lbl :  0.00028703873977065086  2dec_unlbl :  0.0011492770863696933
Dsc1_lbl :  0.349921852350235  Dsc1_unlbl :  0.37557199597358704
Dsc2 :  0.6931761503219604  Dsc2_128 :  0.6930769085884094
0.5676207506381171 0.42470536663948244 0.23570860636635318 0.5584281940569271
0.396278255839708 0.2696037665877616 0.13359958973721425 0.3873745253304289
0.6317824901603327 0.5453740267907499 0.22129184052550022 0.5706092793014214
Loss/valid 0.04756347578985957
Tr1 :  0.016826489940285683 Tr2 :  0.016687843948602676 Adv :  1.8334760665893555 Adv2 :  0.6910192370414734
2dec_lbl :  0.000317181897116825  2dec_unlbl :  0.0011725210351869464
Dsc1_lbl :  0.33299317955970764  Dsc1_unlbl :  0.3732592463493347
Dsc2 :  0.6931170225143433  Dsc2_128 :  0.6931940913200378
0.601749997742521 0.44596034402337126 0.2783381814769635 0.4808607655693772
0.43035937548435094 0.2869684453085013 0.16166832445395213 0.31653501843075305
0.6366390463636183 0.5511617650320596 0.22631458758535414 0.5851719664998667
Loss/valid 0.047405840607942604
Tr1 :  0.016759859398007393 Tr2 :  0.016855869442224503 Adv :  1.7245376110076904 Adv2 :  0.6911128163337708
2dec_lbl :  0.00030598018201999366  2dec_unlbl :  0.0010020030895248055
Dsc1_lbl :  0.31124794483184814  Dsc1_unlbl :  0.3813311755657196
Dsc2 :  0.6931225657463074  Dsc2_128 :  0.6932212114334106
0.6085287902214449 0.43781907460592784 0.2836632431856143 0.518539736621916
0.4373276183833432 0.2802614393051078 0.165272486334272 0.350019335273645
0.6426716882025308 0.5577579158037469 0.23195622922909043 0.5997822152452991
Loss/valid 0.04678748721261984
Tr1 :  0.0165855772793293 Tr2 :  0.016760926693677902 Adv :  1.7327264547348022 Adv2 :  0.6911624073982239
2dec_lbl :  0.0002905811707023531  2dec_unlbl :  0.0009519330342300236
Dsc1_lbl :  0.3177463710308075  Dsc1_unlbl :  0.36740919947624207
Dsc2 :  0.6931260824203491  Dsc2_128 :  0.6931854486465454
0.5798792990808359 0.4377184904173483 0.31117981359399866 0.5494036443207759
0.40833099517915117 0.28017901238188525 0.18425870089593385 0.3787432955899881
0.646996206465949 0.554180643035786 0.23107393950992866 0.5761379565201353
Loss/valid 0.051732579412893234
Tr1 :  0.016638439148664474 Tr2 :  0.016962451860308647 Adv :  1.737802505493164 Adv2 :  0.6911687254905701
2dec_lbl :  0.000286603084532544  2dec_unlbl :  0.0009138624300248921
Dsc1_lbl :  0.32094690203666687  Dsc1_unlbl :  0.3741183578968048
Dsc2 :  0.6931419372558594  Dsc2_128 :  0.6931658983230591
0.575524624323055 0.4291460258283146 0.25849360005145683 0.4874845125397815
0.40402567439928666 0.2731928192463621 0.14843103652050585 0.32230050970146057
0.6432840624395817 0.5530764891925275 0.22745905947813536 0.6237632834576842
Loss/valid 0.049225073918153485
Tr1 :  0.016580181196331978 Tr2 :  0.01698010042309761 Adv :  1.7166639566421509 Adv2 :  0.6911686658859253
2dec_lbl :  0.00028059131000190973  2dec_unlbl :  0.0009004080784507096
Dsc1_lbl :  0.32143640518188477  Dsc1_unlbl :  0.38365861773490906
Dsc2 :  0.6931425333023071  Dsc2_128 :  0.6931484341621399
Epoch 61/75
0.6086982659737936 0.4537409079406026 0.28277951123966566 0.4742072064287566
0.43750270059127827 0.2934442942135165 0.1646728029921218 0.3107939744025371
0.6444522249472062 0.5638489544017321 0.22434430732423294 0.5644890897063606
Loss/valid 0.04662427249343182
Tr1 :  0.016021613031625748 Tr2 :  0.016335902735590935 Adv :  1.8375186920166016 Adv2 :  0.6913339495658875
2dec_lbl :  0.00025314372032880783  2dec_unlbl :  0.0005122547154314816
Dsc1_lbl :  0.33230060338974  Dsc1_unlbl :  0.35418403148651123
Dsc2 :  0.6932135224342346  Dsc2_128 :  0.6932773590087891
0.5992442889523517 0.4005051556791266 0.2629017276611555 0.4674133914853546
0.4278007108778211 0.25039477751438227 0.15134533943619796 0.30498334572971575
0.6421987998518053 0.5498990195647595 0.22086882553374554 0.6012027376429834
Loss/valid 0.047603492381183186
Tr1 :  0.016426103189587593 Tr2 :  0.01667599007487297 Adv :  1.8735791444778442 Adv2 :  0.6913759112358093
2dec_lbl :  0.0002485682489350438  2dec_unlbl :  0.0006042003515176475
Dsc1_lbl :  0.3211934566497803  Dsc1_unlbl :  0.36482101678848267
Dsc2 :  0.6932470202445984  Dsc2_128 :  0.6931588649749756
0.59463921039897 0.41257520494928157 0.2563868613138686 0.5173742444059529
0.42312210131306077 0.2599022052796522 0.14704343275771847 0.3489580849744886
0.6388699143983755 0.5552553018064147 0.2140975885305739 0.5578269655988279
Loss/valid 0.05021788505866555
Tr1 :  0.016036272048950195 Tr2 :  0.016322581097483635 Adv :  1.8381266593933105 Adv2 :  0.6913045048713684
2dec_lbl :  0.0002443502307869494  2dec_unlbl :  0.0005871934699825943
Dsc1_lbl :  0.31844422221183777  Dsc1_unlbl :  0.3654501736164093
Dsc2 :  0.6931441426277161  Dsc2_128 :  0.6932561993598938
0.6146509173315122 0.4743266403559804 0.2817959079772171 0.5204671278180916
0.4436794487549368 0.31089658697760414 0.16400607429904812 0.3517780088593396
0.6484943015910852 0.5488710114259956 0.21122998577893828 0.5247390771762039
Loss/valid 0.04721651825985061
Tr1 :  0.015958193689584732 Tr2 :  0.01627264730632305 Adv :  1.8480384349822998 Adv2 :  0.6913397908210754
2dec_lbl :  0.0002411002351436764  2dec_unlbl :  0.000599827675614506
Dsc1_lbl :  0.33193448185920715  Dsc1_unlbl :  0.36653223633766174
Dsc2 :  0.693152666091919  Dsc2_128 :  0.6932186484336853
0.5493259029157994 0.39156903603008714 0.29257827599536146 0.5324383137240439
0.3786694089457608 0.24344783506506276 0.17135677254307125 0.36280472480522746
0.6286397422269998 0.5471771288566917 0.21096776360126554 0.5327704796013769
Loss/valid 0.056493141552729345
Tr1 :  0.016110001131892204 Tr2 :  0.01653672568500042 Adv :  1.8312370777130127 Adv2 :  0.6913907527923584
2dec_lbl :  0.00025012041442096233  2dec_unlbl :  0.0006436110706999898
Dsc1_lbl :  0.3349676728248596  Dsc1_unlbl :  0.3666851818561554
Dsc2 :  0.693141520023346  Dsc2_128 :  0.6932103037834167
0.5917791045990632 0.44211331393779424 0.2686036685390466 0.5448910713148566
0.42023173106700484 0.28379041806647864 0.15513702071460359 0.3744675471184331
0.6566953481325025 0.5570722947116555 0.225983015323863 0.6011310548177115
Loss/valid 0.05080122707686639
Tr1 :  0.016104744747281075 Tr2 :  0.016491200774908066 Adv :  1.8295408487319946 Adv2 :  0.6914194822311401
2dec_lbl :  0.00024858370306901634  2dec_unlbl :  0.0006389112677425146
Dsc1_lbl :  0.338654100894928  Dsc1_unlbl :  0.36190611124038696
Dsc2 :  0.6931400895118713  Dsc2_128 :  0.6931979060173035
Epoch 62/75
0.5963470634098831 0.36695101382534123 0.254866526785606 0.49897426268611045
0.4248536428517609 0.22470300458341236 0.14604414544645836 0.3324221898946471
0.6425438498660868 0.576501339248831 0.2094874577016262 0.5157591220619481
Loss/valid 0.04668798168924176
Tr1 :  0.019037814810872078 Tr2 :  0.0194464810192585 Adv :  2.149097204208374 Adv2 :  0.6914706230163574
2dec_lbl :  0.0003587420505937189  2dec_unlbl :  0.0010422032792121172
Dsc1_lbl :  0.3019774258136749  Dsc1_unlbl :  0.44566667079925537
Dsc2 :  0.692924976348877  Dsc2_128 :  0.6932292580604553
0.6129199838324204 0.40826869814467287 0.25885302413036665 0.496692696371153
0.4418778849729824 0.2564934783080496 0.1486681065514759 0.33039997555535183
0.656999719258989 0.562143774305147 0.22211279433438547 0.5945810375061206
Loss/valid 0.047851460695207085
Tr1 :  0.017122983932495117 Tr2 :  0.01770949736237526 Adv :  2.1022324562072754 Adv2 :  0.6914580464363098
2dec_lbl :  0.00030553259421139956  2dec_unlbl :  0.0010314005194231868
Dsc1_lbl :  0.32192540168762207  Dsc1_unlbl :  0.40446510910987854
Dsc2 :  0.6930423974990845  Dsc2_128 :  0.693160355091095
0.5782102075774217 0.4501443317147718 0.29948388486813116 0.5185869170514085
0.4066777034544699 0.2904427431057595 0.1761135235374745 0.3500623310408583
0.6078875595537134 0.5581595542737631 0.21926983871945738 0.4981811976317929
Loss/valid 0.04700668323900053
Tr1 :  0.017130518332123756 Tr2 :  0.01728789135813713 Adv :  1.9772437810897827 Adv2 :  0.691445529460907
2dec_lbl :  0.00032016218756325543  2dec_unlbl :  0.0010758406715467572
Dsc1_lbl :  0.3156014084815979  Dsc1_unlbl :  0.37343889474868774
Dsc2 :  0.6931561827659607  Dsc2_128 :  0.6931077837944031
0.5911883083649782 0.4069145421752153 0.22617309555322082 0.5350749256463052
0.4196361457498013 0.2554254325633105 0.12750573068106644 0.36525753774975356
0.6508000546759388 0.5584064345129914 0.2124155823778701 0.5964920094288325
Loss/valid 0.04811603343452069
Tr1 :  0.017237886786460876 Tr2 :  0.017313634976744652 Adv :  1.9630143642425537 Adv2 :  0.6913888454437256
2dec_lbl :  0.0003107760567218065  2dec_unlbl :  0.0009924961486831307
Dsc1_lbl :  0.30363965034484863  Dsc1_unlbl :  0.38510438799858093
Dsc2 :  0.693108081817627  Dsc2_128 :  0.6931620836257935
0.5944549291381623 0.4265015724570485 0.2801054048767016 0.5269257725850621
0.4229355155247072 0.27105306557124365 0.16286196007065246 0.35770483440590173
0.6543126709576266 0.5620336793987364 0.22444914182654524 0.582861468921235
Loss/valid 0.04669999797377906
Tr1 :  0.017085585743188858 Tr2 :  0.017219534143805504 Adv :  1.9651457071304321 Adv2 :  0.6913973689079285
2dec_lbl :  0.00029637545230798423  2dec_unlbl :  0.0008863096591085196
Dsc1_lbl :  0.30691078305244446  Dsc1_unlbl :  0.3824080526828766
Dsc2 :  0.693116307258606  Dsc2_128 :  0.6931675672531128
0.6125734164478085 0.43044470825358494 0.2781456953642384 0.5723875398439314
0.441517716115438 0.27424628524850314 0.16153846153846155 0.4009404203304286
0.6475873889308599 0.5701238402500087 0.2302279069968168 0.63460604597393
saving model.......................................................................................
Loss/valid 0.042912186055803304
Tr1 :  0.016871163621544838 Tr2 :  0.0171369481831789 Adv :  1.9483553171157837 Adv2 :  0.6914172768592834
2dec_lbl :  0.0002873328630812466  2dec_unlbl :  0.00085811986355111
Dsc1_lbl :  0.30940884351730347  Dsc1_unlbl :  0.3919745087623596
Dsc2 :  0.6931300163269043  Dsc2_128 :  0.6931610703468323
Epoch 63/75
0.5927836699756989 0.44721745024871495 0.23395577864771597 0.5394558244580491
0.4212455877096466 0.28801035297591887 0.1324744736394952 0.36935262451604944
0.6359681642085319 0.5635788665828345 0.2177443617737119 0.5400307622230135
Loss/valid 0.04784155485162955
Tr1 :  0.01536019891500473 Tr2 :  0.015936413779854774 Adv :  1.833122730255127 Adv2 :  0.6914488077163696
2dec_lbl :  0.0002249538665637374  2dec_unlbl :  0.0006012761732563376
Dsc1_lbl :  0.2991037964820862  Dsc1_unlbl :  0.41958335041999817
Dsc2 :  0.6931241154670715  Dsc2_128 :  0.6932516098022461
0.6126240190616756 0.432869458003618 0.25964920942518244 0.4942170786805106
0.44157029347397186 0.27621786852050095 0.14919360558305791 0.3282127003057236
0.6572246362132499 0.556996637533297 0.21814437089586794 0.5341423506519066
Loss/valid 0.04600795964570027
Tr1 :  0.016398323699831963 Tr2 :  0.017088884487748146 Adv :  2.065654754638672 Adv2 :  0.6915284395217896
2dec_lbl :  0.0002433668269077316  2dec_unlbl :  0.0005993867525830865
Dsc1_lbl :  0.32713013887405396  Dsc1_unlbl :  0.39618784189224243
Dsc2 :  0.6931377649307251  Dsc2_128 :  0.693205714225769
0.5922178268973621 0.44589253674444423 0.2729410113345265 0.5485986244384706
0.4206743331549383 0.2869122935748506 0.1580380364109233 0.3779785755172132
0.6538386165356679 0.5583375111598827 0.21811171622203532 0.5506113186921506
Loss/valid 0.047705594791994245
Tr1 :  0.0163411907851696 Tr2 :  0.01703900657594204 Adv :  2.04823637008667 Adv2 :  0.6914958953857422
2dec_lbl :  0.000241280606132932  2dec_unlbl :  0.0005495924269780517
Dsc1_lbl :  0.3298204243183136  Dsc1_unlbl :  0.38663771748542786
Dsc2 :  0.6931220293045044  Dsc2_128 :  0.6932035684585571
0.581027168101912 0.41590028866407897 0.22315403626669628 0.49395872305191824
0.40947025555429517 0.26254678647301644 0.12558997280655143 0.327984850490221
0.6415283985900077 0.5428805403642994 0.21173417028896607 0.5781600465782187
Loss/valid 0.048505488733050175
Tr1 :  0.016168439760804176 Tr2 :  0.01691601052880287 Adv :  1.9917762279510498 Adv2 :  0.6915099620819092
2dec_lbl :  0.00024314910115208477  2dec_unlbl :  0.0005490400362759829
Dsc1_lbl :  0.33788126707077026  Dsc1_unlbl :  0.3910669684410095
Dsc2 :  0.6931085586547852  Dsc2_128 :  0.6931830644607544
0.5927711850824687 0.47339212655116686 0.22887896866786264 0.5511748788346168
0.42123297846001484 0.31009412094914984 0.12922830490907378 0.3804288528564934
0.6566267690114493 0.5562138243318497 0.2226051638642025 0.5605823957898924
Loss/valid 0.04665542714985804
Tr1 :  0.01601223275065422 Tr2 :  0.016663452610373497 Adv :  1.97746741771698 Adv2 :  0.6915329098701477
2dec_lbl :  0.00024035957176238298  2dec_unlbl :  0.0005550211644731462
Dsc1_lbl :  0.3369210660457611  Dsc1_unlbl :  0.3829535245895386
Dsc2 :  0.6931201219558716  Dsc2_128 :  0.6931754350662231
0.6034048339735606 0.42583239741993273 0.30638427664563356 0.49120299098306575
0.43205421918389864 0.27051274382854257 0.18090542761306588 0.3255593615625683
0.6432402152091108 0.5535135648638606 0.2283256795271438 0.6000923364461499
Loss/valid 0.05160453441559249
Tr1 :  0.01594551093876362 Tr2 :  0.016525017097592354 Adv :  1.9492132663726807 Adv2 :  0.6915690302848816
2dec_lbl :  0.0002399516524747014  2dec_unlbl :  0.0005420423112809658
Dsc1_lbl :  0.33135563135147095  Dsc1_unlbl :  0.38898590207099915
Dsc2 :  0.6931189298629761  Dsc2_128 :  0.69318026304245
Epoch 64/75
slurmstepd: error: *** JOB 5300104 ON akya7 CANCELLED AT 2026-02-18T18:41:03 DUE TO TIME LIMIT ***
