/arf/home/osivaz/.local/lib/python3.10/site-packages/timm/models/registry.py:4: FutureWarning: Importing from timm.models.registry is deprecated, please import via timm.models
  warnings.warn(f"Importing from {__name__} is deprecated, please import via timm.models", FutureWarning)
/arf/home/osivaz/.local/lib/python3.10/site-packages/timm/models/layers/__init__.py:48: FutureWarning: Importing from timm.models.layers is deprecated, please import via timm.layers
  warnings.warn(f"Importing from {__name__} is deprecated, please import via timm.layers", FutureWarning)
/arf/scratch/osivaz/projects/segDDR_IDRiD_daEyePacs/mambavision/models/mamba_vision_my2.py:742: UserWarning: Overwriting mamba_vision_T in registry with mambavision.models.mamba_vision_my2.mamba_vision_T. This is because the name being registered conflicts with an existing name. Please check if this is not expected.
  def mamba_vision_T(pretrained=False, **kwargs):
/arf/scratch/osivaz/projects/segDDR_IDRiD_daEyePacs/mambavision/models/mamba_vision_my2.py:775: UserWarning: Overwriting mamba_vision_T2 in registry with mambavision.models.mamba_vision_my2.mamba_vision_T2. This is because the name being registered conflicts with an existing name. Please check if this is not expected.
  def mamba_vision_T2(pretrained=False, **kwargs):
/arf/scratch/osivaz/projects/segDDR_IDRiD_daEyePacs/mambavision/models/mamba_vision_my2.py:808: UserWarning: Overwriting mamba_vision_S in registry with mambavision.models.mamba_vision_my2.mamba_vision_S. This is because the name being registered conflicts with an existing name. Please check if this is not expected.
  def mamba_vision_S(pretrained=False, **kwargs):
/arf/scratch/osivaz/projects/segDDR_IDRiD_daEyePacs/mambavision/models/mamba_vision_my2.py:841: UserWarning: Overwriting mamba_vision_B in registry with mambavision.models.mamba_vision_my2.mamba_vision_B. This is because the name being registered conflicts with an existing name. Please check if this is not expected.
  def mamba_vision_B(pretrained=False, **kwargs):
/arf/scratch/osivaz/projects/segDDR_IDRiD_daEyePacs/mambavision/models/mamba_vision_my2.py:877: UserWarning: Overwriting mamba_vision_B_21k in registry with mambavision.models.mamba_vision_my2.mamba_vision_B_21k. This is because the name being registered conflicts with an existing name. Please check if this is not expected.
  def mamba_vision_B_21k(pretrained=False, **kwargs):
/arf/scratch/osivaz/projects/segDDR_IDRiD_daEyePacs/mambavision/models/mamba_vision_my2.py:913: UserWarning: Overwriting mamba_vision_L in registry with mambavision.models.mamba_vision_my2.mamba_vision_L. This is because the name being registered conflicts with an existing name. Please check if this is not expected.
  def mamba_vision_L(pretrained=False, **kwargs):
/arf/scratch/osivaz/projects/segDDR_IDRiD_daEyePacs/mambavision/models/mamba_vision_my2.py:949: UserWarning: Overwriting mamba_vision_L_21k in registry with mambavision.models.mamba_vision_my2.mamba_vision_L_21k. This is because the name being registered conflicts with an existing name. Please check if this is not expected.
  def mamba_vision_L_21k(pretrained=False, **kwargs):
/arf/scratch/osivaz/projects/segDDR_IDRiD_daEyePacs/mambavision/models/mamba_vision_my2.py:985: UserWarning: Overwriting mamba_vision_L2 in registry with mambavision.models.mamba_vision_my2.mamba_vision_L2. This is because the name being registered conflicts with an existing name. Please check if this is not expected.
  def mamba_vision_L2(pretrained=False, **kwargs):
/arf/scratch/osivaz/projects/segDDR_IDRiD_daEyePacs/mambavision/models/mamba_vision_my2.py:1021: UserWarning: Overwriting mamba_vision_L2_512_21k in registry with mambavision.models.mamba_vision_my2.mamba_vision_L2_512_21k. This is because the name being registered conflicts with an existing name. Please check if this is not expected.
  def mamba_vision_L2_512_21k(pretrained=False, **kwargs):
/arf/scratch/osivaz/projects/segDDR_IDRiD_daEyePacs/mambavision/models/mamba_vision_my2.py:1057: UserWarning: Overwriting mamba_vision_L3_256_21k in registry with mambavision.models.mamba_vision_my2.mamba_vision_L3_256_21k. This is because the name being registered conflicts with an existing name. Please check if this is not expected.
  def mamba_vision_L3_256_21k(pretrained=False, **kwargs):
/arf/scratch/osivaz/projects/segDDR_IDRiD_daEyePacs/mambavision/models/mamba_vision_my2.py:1093: UserWarning: Overwriting mamba_vision_L3_512_21k in registry with mambavision.models.mamba_vision_my2.mamba_vision_L3_512_21k. This is because the name being registered conflicts with an existing name. Please check if this is not expected.
  def mamba_vision_L3_512_21k(pretrained=False, **kwargs):
/arf/home/osivaz/.local/lib/python3.10/site-packages/timm/models/helpers.py:7: FutureWarning: Importing from timm.models.helpers is deprecated, please import via timm.models
  warnings.warn(f"Importing from {__name__} is deprecated, please import via timm.models", FutureWarning)
osivazZZZZ
osivaz
Traing images: 86
Valid  images: 27
Epoch 1/600
/arf/home/osivaz/.local/lib/python3.10/site-packages/torch/utils/data/_utils/collate.py:171: UserWarning: The given NumPy array is not writable, and PyTorch does not support non-writable tensors. This means writing to this tensor will result in undefined behavior. You may want to copy the array to protect its data or make it writable before converting it to a tensor. This type of warning will be suppressed for the rest of this program. (Triggered internally at ../torch/csrc/utils/tensor_numpy.cpp:206.)
  return collate([torch.as_tensor(b) for b in batch], collate_fn_map=collate_fn_map)
/arf/home/osivaz/.local/lib/python3.10/site-packages/torch/utils/data/_utils/collate.py:171: UserWarning: The given NumPy array is not writable, and PyTorch does not support non-writable tensors. This means writing to this tensor will result in undefined behavior. You may want to copy the array to protect its data or make it writable before converting it to a tensor. This type of warning will be suppressed for the rest of this program. (Triggered internally at ../torch/csrc/utils/tensor_numpy.cpp:206.)
  return collate([torch.as_tensor(b) for b in batch], collate_fn_map=collate_fn_map)
/arf/home/osivaz/.local/lib/python3.10/site-packages/torch/utils/data/_utils/collate.py:171: UserWarning: The given NumPy array is not writable, and PyTorch does not support non-writable tensors. This means writing to this tensor will result in undefined behavior. You may want to copy the array to protect its data or make it writable before converting it to a tensor. This type of warning will be suppressed for the rest of this program. (Triggered internally at ../torch/csrc/utils/tensor_numpy.cpp:206.)
  return collate([torch.as_tensor(b) for b in batch], collate_fn_map=collate_fn_map)
/arf/home/osivaz/.local/lib/python3.10/site-packages/torch/utils/data/_utils/collate.py:171: UserWarning: The given NumPy array is not writable, and PyTorch does not support non-writable tensors. This means writing to this tensor will result in undefined behavior. You may want to copy the array to protect its data or make it writable before converting it to a tensor. This type of warning will be suppressed for the rest of this program. (Triggered internally at ../torch/csrc/utils/tensor_numpy.cpp:206.)
  return collate([torch.as_tensor(b) for b in batch], collate_fn_map=collate_fn_map)
/arf/home/osivaz/.local/lib/python3.10/site-packages/torch/utils/data/_utils/collate.py:171: UserWarning: The given NumPy array is not writable, and PyTorch does not support non-writable tensors. This means writing to this tensor will result in undefined behavior. You may want to copy the array to protect its data or make it writable before converting it to a tensor. This type of warning will be suppressed for the rest of this program. (Triggered internally at ../torch/csrc/utils/tensor_numpy.cpp:206.)
  return collate([torch.as_tensor(b) for b in batch], collate_fn_map=collate_fn_map)
/arf/home/osivaz/.local/lib/python3.10/site-packages/torch/utils/data/_utils/collate.py:171: UserWarning: The given NumPy array is not writable, and PyTorch does not support non-writable tensors. This means writing to this tensor will result in undefined behavior. You may want to copy the array to protect its data or make it writable before converting it to a tensor. This type of warning will be suppressed for the rest of this program. (Triggered internally at ../torch/csrc/utils/tensor_numpy.cpp:206.)
  return collate([torch.as_tensor(b) for b in batch], collate_fn_map=collate_fn_map)
/arf/home/osivaz/.local/lib/python3.10/site-packages/torch/utils/data/_utils/collate.py:171: UserWarning: The given NumPy array is not writable, and PyTorch does not support non-writable tensors. This means writing to this tensor will result in undefined behavior. You may want to copy the array to protect its data or make it writable before converting it to a tensor. This type of warning will be suppressed for the rest of this program. (Triggered internally at ../torch/csrc/utils/tensor_numpy.cpp:206.)
  return collate([torch.as_tensor(b) for b in batch], collate_fn_map=collate_fn_map)
/arf/home/osivaz/.local/lib/python3.10/site-packages/torch/utils/data/_utils/collate.py:171: UserWarning: The given NumPy array is not writable, and PyTorch does not support non-writable tensors. This means writing to this tensor will result in undefined behavior. You may want to copy the array to protect its data or make it writable before converting it to a tensor. This type of warning will be suppressed for the rest of this program. (Triggered internally at ../torch/csrc/utils/tensor_numpy.cpp:206.)
  return collate([torch.as_tensor(b) for b in batch], collate_fn_map=collate_fn_map)
/arf/home/osivaz/.local/lib/python3.10/site-packages/torch/utils/data/_utils/collate.py:171: UserWarning: The given NumPy array is not writable, and PyTorch does not support non-writable tensors. This means writing to this tensor will result in undefined behavior. You may want to copy the array to protect its data or make it writable before converting it to a tensor. This type of warning will be suppressed for the rest of this program. (Triggered internally at ../torch/csrc/utils/tensor_numpy.cpp:206.)
  return collate([torch.as_tensor(b) for b in batch], collate_fn_map=collate_fn_map)
Loss/valid 0.35062331863893914
Tr1 :  1.2380560636520386 Tr2 :  1.1574901342391968 Adv :  0.7170574069023132 Adv2 :  0.7339083552360535
2dec_lbl :  0.0393405556678772  2dec_unlbl :  0.039829403162002563
Dsc1_lbl :  0.7091614007949829  Dsc1_unlbl :  0.6805908679962158
Dsc2 :  0.7368698716163635  Dsc2_128 :  0.6574828624725342
Epoch 2/600
Loss/valid 0.23559031793131277
Tr1 :  0.24634383618831635 Tr2 :  0.2565959692001343 Adv :  0.6828287839889526 Adv2 :  0.7145793437957764
2dec_lbl :  0.002925666980445385  2dec_unlbl :  0.0027485922910273075
Dsc1_lbl :  0.6984924674034119  Dsc1_unlbl :  0.685742199420929
Dsc2 :  0.7346804141998291  Dsc2_128 :  0.6576209664344788
Epoch 3/600
Loss/valid 0.18995711493950623
Tr1 :  0.16990076005458832 Tr2 :  0.17763958871364594 Adv :  0.6839503645896912 Adv2 :  0.7110466957092285
2dec_lbl :  0.001893379958346486  2dec_unlbl :  0.001336783403530717
Dsc1_lbl :  0.6940724849700928  Dsc1_unlbl :  0.6834402084350586
Dsc2 :  0.7338792085647583  Dsc2_128 :  0.6593357920646667
Epoch 4/600
Loss/valid 0.15730751427606895
Tr1 :  0.17495833337306976 Tr2 :  0.18661251664161682 Adv :  0.6723470091819763 Adv2 :  0.7112440466880798
2dec_lbl :  0.002161339158192277  2dec_unlbl :  0.0011680533643811941
Dsc1_lbl :  0.6822052597999573  Dsc1_unlbl :  0.681561291217804
Dsc2 :  0.7312607169151306  Dsc2_128 :  0.6611307859420776
Epoch 5/600
Loss/valid 0.139698003920225
Tr1 :  0.1295190304517746 Tr2 :  0.14099377393722534 Adv :  0.6629111766815186 Adv2 :  0.7110694646835327
2dec_lbl :  0.0016615986824035645  2dec_unlbl :  0.0011976388050243258
Dsc1_lbl :  0.6800461411476135  Dsc1_unlbl :  0.678027868270874
Dsc2 :  0.7302241325378418  Dsc2_128 :  0.6620520353317261
Epoch 6/600
Loss/valid 0.15231842655115402
Tr1 :  0.12972396612167358 Tr2 :  0.13952362537384033 Adv :  0.6664856672286987 Adv2 :  0.7104874849319458
2dec_lbl :  0.0020098998211324215  2dec_unlbl :  0.0013862854102626443
Dsc1_lbl :  0.6773788928985596  Dsc1_unlbl :  0.6600927114486694
Dsc2 :  0.7289499044418335  Dsc2_128 :  0.6629506945610046
Epoch 7/600
Loss/valid 0.13095759270856014
Tr1 :  0.11520464718341827 Tr2 :  0.1251918226480484 Adv :  0.6418702006340027 Adv2 :  0.7096430063247681
2dec_lbl :  0.0017392892623320222  2dec_unlbl :  0.0014109601033851504
Dsc1_lbl :  0.6657160520553589  Dsc1_unlbl :  0.6647949814796448
Dsc2 :  0.728539764881134  Dsc2_128 :  0.6650654077529907
Epoch 8/600
Loss/valid 0.1091130506605483
Tr1 :  0.100925974547863 Tr2 :  0.11482786387205124 Adv :  0.5961682796478271 Adv2 :  0.7086120843887329
2dec_lbl :  0.0020476356148719788  2dec_unlbl :  0.0014850958250463009
Dsc1_lbl :  0.6438435912132263  Dsc1_unlbl :  0.6912735104560852
Dsc2 :  0.7268995046615601  Dsc2_128 :  0.6647359132766724
Epoch 9/600
Loss/valid 0.10599191357883123
Tr1 :  0.10473085939884186 Tr2 :  0.11568893492221832 Adv :  0.6225982904434204 Adv2 :  0.7085983753204346
2dec_lbl :  0.002061899984255433  2dec_unlbl :  0.0021327657159417868
Dsc1_lbl :  0.6401326656341553  Dsc1_unlbl :  0.6700658798217773
Dsc2 :  0.7247945070266724  Dsc2_128 :  0.6651720404624939
Epoch 10/600
Loss/valid 0.10065198349408232
Tr1 :  0.08303480595350266 Tr2 :  0.09699447453022003 Adv :  0.6491608023643494 Adv2 :  0.7070305347442627
2dec_lbl :  0.0017542766872793436  2dec_unlbl :  0.0014745166990906
Dsc1_lbl :  0.6754990220069885  Dsc1_unlbl :  0.669556736946106
Dsc2 :  0.7245188355445862  Dsc2_128 :  0.6658381223678589
Epoch 11/600
Loss/valid 0.09516373015223788
Tr1 :  0.09156186878681183 Tr2 :  0.10215401649475098 Adv :  0.676770031452179 Adv2 :  0.7062357664108276
2dec_lbl :  0.0019004626665264368  2dec_unlbl :  0.0015211807331070304
Dsc1_lbl :  0.6442159414291382  Dsc1_unlbl :  0.624733030796051
Dsc2 :  0.7238856554031372  Dsc2_128 :  0.6661520600318909
Epoch 12/600
Loss/valid 0.1018975144252181
Tr1 :  0.08558672666549683 Tr2 :  0.09738108515739441 Adv :  0.7133331298828125 Adv2 :  0.7054933309555054
2dec_lbl :  0.0017824730603024364  2dec_unlbl :  0.0016045545926317573
Dsc1_lbl :  0.6640666127204895  Dsc1_unlbl :  0.593518853187561
Dsc2 :  0.7238677144050598  Dsc2_128 :  0.6668388247489929
Epoch 13/600
Loss/valid 0.09144254791765259
Tr1 :  0.07518076151609421 Tr2 :  0.09159587323665619 Adv :  0.6974250674247742 Adv2 :  0.7050623893737793
2dec_lbl :  0.0017310412367805839  2dec_unlbl :  0.0014671037206426263
Dsc1_lbl :  0.6514694690704346  Dsc1_unlbl :  0.5825656056404114
Dsc2 :  0.7234463691711426  Dsc2_128 :  0.6679151058197021
Epoch 14/600
Loss/valid 0.09020055275267133
Tr1 :  0.07748148590326309 Tr2 :  0.0929977223277092 Adv :  0.658276379108429 Adv2 :  0.7056338787078857
2dec_lbl :  0.0017606968758627772  2dec_unlbl :  0.0022716333623975515
Dsc1_lbl :  0.6614314317703247  Dsc1_unlbl :  0.6757594347000122
Dsc2 :  0.7221344709396362  Dsc2_128 :  0.6663600206375122
Epoch 15/600
Loss/valid 0.09061954199121548
Tr1 :  0.08118780702352524 Tr2 :  0.09017669409513474 Adv :  0.7009064555168152 Adv2 :  0.7032639384269714
2dec_lbl :  0.001983399037271738  2dec_unlbl :  0.0014378229388967156
Dsc1_lbl :  0.6280156970024109  Dsc1_unlbl :  0.6266884207725525
Dsc2 :  0.7220568656921387  Dsc2_128 :  0.6682663559913635
Epoch 16/600
Loss/valid 0.09764474877514519
Tr1 :  0.08184390515089035 Tr2 :  0.09493564069271088 Adv :  0.7102447152137756 Adv2 :  0.7045854330062866
2dec_lbl :  0.0017373273149132729  2dec_unlbl :  0.0015362279955297709
Dsc1_lbl :  0.6621028184890747  Dsc1_unlbl :  0.613409698009491
Dsc2 :  0.7206766605377197  Dsc2_128 :  0.6692469120025635
Epoch 17/600
Loss/valid 0.08672985685272859
Tr1 :  0.07459135353565216 Tr2 :  0.08158505707979202 Adv :  0.7158512473106384 Adv2 :  0.7052145600318909
2dec_lbl :  0.0016430916730314493  2dec_unlbl :  0.0019759705755859613
Dsc1_lbl :  0.6354883909225464  Dsc1_unlbl :  0.6196200251579285
Dsc2 :  0.7213389277458191  Dsc2_128 :  0.6689130067825317
Epoch 18/600
Loss/valid 0.08214236036516152
Tr1 :  0.07132361084222794 Tr2 :  0.0808076485991478 Adv :  0.7509984374046326 Adv2 :  0.70416659116745
2dec_lbl :  0.0016901936614885926  2dec_unlbl :  0.0013957427581772208
Dsc1_lbl :  0.6554805040359497  Dsc1_unlbl :  0.5839467644691467
Dsc2 :  0.7191235423088074  Dsc2_128 :  0.6693264245986938
Epoch 19/600
Loss/valid 0.08261900844697195
Tr1 :  0.06819911301136017 Tr2 :  0.0800669714808464 Adv :  0.7247366309165955 Adv2 :  0.7016428112983704
2dec_lbl :  0.0018113696714863181  2dec_unlbl :  0.001763346022926271
Dsc1_lbl :  0.6048955321311951  Dsc1_unlbl :  0.5833089351654053
Dsc2 :  0.7190027832984924  Dsc2_128 :  0.6703362464904785
Epoch 20/600
Loss/valid 0.08070993781662904
Tr1 :  0.07226186245679855 Tr2 :  0.0810205265879631 Adv :  0.6918895244598389 Adv2 :  0.7020304203033447
2dec_lbl :  0.001979609951376915  2dec_unlbl :  0.0017568193143233657
Dsc1_lbl :  0.6186544299125671  Dsc1_unlbl :  0.6671285629272461
Dsc2 :  0.7180829644203186  Dsc2_128 :  0.6700785160064697
Epoch 21/600
Loss/valid 0.07668965428064649
Tr1 :  0.06616440415382385 Tr2 :  0.07980995625257492 Adv :  0.801181972026825 Adv2 :  0.704131543636322
2dec_lbl :  0.0015544432681053877  2dec_unlbl :  0.001403126516379416
Dsc1_lbl :  0.6397430896759033  Dsc1_unlbl :  0.5710833668708801
Dsc2 :  0.7174193859100342  Dsc2_128 :  0.6713800430297852
Epoch 22/600
Loss/valid 0.07572863408579276
Tr1 :  0.06777513027191162 Tr2 :  0.08079858869314194 Adv :  0.815905749797821 Adv2 :  0.7034174203872681
2dec_lbl :  0.001726315007545054  2dec_unlbl :  0.001505078631453216
Dsc1_lbl :  0.6436396837234497  Dsc1_unlbl :  0.5540278553962708
Dsc2 :  0.717674732208252  Dsc2_128 :  0.6711202263832092
Epoch 23/600
Loss/valid 0.07558012477910289
Tr1 :  0.06526365131139755 Tr2 :  0.07705404609441757 Adv :  0.7588424682617188 Adv2 :  0.7036924362182617
2dec_lbl :  0.0015855502570047975  2dec_unlbl :  0.001915310393087566
Dsc1_lbl :  0.5845856070518494  Dsc1_unlbl :  0.5685033202171326
Dsc2 :  0.717452347278595  Dsc2_128 :  0.6719910502433777
Epoch 24/600
Loss/valid 0.07418311308496274
Tr1 :  0.0599563792347908 Tr2 :  0.07245863974094391 Adv :  0.7278050780296326 Adv2 :  0.7016280889511108
2dec_lbl :  0.0013950541615486145  2dec_unlbl :  0.0010962305823341012
Dsc1_lbl :  0.5674955248832703  Dsc1_unlbl :  0.6246628165245056
Dsc2 :  0.7168274521827698  Dsc2_128 :  0.6730788350105286
Epoch 25/600
Loss/valid 0.0726443780765224
Tr1 :  0.06533690541982651 Tr2 :  0.07863857597112656 Adv :  0.7636936902999878 Adv2 :  0.703149676322937
2dec_lbl :  0.0015856627142056823  2dec_unlbl :  0.0014719002647325397
Dsc1_lbl :  0.5617213249206543  Dsc1_unlbl :  0.622967541217804
Dsc2 :  0.7160937786102295  Dsc2_128 :  0.6726080179214478
Epoch 26/600
Loss/valid 0.07207806524820626
Tr1 :  0.06863635778427124 Tr2 :  0.08672487735748291 Adv :  0.8200250864028931 Adv2 :  0.7023752331733704
2dec_lbl :  0.0017465392593294382  2dec_unlbl :  0.001268757157959044
Dsc1_lbl :  0.5574392080307007  Dsc1_unlbl :  0.5806925892829895
Dsc2 :  0.7158838510513306  Dsc2_128 :  0.6734644770622253
Epoch 27/600
Loss/valid 0.0715905638375821
Tr1 :  0.05557117611169815 Tr2 :  0.0703836977481842 Adv :  0.8681285977363586 Adv2 :  0.7036221027374268
2dec_lbl :  0.0014053810155019164  2dec_unlbl :  0.001493985764682293
Dsc1_lbl :  0.6166893243789673  Dsc1_unlbl :  0.5720782279968262
Dsc2 :  0.7154374718666077  Dsc2_128 :  0.6734327077865601
Epoch 28/600
Loss/valid 0.07402099686889695
Tr1 :  0.05569252371788025 Tr2 :  0.06899603456258774 Adv :  0.8715762495994568 Adv2 :  0.7007204294204712
2dec_lbl :  0.0013930326094850898  2dec_unlbl :  0.0014458679361268878
Dsc1_lbl :  0.5675351619720459  Dsc1_unlbl :  0.550031840801239
Dsc2 :  0.7143712639808655  Dsc2_128 :  0.6737363934516907
Epoch 29/600
Loss/valid 0.06873719877778338
Tr1 :  0.06241750717163086 Tr2 :  0.07454627752304077 Adv :  0.8080282211303711 Adv2 :  0.7027516961097717
2dec_lbl :  0.001577227609232068  2dec_unlbl :  0.0013678650138899684
Dsc1_lbl :  0.501807451248169  Dsc1_unlbl :  0.5593041777610779
Dsc2 :  0.7143321633338928  Dsc2_128 :  0.6746504306793213
Epoch 30/600
Loss/valid 0.07000220502511813
Tr1 :  0.05800769850611687 Tr2 :  0.0712815448641777 Adv :  0.914779782295227 Adv2 :  0.7029410600662231
2dec_lbl :  0.0014890148304402828  2dec_unlbl :  0.0011711642146110535
Dsc1_lbl :  0.5222926139831543  Dsc1_unlbl :  0.4968827962875366
Dsc2 :  0.7138979434967041  Dsc2_128 :  0.6742193102836609
Epoch 31/600
Loss/valid 0.07042053975881292
Tr1 :  0.05463182553648949 Tr2 :  0.06871559470891953 Adv :  0.9824565052986145 Adv2 :  0.7020965218544006
2dec_lbl :  0.0015147723024711013  2dec_unlbl :  0.0012948347721248865
Dsc1_lbl :  0.5715942978858948  Dsc1_unlbl :  0.4965853691101074
Dsc2 :  0.7128796577453613  Dsc2_128 :  0.6748115420341492
Epoch 32/600
Loss/valid 0.06980466464749323
Tr1 :  0.053386252373456955 Tr2 :  0.06504221260547638 Adv :  0.9408170580863953 Adv2 :  0.7018467783927917
2dec_lbl :  0.0013573019532486796  2dec_unlbl :  0.0013342836173251271
Dsc1_lbl :  0.49546968936920166  Dsc1_unlbl :  0.5531890988349915
Dsc2 :  0.7126730680465698  Dsc2_128 :  0.6756649017333984
Epoch 33/600
Loss/valid 0.06639016262040688
Tr1 :  0.053877126425504684 Tr2 :  0.06572207063436508 Adv :  0.9749147295951843 Adv2 :  0.701853334903717
2dec_lbl :  0.0013220293913036585  2dec_unlbl :  0.0013058175100013614
Dsc1_lbl :  0.5847651362419128  Dsc1_unlbl :  0.5089345574378967
Dsc2 :  0.712019145488739  Dsc2_128 :  0.675765335559845
Epoch 34/600
Loss/valid 0.06688502108534941
Tr1 :  0.05216468498110771 Tr2 :  0.06666117161512375 Adv :  0.950122058391571 Adv2 :  0.7021902799606323
2dec_lbl :  0.0013692214852198958  2dec_unlbl :  0.0011693899286910892
Dsc1_lbl :  0.5933637022972107  Dsc1_unlbl :  0.5534355640411377
Dsc2 :  0.7127394080162048  Dsc2_128 :  0.6751922965049744
Epoch 35/600
Loss/valid 0.06635056276662418
Tr1 :  0.05706936866044998 Tr2 :  0.07095054537057877 Adv :  0.8643350005149841 Adv2 :  0.7006604671478271
2dec_lbl :  0.0014456977369263768  2dec_unlbl :  0.0010700090788304806
Dsc1_lbl :  0.43714678287506104  Dsc1_unlbl :  0.580947756767273
Dsc2 :  0.7120186686515808  Dsc2_128 :  0.6761960983276367
Epoch 36/600
Loss/valid 0.07458704373297784
Tr1 :  0.05489721521735191 Tr2 :  0.067909374833107 Adv :  0.9241324663162231 Adv2 :  0.699593722820282
2dec_lbl :  0.0014304881915450096  2dec_unlbl :  0.0011589622590690851
Dsc1_lbl :  0.5501978993415833  Dsc1_unlbl :  0.582862138748169
Dsc2 :  0.7105878591537476  Dsc2_128 :  0.6770526766777039
Epoch 37/600
Loss/valid 0.06590310948041196
Tr1 :  0.05275234580039978 Tr2 :  0.06485263258218765 Adv :  1.0786477327346802 Adv2 :  0.7005958557128906
2dec_lbl :  0.0013998380163684487  2dec_unlbl :  0.0012394000077620149
Dsc1_lbl :  0.5984889268875122  Dsc1_unlbl :  0.4720442593097687
Dsc2 :  0.710399866104126  Dsc2_128 :  0.6770567297935486
Epoch 38/600
Loss/valid 0.06599540268787397
Tr1 :  0.053211577236652374 Tr2 :  0.06701266020536423 Adv :  0.9236019253730774 Adv2 :  0.6999111175537109
2dec_lbl :  0.001296892180107534  2dec_unlbl :  0.001373547944240272
Dsc1_lbl :  0.5313252806663513  Dsc1_unlbl :  0.6262238025665283
Dsc2 :  0.7107222080230713  Dsc2_128 :  0.6772422790527344
Epoch 39/600
Loss/valid 0.06536601720234522
Tr1 :  0.05351138859987259 Tr2 :  0.06668924540281296 Adv :  1.0135325193405151 Adv2 :  0.6996510028839111
2dec_lbl :  0.0014265903737396002  2dec_unlbl :  0.0013317449484020472
Dsc1_lbl :  0.5649528503417969  Dsc1_unlbl :  0.49170762300491333
Dsc2 :  0.7096641659736633  Dsc2_128 :  0.6780524849891663
Epoch 40/600
Loss/valid 0.06471736763174143
Tr1 :  0.050027549266815186 Tr2 :  0.061827268451452255 Adv :  0.9071453213691711 Adv2 :  0.6980460286140442
2dec_lbl :  0.0012901470763608813  2dec_unlbl :  0.001156277023255825
Dsc1_lbl :  0.5153312683105469  Dsc1_unlbl :  0.5510423183441162
Dsc2 :  0.709036648273468  Dsc2_128 :  0.6781217455863953
Epoch 41/600
Loss/valid 0.06439873071100849
Tr1 :  0.054006125777959824 Tr2 :  0.06615667790174484 Adv :  0.9385548830032349 Adv2 :  0.6988911032676697
2dec_lbl :  0.001300753909163177  2dec_unlbl :  0.0011937234085053205
Dsc1_lbl :  0.5649861693382263  Dsc1_unlbl :  0.5233744382858276
Dsc2 :  0.7093307375907898  Dsc2_128 :  0.6784499883651733
Epoch 42/600
Loss/valid 0.06906984836006394
Tr1 :  0.050824668258428574 Tr2 :  0.062248557806015015 Adv :  0.8944698572158813 Adv2 :  0.697769284248352
2dec_lbl :  0.0013414340792223811  2dec_unlbl :  0.0011156945256516337
Dsc1_lbl :  0.43630996346473694  Dsc1_unlbl :  0.5689933896064758
Dsc2 :  0.7087767124176025  Dsc2_128 :  0.6784306168556213
Epoch 43/600
Loss/valid 0.06683382793114735
Tr1 :  0.0493166521191597 Tr2 :  0.06049296259880066 Adv :  0.9971098303794861 Adv2 :  0.6992273926734924
2dec_lbl :  0.0013077150797471404  2dec_unlbl :  0.001100155059248209
Dsc1_lbl :  0.5746333003044128  Dsc1_unlbl :  0.4357110559940338
Dsc2 :  0.7082017660140991  Dsc2_128 :  0.6793176531791687
Epoch 44/600
Loss/valid 0.06939480054335526
Tr1 :  0.05287362262606621 Tr2 :  0.06443619728088379 Adv :  0.9588298797607422 Adv2 :  0.6998969912528992
2dec_lbl :  0.001301307580433786  2dec_unlbl :  0.0011602159356698394
Dsc1_lbl :  0.45134153962135315  Dsc1_unlbl :  0.5107110738754272
Dsc2 :  0.7077796459197998  Dsc2_128 :  0.6791182160377502
Epoch 45/600
Loss/valid 0.06609757561594821
Tr1 :  0.05982450395822525 Tr2 :  0.07251066714525223 Adv :  1.066327452659607 Adv2 :  0.698405921459198
2dec_lbl :  0.001403512549586594  2dec_unlbl :  0.0016334260581061244
Dsc1_lbl :  0.5937854051589966  Dsc1_unlbl :  0.42272454500198364
Dsc2 :  0.7072111368179321  Dsc2_128 :  0.6797592043876648
Epoch 46/600
Loss/valid 0.06455714581534266
Tr1 :  0.0567927248775959 Tr2 :  0.07141799479722977 Adv :  0.993751049041748 Adv2 :  0.6988056302070618
2dec_lbl :  0.0014403780223801732  2dec_unlbl :  0.0010156091302633286
Dsc1_lbl :  0.41494041681289673  Dsc1_unlbl :  0.49145662784576416
Dsc2 :  0.7073860764503479  Dsc2_128 :  0.680220365524292
Epoch 47/600
Loss/valid 0.06392173354442303
Tr1 :  0.05135440453886986 Tr2 :  0.0628746822476387 Adv :  0.9905121922492981 Adv2 :  0.6989704966545105
2dec_lbl :  0.0013051324058324099  2dec_unlbl :  0.0010437960736453533
Dsc1_lbl :  0.47039300203323364  Dsc1_unlbl :  0.505687952041626
Dsc2 :  0.7067059278488159  Dsc2_128 :  0.6799364686012268
Epoch 48/600
Loss/valid 0.064315766776697
Tr1 :  0.049793608486652374 Tr2 :  0.060501206666231155 Adv :  1.0327688455581665 Adv2 :  0.6989701390266418
2dec_lbl :  0.001251248992048204  2dec_unlbl :  0.0009225301328115165
Dsc1_lbl :  0.43841108679771423  Dsc1_unlbl :  0.4493851065635681
Dsc2 :  0.7065954208374023  Dsc2_128 :  0.6809229850769043
Epoch 49/600
Loss/valid 0.06431112250384803
Tr1 :  0.048467885702848434 Tr2 :  0.06002478674054146 Adv :  1.127264380455017 Adv2 :  0.6974866986274719
2dec_lbl :  0.0011898878728970885  2dec_unlbl :  0.0009369747713208199
Dsc1_lbl :  0.5861351490020752  Dsc1_unlbl :  0.4460529685020447
Dsc2 :  0.7057377696037292  Dsc2_128 :  0.6811926960945129
Epoch 50/600
Loss/valid 0.06418586470401631
Tr1 :  0.05219164490699768 Tr2 :  0.06487555056810379 Adv :  0.9144862294197083 Adv2 :  0.698070764541626
2dec_lbl :  0.0012793877394869924  2dec_unlbl :  0.0009319744422100484
Dsc1_lbl :  0.5037261247634888  Dsc1_unlbl :  0.5181483030319214
Dsc2 :  0.7059488892555237  Dsc2_128 :  0.6810000538825989
Epoch 51/600
Loss/valid 0.06442771502770483
Tr1 :  0.05098036676645279 Tr2 :  0.06245291233062744 Adv :  1.0537017583847046 Adv2 :  0.6981731653213501
2dec_lbl :  0.0012232026783749461  2dec_unlbl :  0.0009775543585419655
Dsc1_lbl :  0.5380414724349976  Dsc1_unlbl :  0.47301459312438965
Dsc2 :  0.705416738986969  Dsc2_128 :  0.6813777089118958
Epoch 52/600
Loss/valid 0.07145307096652687
Tr1 :  0.053604044020175934 Tr2 :  0.06366710364818573 Adv :  0.9276301264762878 Adv2 :  0.6982221603393555
2dec_lbl :  0.0013147102436050773  2dec_unlbl :  0.001331162522546947
Dsc1_lbl :  0.47725310921669006  Dsc1_unlbl :  0.5077702403068542
Dsc2 :  0.7051867246627808  Dsc2_128 :  0.6817992925643921
Epoch 53/600
Loss/valid 0.08493190831862964
Tr1 :  0.056580688804388046 Tr2 :  0.06576155871152878 Adv :  1.0386627912521362 Adv2 :  0.6991329789161682
2dec_lbl :  0.0013136405032128096  2dec_unlbl :  0.0018186572706326842
Dsc1_lbl :  0.5551221370697021  Dsc1_unlbl :  0.5002744197845459
Dsc2 :  0.7052198052406311  Dsc2_128 :  0.6822319626808167
Epoch 54/600
Loss/valid 0.0638388568499627
Tr1 :  0.05253399536013603 Tr2 :  0.0638471320271492 Adv :  0.9911824464797974 Adv2 :  0.6984620690345764
2dec_lbl :  0.0014041782123968005  2dec_unlbl :  0.001233937218785286
Dsc1_lbl :  0.4852431118488312  Dsc1_unlbl :  0.5516082644462585
Dsc2 :  0.7045058012008667  Dsc2_128 :  0.6820123195648193
Epoch 55/600
Loss/valid 0.06192799263562147
Tr1 :  0.05120512843132019 Tr2 :  0.06330832839012146 Adv :  0.9312886595726013 Adv2 :  0.6962918043136597
2dec_lbl :  0.0013155488995835185  2dec_unlbl :  0.001011860789731145
Dsc1_lbl :  0.45776331424713135  Dsc1_unlbl :  0.5621898174285889
Dsc2 :  0.7040170431137085  Dsc2_128 :  0.6826602816581726
Epoch 56/600
Loss/valid 0.0643108705094514
Tr1 :  0.05053995922207832 Tr2 :  0.06193111091852188 Adv :  1.0349105596542358 Adv2 :  0.6965534090995789
2dec_lbl :  0.0012486919295042753  2dec_unlbl :  0.0011939503019675612
Dsc1_lbl :  0.5046411156654358  Dsc1_unlbl :  0.5113233923912048
Dsc2 :  0.7044265866279602  Dsc2_128 :  0.6835856437683105
Epoch 57/600
Loss/valid 0.06416243703391117
Tr1 :  0.05023113638162613 Tr2 :  0.06238367781043053 Adv :  1.0849077701568604 Adv2 :  0.697117269039154
2dec_lbl :  0.001214676769450307  2dec_unlbl :  0.0010344982147216797
Dsc1_lbl :  0.4309859275817871  Dsc1_unlbl :  0.48838332295417786
Dsc2 :  0.7035910487174988  Dsc2_128 :  0.6832079291343689
Epoch 58/600
Loss/valid 0.06233180982347291
Tr1 :  0.04413989186286926 Tr2 :  0.05602387338876724 Adv :  1.071094036102295 Adv2 :  0.6968741416931152
2dec_lbl :  0.0011955208610743284  2dec_unlbl :  0.0010513606248423457
Dsc1_lbl :  0.5245421528816223  Dsc1_unlbl :  0.5061371922492981
Dsc2 :  0.7037510275840759  Dsc2_128 :  0.6836304068565369
Epoch 59/600
Loss/valid 0.061324079879201375
Tr1 :  0.045984525233507156 Tr2 :  0.05829169973731041 Adv :  1.068296194076538 Adv2 :  0.6971132159233093
2dec_lbl :  0.0011448708828538656  2dec_unlbl :  0.0009628355619497597
Dsc1_lbl :  0.4952216148376465  Dsc1_unlbl :  0.4611888527870178
Dsc2 :  0.7027980089187622  Dsc2_128 :  0.6830427050590515
Epoch 60/600
Loss/valid 0.06412136950530112
Tr1 :  0.04143980145454407 Tr2 :  0.050088852643966675 Adv :  1.125596046447754 Adv2 :  0.6961219906806946
2dec_lbl :  0.0009515220299363136  2dec_unlbl :  0.0009466963238082826
Dsc1_lbl :  0.5988275408744812  Dsc1_unlbl :  0.4894338846206665
Dsc2 :  0.7030357122421265  Dsc2_128 :  0.6840956807136536
Epoch 61/600
Loss/valid 0.0622264187102421
Tr1 :  0.04961948096752167 Tr2 :  0.06267597526311874 Adv :  0.9921558499336243 Adv2 :  0.6975328326225281
2dec_lbl :  0.001225249725393951  2dec_unlbl :  0.0010586839634925127
Dsc1_lbl :  0.43529754877090454  Dsc1_unlbl :  0.508677065372467
Dsc2 :  0.7026895880699158  Dsc2_128 :  0.6838002800941467
Epoch 62/600
Loss/valid 0.06432973856751162
Tr1 :  0.04860098659992218 Tr2 :  0.06043728068470955 Adv :  0.9776768684387207 Adv2 :  0.6956536769866943
2dec_lbl :  0.001169454539194703  2dec_unlbl :  0.0008969817426986992
Dsc1_lbl :  0.4370257258415222  Dsc1_unlbl :  0.5686563849449158
Dsc2 :  0.702505350112915  Dsc2_128 :  0.6842867136001587
Epoch 63/600
Loss/valid 0.06594975942817445
Tr1 :  0.04794861003756523 Tr2 :  0.06076742336153984 Adv :  1.1164987087249756 Adv2 :  0.6962502002716064
2dec_lbl :  0.0013218858512118459  2dec_unlbl :  0.001061774673871696
Dsc1_lbl :  0.44417423009872437  Dsc1_unlbl :  0.4379304349422455
Dsc2 :  0.7019307017326355  Dsc2_128 :  0.6845239400863647
Epoch 64/600
Loss/valid 0.06336117695228985
Tr1 :  0.04969283565878868 Tr2 :  0.061943795531988144 Adv :  1.1570852994918823 Adv2 :  0.6958006620407104
2dec_lbl :  0.001177527359686792  2dec_unlbl :  0.0009355004876852036
Dsc1_lbl :  0.47953569889068604  Dsc1_unlbl :  0.4435560405254364
Dsc2 :  0.7019326090812683  Dsc2_128 :  0.6847932934761047
Epoch 65/600
Loss/valid 0.06099257159691591
Tr1 :  0.04902755469083786 Tr2 :  0.05975191667675972 Adv :  1.114305853843689 Adv2 :  0.696202278137207
2dec_lbl :  0.0012214680900797248  2dec_unlbl :  0.001046667224727571
Dsc1_lbl :  0.4225633144378662  Dsc1_unlbl :  0.45463553071022034
Dsc2 :  0.701693058013916  Dsc2_128 :  0.6847415566444397
Epoch 66/600
Loss/valid 0.06667078692967501
Tr1 :  0.046490542590618134 Tr2 :  0.058826565742492676 Adv :  1.145199179649353 Adv2 :  0.6959500908851624
2dec_lbl :  0.001192282186821103  2dec_unlbl :  0.0009895291877910495
Dsc1_lbl :  0.5097909569740295  Dsc1_unlbl :  0.43942785263061523
Dsc2 :  0.7011651992797852  Dsc2_128 :  0.6851810812950134
Epoch 67/600
Loss/valid 0.06629845619989702
Tr1 :  0.0454939566552639 Tr2 :  0.05806751176714897 Adv :  1.181066870689392 Adv2 :  0.6957455277442932
2dec_lbl :  0.0012105603236705065  2dec_unlbl :  0.0009977519512176514
Dsc1_lbl :  0.5229064226150513  Dsc1_unlbl :  0.42204803228378296
Dsc2 :  0.7012320756912231  Dsc2_128 :  0.6852617859840393
Epoch 68/600
Loss/valid 0.07312280958733307
Tr1 :  0.0473247691988945 Tr2 :  0.05679014325141907 Adv :  1.0896052122116089 Adv2 :  0.69561368227005
2dec_lbl :  0.0011194463586434722  2dec_unlbl :  0.0009860319551080465
Dsc1_lbl :  0.5174953937530518  Dsc1_unlbl :  0.4811280071735382
Dsc2 :  0.7011210918426514  Dsc2_128 :  0.6858534216880798
Epoch 69/600
Loss/valid 0.06470183609053493
Tr1 :  0.044802241027355194 Tr2 :  0.055561572313308716 Adv :  1.0585235357284546 Adv2 :  0.695399284362793
2dec_lbl :  0.0011490191100165248  2dec_unlbl :  0.0009944731136783957
Dsc1_lbl :  0.4786580801010132  Dsc1_unlbl :  0.5096396803855896
Dsc2 :  0.7007529139518738  Dsc2_128 :  0.6859557032585144
Epoch 70/600
Loss/valid 0.06122647331526073
Tr1 :  0.046921391040086746 Tr2 :  0.058378685265779495 Adv :  1.1856335401535034 Adv2 :  0.694696843624115
2dec_lbl :  0.0011228369548916817  2dec_unlbl :  0.0009227104601450264
Dsc1_lbl :  0.46321630477905273  Dsc1_unlbl :  0.3859182596206665
Dsc2 :  0.7005926370620728  Dsc2_128 :  0.6859408617019653
Epoch 71/600
Loss/valid 0.06569460704206274
Tr1 :  0.04718702286481857 Tr2 :  0.05853858217597008 Adv :  1.1143585443496704 Adv2 :  0.694392204284668
2dec_lbl :  0.0012179830810055137  2dec_unlbl :  0.000830870762001723
Dsc1_lbl :  0.4758099615573883  Dsc1_unlbl :  0.38729235529899597
Dsc2 :  0.7005403637886047  Dsc2_128 :  0.6863505840301514
Epoch 72/600
Loss/valid 0.06290290232461232
Tr1 :  0.04638173431158066 Tr2 :  0.05743199214339256 Adv :  1.0083794593811035 Adv2 :  0.6948492527008057
2dec_lbl :  0.0011135785607621074  2dec_unlbl :  0.0009665575926192105
Dsc1_lbl :  0.5085193514823914  Dsc1_unlbl :  0.5729081034660339
Dsc2 :  0.7001919746398926  Dsc2_128 :  0.686486005783081
Epoch 73/600
Loss/valid 0.06444735647752307
Tr1 :  0.04566079378128052 Tr2 :  0.05615885928273201 Adv :  0.9589463472366333 Adv2 :  0.6950573325157166
2dec_lbl :  0.0011485820868983865  2dec_unlbl :  0.0010030592093244195
Dsc1_lbl :  0.337393581867218  Dsc1_unlbl :  0.5597963333129883
Dsc2 :  0.7001228928565979  Dsc2_128 :  0.6865026354789734
Epoch 74/600
Loss/valid 0.06232501580738104
Tr1 :  0.04567375406622887 Tr2 :  0.05528786778450012 Adv :  1.0291575193405151 Adv2 :  0.6947917938232422
2dec_lbl :  0.00118435884360224  2dec_unlbl :  0.0012770482571795583
Dsc1_lbl :  0.47016870975494385  Dsc1_unlbl :  0.5461264848709106
Dsc2 :  0.6997376084327698  Dsc2_128 :  0.6869083642959595
Epoch 75/600
Loss/valid 0.06664689950859891
Tr1 :  0.043309301137924194 Tr2 :  0.05452955514192581 Adv :  0.9968813061714172 Adv2 :  0.6946234703063965
2dec_lbl :  0.0010499326745048165  2dec_unlbl :  0.0010628234595060349
Dsc1_lbl :  0.4675435721874237  Dsc1_unlbl :  0.5450775623321533
Dsc2 :  0.6996712684631348  Dsc2_128 :  0.6870702505111694
Epoch 76/600
Loss/valid 0.10301349150876586
Tr1 :  0.05615120008587837 Tr2 :  0.0587511770427227 Adv :  1.1748971939086914 Adv2 :  0.6945116519927979
2dec_lbl :  0.0013836704893037677  2dec_unlbl :  0.0013678786344826221
Dsc1_lbl :  0.6039562821388245  Dsc1_unlbl :  0.454254686832428
Dsc2 :  0.6993005871772766  Dsc2_128 :  0.6871547698974609
Epoch 77/600
Loss/valid 0.07706300455790299
Tr1 :  0.06646199524402618 Tr2 :  0.07921456545591354 Adv :  0.8943284153938293 Adv2 :  0.6939936280250549
2dec_lbl :  0.0014564660377800465  2dec_unlbl :  0.0014183562016114593
Dsc1_lbl :  0.44601908326148987  Dsc1_unlbl :  0.6451622247695923
Dsc2 :  0.6990268230438232  Dsc2_128 :  0.6874613165855408
Epoch 78/600
Loss/valid 0.0643444807232859
Tr1 :  0.05227501317858696 Tr2 :  0.06264682859182358 Adv :  1.0029027462005615 Adv2 :  0.6943715214729309
2dec_lbl :  0.0012731465976685286  2dec_unlbl :  0.0008757132454775274
Dsc1_lbl :  0.4619762599468231  Dsc1_unlbl :  0.47857820987701416
Dsc2 :  0.6992548108100891  Dsc2_128 :  0.6877464056015015
Epoch 79/600
Loss/valid 0.061102835049566165
Tr1 :  0.04807088151574135 Tr2 :  0.05811005458235741 Adv :  1.0079697370529175 Adv2 :  0.6946394443511963
2dec_lbl :  0.0011899721575900912  2dec_unlbl :  0.0013100724900141358
Dsc1_lbl :  0.4532589912414551  Dsc1_unlbl :  0.4534325897693634
Dsc2 :  0.6988093256950378  Dsc2_128 :  0.6874348521232605
Epoch 80/600
Loss/valid 0.065121902905118
Tr1 :  0.04651420935988426 Tr2 :  0.0568704679608345 Adv :  0.9719292521476746 Adv2 :  0.694196879863739
2dec_lbl :  0.0011547089088708162  2dec_unlbl :  0.001030097366310656
Dsc1_lbl :  0.4472739100456238  Dsc1_unlbl :  0.509564220905304
Dsc2 :  0.6988704204559326  Dsc2_128 :  0.6875268220901489
Epoch 81/600
Loss/valid 0.06051752148554302
Tr1 :  0.045712172985076904 Tr2 :  0.055251505225896835 Adv :  0.9362045526504517 Adv2 :  0.6942119598388672
2dec_lbl :  0.001137855346314609  2dec_unlbl :  0.0015556341968476772
Dsc1_lbl :  0.43973326683044434  Dsc1_unlbl :  0.5312622785568237
Dsc2 :  0.6985950469970703  Dsc2_128 :  0.6878808736801147
Epoch 82/600
0.8075052682768682 0.6315829013597777 0.5041234077019364 0.6524986618656027
0.677156256371916 0.4615426846006039 0.3370086879476262 0.4842285817459601
0.891292574931584 0.7425677851061065 0.49516774939131414 0.7284955160234994
saving model.......................................................................................
Loss/valid 0.06413457531911823
Tr1 :  0.049072183668613434 Tr2 :  0.06074763089418411 Adv :  1.1051744222640991 Adv2 :  0.69447261095047
2dec_lbl :  0.0012047881027683616  2dec_unlbl :  0.0011540815467014909
Dsc1_lbl :  0.3987119197845459  Dsc1_unlbl :  0.4709382653236389
Dsc2 :  0.6984091401100159  Dsc2_128 :  0.6882176995277405
Epoch 83/600
0.7989859260189865 0.6705894748141802 0.49167722855935786 0.7089771216358717
0.6652594197922925 0.5044261814614772 0.325976135790712 0.5491592236802386
0.8894680270331947 0.7478036150984358 0.49237759850748664 0.7747045317057426
saving model.......................................................................................
Loss/valid 0.060720898067721955
Tr1 :  0.04697698354721069 Tr2 :  0.05798651650547981 Adv :  1.0984265804290771 Adv2 :  0.6939470767974854
2dec_lbl :  0.0011638384312391281  2dec_unlbl :  0.0008388123824261129
Dsc1_lbl :  0.4768506586551666  Dsc1_unlbl :  0.5434919595718384
Dsc2 :  0.698040246963501  Dsc2_128 :  0.6880951523780823
Epoch 84/600
0.8079869205849406 0.650770425226947 0.4964580749584848 0.6575791584177144
0.6778339386858347 0.4823274240311622 0.33019237221787273 0.48984576076950537
0.8927894966263983 0.7482889469419167 0.49768917877960184 0.7615373575273631
Loss/valid 0.06301217169787449
Tr1 :  0.0423511378467083 Tr2 :  0.05321596935391426 Adv :  1.102199912071228 Adv2 :  0.6939379572868347
2dec_lbl :  0.0011008739238604903  2dec_unlbl :  0.0009713314357213676
Dsc1_lbl :  0.4139951169490814  Dsc1_unlbl :  0.4573530852794647
Dsc2 :  0.6979730129241943  Dsc2_128 :  0.6882504224777222
Epoch 85/600
0.7800462179522171 0.681864271954457 0.49044976393605566 0.7117267418887475
0.639406368856738 0.5172944314053961 0.3248979412668452 0.552465664724125
0.8888246486661512 0.7516999269130874 0.48781774605859973 0.7728949861142018
Loss/valid 0.06141847733838054
Tr1 :  0.045006200671195984 Tr2 :  0.05635527893900871 Adv :  1.1599762439727783 Adv2 :  0.694230318069458
2dec_lbl :  0.001085233292542398  2dec_unlbl :  0.0007986720884218812
Dsc1_lbl :  0.43398693203926086  Dsc1_unlbl :  0.39208775758743286
Dsc2 :  0.6978156566619873  Dsc2_128 :  0.6883185505867004
Epoch 86/600
0.8058033276295191 0.628290997844251 0.49573777322522966 0.7284969349129605
0.6747660132313039 0.45803519322016695 0.3295554221873413 0.5729415484052269
0.8919400624427047 0.7336850322848552 0.49047142760782453 0.7905281871864006
Loss/valid 0.062482627001232825
Tr1 :  0.045190777629613876 Tr2 :  0.054385244846343994 Adv :  1.1183985471725464 Adv2 :  0.693924605846405
2dec_lbl :  0.0010692799696698785  2dec_unlbl :  0.0009320590761490166
Dsc1_lbl :  0.4380399286746979  Dsc1_unlbl :  0.47118180990219116
Dsc2 :  0.6975687146186829  Dsc2_128 :  0.6887139081954956
Epoch 87/600
0.8071964848852705 0.6754201871261559 0.501929917505487 0.7337601029227148
0.6767220876337128 0.5099127893703483 0.335051025563302 0.5794795319720757
0.8938007972628634 0.7537851611671896 0.4945942789061925 0.7967950097219135
saving model.......................................................................................
Loss/valid 0.05984884581098763
Tr1 :  0.04352225735783577 Tr2 :  0.05364086106419563 Adv :  1.142395257949829 Adv2 :  0.6939660310745239
2dec_lbl :  0.0010983183747157454  2dec_unlbl :  0.0009473664104007185
Dsc1_lbl :  0.4908739924430847  Dsc1_unlbl :  0.46683648228645325
Dsc2 :  0.697524905204773  Dsc2_128 :  0.6891060471534729
Epoch 88/600
0.7950920594478488 0.6495818170210049 0.5067238067090292 0.7189609748065207
0.6598778484964556 0.4810227122298077 0.33933696190004947 0.5612326874256884
0.8912068077316107 0.7477509212921619 0.5014910019484582 0.7823248333728131
Loss/valid 0.06239122607243749
Tr1 :  0.04353326931595802 Tr2 :  0.0534285269677639 Adv :  1.044472098350525 Adv2 :  0.6941087245941162
2dec_lbl :  0.001034029759466648  2dec_unlbl :  0.0008979089907370508
Dsc1_lbl :  0.4198349118232727  Dsc1_unlbl :  0.5201677680015564
Dsc2 :  0.6976470947265625  Dsc2_128 :  0.6891267895698547
Epoch 89/600
0.7993292485057555 0.6561070192767512 0.5051981691090374 0.7339296639311407
0.6657355878045533 0.48821374074269747 0.33796999620205087 0.5796910669354973
0.892138122259026 0.7444175451445755 0.49964624281246117 0.790925614348285
Loss/valid 0.06279494262372072
Tr1 :  0.041660573333501816 Tr2 :  0.05264163017272949 Adv :  1.0957770347595215 Adv2 :  0.693865954875946
2dec_lbl :  0.0010444453218951821  2dec_unlbl :  0.0009444347815588117
Dsc1_lbl :  0.4152642786502838  Dsc1_unlbl :  0.48442864418029785
Dsc2 :  0.6971718668937683  Dsc2_128 :  0.6892256140708923
Epoch 90/600
0.7983532370585739 0.6713058101784644 0.49245767735985774 0.7204538547259648
0.6643826303033858 0.5052372587469741 0.32666258848204144 0.5630542183937167
0.8906535073872516 0.7370206302077105 0.4920526633852481 0.7804328291287702
Loss/valid 0.060924052010075405
Tr1 :  0.04481543228030205 Tr2 :  0.05458001419901848 Adv :  1.0877512693405151 Adv2 :  0.6940943002700806
2dec_lbl :  0.0010446656960994005  2dec_unlbl :  0.001015070709399879
Dsc1_lbl :  0.4248698651790619  Dsc1_unlbl :  0.5131286978721619
Dsc2 :  0.6970937848091125  Dsc2_128 :  0.6894336342811584
Epoch 91/600
0.806494228442497 0.6357702180900404 0.4960433329101604 0.7094398139174258
0.6757355076633076 0.46602868997621816 0.32982554867754643 0.549714629017723
0.8950644833248065 0.7352589042846873 0.49942092566847257 0.7745912859717022
Loss/valid 0.06433665360180804
Tr1 :  0.046339213848114014 Tr2 :  0.059921689331531525 Adv :  1.308794617652893 Adv2 :  0.6939111351966858
2dec_lbl :  0.0013001201441511512  2dec_unlbl :  0.0011996275279670954
Dsc1_lbl :  0.4805964529514313  Dsc1_unlbl :  0.37979868054389954
Dsc2 :  0.6970583200454712  Dsc2_128 :  0.6895670890808105
Epoch 92/600
0.7966384864073076 0.6333697559106878 0.5069153505004645 0.6854430068381955
0.6620109396958409 0.4634536361609276 0.33950878181647415 0.521425096366154
0.8957691908458322 0.7386003597260742 0.5049148731549078 0.7913152849715093
Loss/valid 0.06356710539414333
Tr1 :  0.04311779513955116 Tr2 :  0.053177375346422195 Adv :  1.1862186193466187 Adv2 :  0.6938847303390503
2dec_lbl :  0.0010656578233465552  2dec_unlbl :  0.001056225853972137
Dsc1_lbl :  0.4576883018016815  Dsc1_unlbl :  0.478162556886673
Dsc2 :  0.6967135071754456  Dsc2_128 :  0.6895101070404053
Epoch 93/600
0.8134599066426792 0.6726108295053055 0.4784914819975727 0.7070442112814995
0.6855730465381836 0.5067171289747945 0.31448491831368725 0.546843300792426
0.8954067731522352 0.7435709683005323 0.4952785480926407 0.7633824020441404
Loss/valid 0.06109461960239479
Tr1 :  0.042362030595541 Tr2 :  0.05300922319293022 Adv :  1.0445774793624878 Adv2 :  0.6938734650611877
2dec_lbl :  0.0010681546991690993  2dec_unlbl :  0.0008526074816472828
Dsc1_lbl :  0.41260936856269836  Dsc1_unlbl :  0.4164111316204071
Dsc2 :  0.6966548562049866  Dsc2_128 :  0.689738929271698
Epoch 94/600
0.7846624540688468 0.6669134264753691 0.49773376499714345 0.7314326683817637
0.6456333523931931 0.5002776561705778 0.33132194107803864 0.5765816682735463
0.8887811998809119 0.7354632663626681 0.494453815731507 0.7814168208292498
Loss/valid 0.0634222216008661
Tr1 :  0.04355962947010994 Tr2 :  0.054081231355667114 Adv :  1.1472597122192383 Adv2 :  0.6938163042068481
2dec_lbl :  0.0010523850796744227  2dec_unlbl :  0.0009508045623078942
Dsc1_lbl :  0.3614272475242615  Dsc1_unlbl :  0.4383743107318878
Dsc2 :  0.6964589953422546  Dsc2_128 :  0.6899104714393616
Epoch 95/600
0.791540691283257 0.597214052909467 0.5058108275776501 0.710322821074207
0.6549998709710717 0.4257342712536627 0.3385186005314438 0.5507756767983241
0.8911619125580902 0.7302521256589434 0.5076605437749105 0.7766263455353127
Loss/valid 0.06791488618518297
Tr1 :  0.044351257383823395 Tr2 :  0.05328349396586418 Adv :  1.1508007049560547 Adv2 :  0.6937033534049988
2dec_lbl :  0.0011386051774024963  2dec_unlbl :  0.001229488174431026
Dsc1_lbl :  0.5339022874832153  Dsc1_unlbl :  0.40917834639549255
Dsc2 :  0.696373462677002  Dsc2_128 :  0.6900706887245178
Epoch 96/600
0.8008172756725028 0.6524726330638712 0.5131973766957146 0.7267744424876823
0.6678025453723925 0.4841999124273054 0.3451684632861217 0.5708135830289843
0.8926571451552348 0.7398454244255755 0.5112158744550875 0.7915248508039561
Loss/valid 0.06184867966490296
Tr1 :  0.047329265624284744 Tr2 :  0.05776530131697655 Adv :  1.1332340240478516 Adv2 :  0.6939367055892944
2dec_lbl :  0.0012220194330438972  2dec_unlbl :  0.00109407480340451
Dsc1_lbl :  0.4164884686470032  Dsc1_unlbl :  0.47224053740501404
Dsc2 :  0.69614577293396  Dsc2_128 :  0.6900798082351685
Epoch 97/600
0.798523173104526 0.6699700255479256 0.5035084220260004 0.7074489153987744
0.6646180394239065 0.5037255087607555 0.33645924202772126 0.5473276250563317
0.8932834594135098 0.7383722007889879 0.5011672010959555 0.7882001104465389
Loss/valid 0.06013646569604484
Tr1 :  0.041811779141426086 Tr2 :  0.05253777652978897 Adv :  1.2162275314331055 Adv2 :  0.6937091946601868
2dec_lbl :  0.0010306995827704668  2dec_unlbl :  0.0012051464291289449
Dsc1_lbl :  0.5129266977310181  Dsc1_unlbl :  0.40391162037849426
Dsc2 :  0.6960522532463074  Dsc2_128 :  0.6903760433197021
Epoch 98/600
0.7941752344164513 0.6921357268537618 0.49575634801439 0.7139408108196685
0.6586157931763136 0.5292106689241836 0.3295718398811182 0.5551383768539441
0.8936277934132189 0.7546787412782279 0.48946668272539556 0.7798055841092202
Loss/valid 0.059892793830770716
Tr1 :  0.043484557420015335 Tr2 :  0.05400923639535904 Adv :  1.1729298830032349 Adv2 :  0.693728506565094
2dec_lbl :  0.0010521168587729335  2dec_unlbl :  0.0008683392661623657
Dsc1_lbl :  0.4509688913822174  Dsc1_unlbl :  0.48275241255760193
Dsc2 :  0.6958324909210205  Dsc2_128 :  0.6904280781745911
Epoch 99/600
0.7978439366798247 0.6316352139266516 0.49431408252310444 0.6517629373177843
0.6636775049624579 0.4615985593572517 0.32829827043307624 0.48341864747520824
0.8876914543362849 0.688356771584599 0.49017829338277247 0.703572077194681
Loss/valid 0.06528377738924554
Tr1 :  0.06817056238651276 Tr2 :  0.07445692270994186 Adv :  1.0913968086242676 Adv2 :  0.693792998790741
2dec_lbl :  0.0015016846591606736  2dec_unlbl :  0.001189596252515912
Dsc1_lbl :  0.5116314888000488  Dsc1_unlbl :  0.4982246160507202
Dsc2 :  0.6956735849380493  Dsc2_128 :  0.6905959248542786
Epoch 100/600
0.8011009925370367 0.6760122198864956 0.5060802874317695 0.6874283397996409
0.6681972272479212 0.5105879601309776 0.33876003052517173 0.5237263310215823
0.8925580143025379 0.7496882546164932 0.5021748629182202 0.7637042971994591
Loss/valid 0.060540812054219156
Tr1 :  0.049114372581243515 Tr2 :  0.0594644658267498 Adv :  1.0684194564819336 Adv2 :  0.6938493251800537
2dec_lbl :  0.0012223749654367566  2dec_unlbl :  0.0010991105809807777
Dsc1_lbl :  0.44679561257362366  Dsc1_unlbl :  0.4296008348464966
Dsc2 :  0.695746898651123  Dsc2_128 :  0.6906231045722961
Epoch 101/600
0.8071712016269074 0.6636832392421771 0.5028087665163382 0.704776769746041
0.6766865477491939 0.496651137463698 0.3358346985150346 0.5441353685479012
0.8927654279494245 0.7418684523345446 0.4992295454524808 0.7665672742978867
Loss/valid 0.06127898386106468
Tr1 :  0.0442446731030941 Tr2 :  0.054664384573698044 Adv :  1.0895411968231201 Adv2 :  0.6936812996864319
2dec_lbl :  0.0010912308935075998  2dec_unlbl :  0.0009241794468834996
Dsc1_lbl :  0.4440496563911438  Dsc1_unlbl :  0.4425046443939209
Dsc2 :  0.6954956650733948  Dsc2_128 :  0.6909580230712891
Epoch 102/600
0.8071841034585386 0.6596325629443579 0.5037436687954195 0.6888701592512088
0.6767046832616399 0.4921281618071528 0.3366693649275149 0.5254019379635143
0.8905444792416631 0.7370215852562103 0.4976096934909256 0.7698387367990005
Loss/valid 0.06282730658466999
Tr1 :  0.04105887562036514 Tr2 :  0.05065501853823662 Adv :  1.2191622257232666 Adv2 :  0.6938356161117554
2dec_lbl :  0.001075094100087881  2dec_unlbl :  0.0008758582407608628
Dsc1_lbl :  0.5014311671257019  Dsc1_unlbl :  0.4053717255592346
Dsc2 :  0.6953282356262207  Dsc2_128 :  0.6909662485122681
Epoch 103/600
0.8017041776827434 0.6563736487010144 0.5084452143785189 0.7049532446681566
0.6690369462629129 0.4885090621112396 0.3408826945412311 0.5443457865639135
0.893292706332951 0.7447832159632906 0.5057833160514605 0.7644367177769918
Loss/valid 0.06310653321158427
Tr1 :  0.042550817131996155 Tr2 :  0.05326930806040764 Adv :  1.08460533618927 Adv2 :  0.6938368082046509
2dec_lbl :  0.0010216471273452044  2dec_unlbl :  0.0009261355153284967
Dsc1_lbl :  0.3489089012145996  Dsc1_unlbl :  0.5066562294960022
Dsc2 :  0.6952178478240967  Dsc2_128 :  0.6910923719406128
Epoch 104/600
0.7997572020733663 0.6387748534451267 0.5079556741387032 0.7136273216079413
0.6663295155404488 0.4692646584305344 0.3404427504829531 0.5547593894018036
0.8940662252567646 0.741241952202712 0.5055384560869969 0.7822717321642819
Loss/valid 0.06353896227665246
Tr1 :  0.0421142540872097 Tr2 :  0.05283559486269951 Adv :  1.135978102684021 Adv2 :  0.693701982498169
2dec_lbl :  0.0011068633757531643  2dec_unlbl :  0.0010797953000292182
Dsc1_lbl :  0.40167027711868286  Dsc1_unlbl :  0.44698289036750793
Dsc2 :  0.6952077746391296  Dsc2_128 :  0.6911445260047913
Epoch 105/600
0.7949040470260538 0.6781333423444733 0.5103323094107791 0.6411034915981783
0.6596188835124561 0.5130119126744721 0.3425813103383635 0.47178242613351823
0.8941507858222252 0.7490403911251706 0.5116524229454461 0.7757689539581369
Loss/valid 0.06181684596678959
Tr1 :  0.044424813240766525 Tr2 :  0.05397406220436096 Adv :  1.2232890129089355 Adv2 :  0.6936823129653931
2dec_lbl :  0.001074938802048564  2dec_unlbl :  0.0011681837495416403
Dsc1_lbl :  0.3808452785015106  Dsc1_unlbl :  0.39051687717437744
Dsc2 :  0.6951255798339844  Dsc2_128 :  0.6911872029304504
Epoch 106/600
0.8101312217851389 0.6566604051295813 0.5070705594328937 0.6884702910724284
0.6808576177623252 0.4888268071878906 0.3396480407274151 0.5249368629517251
0.8941814278114772 0.7354678012738229 0.5030765698008256 0.7728240214362325
Loss/valid 0.06209534240098527
Tr1 :  0.04721695929765701 Tr2 :  0.0564328208565712 Adv :  1.376542568206787 Adv2 :  0.6937317848205566
2dec_lbl :  0.0012693777680397034  2dec_unlbl :  0.0012282347306609154
Dsc1_lbl :  0.5216143727302551  Dsc1_unlbl :  0.44025832414627075
Dsc2 :  0.6949741244316101  Dsc2_128 :  0.6912321448326111
Epoch 107/600
0.7993997352151055 0.6817835682058297 0.4930722988394895 0.7146864615251823
0.6658333824025352 0.5172015397182406 0.3272036863213585 0.556040561412934
0.8911036821191841 0.7473609914065894 0.49774432057806817 0.7791810521608249
Loss/valid 0.06011330805575618
Tr1 :  0.0456266924738884 Tr2 :  0.057708900421857834 Adv :  1.1855745315551758 Adv2 :  0.6937382221221924
2dec_lbl :  0.001154491095803678  2dec_unlbl :  0.0008530538761988282
Dsc1_lbl :  0.4315529763698578  Dsc1_unlbl :  0.49044907093048096
Dsc2 :  0.6948487758636475  Dsc2_128 :  0.6914931535720825
Epoch 108/600
0.8015455306951499 0.6775305512208512 0.49814311352772883 0.7160670044758011
0.6688160053006246 0.5123222709199979 0.3316848083293895 0.5577136867515802
0.8914219457726081 0.741409122561537 0.4919210311269621 0.7752866358651644
Loss/valid 0.0608060303896379
Tr1 :  0.040343087166547775 Tr2 :  0.04972285404801369 Adv :  1.2019675970077515 Adv2 :  0.6936183571815491
2dec_lbl :  0.000985527760349214  2dec_unlbl :  0.000955417228396982
Dsc1_lbl :  0.41912171244621277  Dsc1_unlbl :  0.42077916860580444
Dsc2 :  0.6946556568145752  Dsc2_128 :  0.6915807723999023
Epoch 109/600
0.8038170688956058 0.6782634407870036 0.5035025017869906 0.6378568584894756
0.6719850684990708 0.5131608383374544 0.3364539549102025 0.46827447061263744
0.8935529484543467 0.7503322940822759 0.5015056520974758 0.747931627629796
Loss/valid 0.060720000917521805
Tr1 :  0.04278133809566498 Tr2 :  0.053060032427310944 Adv :  1.2647514343261719 Adv2 :  0.6936189532279968
2dec_lbl :  0.0010788888903334737  2dec_unlbl :  0.0008649035589769483
Dsc1_lbl :  0.42956507205963135  Dsc1_unlbl :  0.4594666063785553
Dsc2 :  0.6946184039115906  Dsc2_128 :  0.6916344165802002
Epoch 110/600
0.8057006056771222 0.6843084532871775 0.5067302142870441 0.7158273381294964
0.674621966239817 0.5201131336572631 0.33934270895671254 0.5574229691876751
0.8938618681556962 0.7563929164323794 0.5044589192531964 0.7812412824742779
Loss/valid 0.05908386414655699
Tr1 :  0.0401558019220829 Tr2 :  0.05052076652646065 Adv :  1.3112976551055908 Adv2 :  0.6936385035514832
2dec_lbl :  0.0009613732108846307  2dec_unlbl :  0.0009567835368216038
Dsc1_lbl :  0.4601518213748932  Dsc1_unlbl :  0.3895229399204254
Dsc2 :  0.6945585608482361  Dsc2_128 :  0.691710352897644
Epoch 111/600
0.7791443657530049 0.6326746763911945 0.5150728456292624 0.7223208648989898
0.6381953311241171 0.46270968983545563 0.34686741643399527 0.5653382332504671
0.8920184204870315 0.7400063750295627 0.511921299902294 0.7917040336346458
Loss/valid 0.06603900199899307
Tr1 :  0.04392829164862633 Tr2 :  0.05384420230984688 Adv :  1.1306384801864624 Adv2 :  0.6937123537063599
2dec_lbl :  0.001123191206716001  2dec_unlbl :  0.0009061245364136994
Dsc1_lbl :  0.41046953201293945  Dsc1_unlbl :  0.42987021803855896
Dsc2 :  0.694490909576416  Dsc2_128 :  0.6918345093727112
Epoch 112/600
0.815390644315462 0.6741347784483331 0.5049581378777983 0.7261461959224267
0.6883202807766792 0.5084489490261986 0.33775518309635394 0.5700388801274144
0.8973966386535112 0.7408079505825983 0.5046805452818622 0.7905099947673316
saving model.......................................................................................
Loss/valid 0.060105986606616243
Tr1 :  0.04112841933965683 Tr2 :  0.05178375169634819 Adv :  1.1675366163253784 Adv2 :  0.693576455116272
2dec_lbl :  0.0010212586494162679  2dec_unlbl :  0.00100145663600415
Dsc1_lbl :  0.4923153221607208  Dsc1_unlbl :  0.44980189204216003
Dsc2 :  0.6944634914398193  Dsc2_128 :  0.691910982131958
Epoch 113/600
0.805690997149601 0.6580925133285208 0.49797417751607154 0.7244976223347138
0.6746084934691924 0.4904157103712712 0.33153503093080133 0.5680096211665664
0.8946481809423051 0.7374918203409851 0.4936189086019458 0.7883075420525751
Loss/valid 0.06200458134452884
Tr1 :  0.043437834829092026 Tr2 :  0.054503925144672394 Adv :  1.1561707258224487 Adv2 :  0.6935470700263977
2dec_lbl :  0.0010929993586614728  2dec_unlbl :  0.0009772767079994082
Dsc1_lbl :  0.3653446435928345  Dsc1_unlbl :  0.41426336765289307
Dsc2 :  0.6943167448043823  Dsc2_128 :  0.6919623613357544
Epoch 114/600
0.7974822294035357 0.6720224794378564 0.5060104050142935 0.7151493794667929
0.6631770846995252 0.5060495897200006 0.3386974090801046 0.556601186190819
0.8948604456161409 0.7416856231230863 0.5055437513363572 0.7859493513499367
Loss/valid 0.06151049186547215
Tr1 :  0.03958125039935112 Tr2 :  0.0499686636030674 Adv :  1.1621801853179932 Adv2 :  0.6935359239578247
2dec_lbl :  0.001007703016512096  2dec_unlbl :  0.0008661344763822854
Dsc1_lbl :  0.36651650071144104  Dsc1_unlbl :  0.3906371593475342
Dsc2 :  0.6942442059516907  Dsc2_128 :  0.6920711994171143
Epoch 115/600
0.8022740708946461 0.6849319787123701 0.5053418614128027 0.7221110214518512
0.6698310952438908 0.5208338790275874 0.33809862494073023 0.5650811874692472
0.8917334239495761 0.7532921767687989 0.5071562049785637 0.7774795939834214
Loss/valid 0.06036053406289564
Tr1 :  0.04342624545097351 Tr2 :  0.05320970341563225 Adv :  1.2639297246932983 Adv2 :  0.6935078501701355
2dec_lbl :  0.00116468605119735  2dec_unlbl :  0.0007606997969560325
Dsc1_lbl :  0.510330080986023  Dsc1_unlbl :  0.44655460119247437
Dsc2 :  0.6941441297531128  Dsc2_128 :  0.692132294178009
Epoch 116/600
0.7987208263782727 0.6496846519335147 0.5095104085583698 0.700285925106069
0.6648919284683972 0.4811355013210784 0.3418409705669675 0.5387999858070468
0.8796243839062178 0.7384832947918993 0.5086563018371161 0.782546785604614
Loss/valid 0.06359496891785127
Tr1 :  0.046337567269802094 Tr2 :  0.05599299818277359 Adv :  1.25352144241333 Adv2 :  0.6935667395591736
2dec_lbl :  0.0011014281772077084  2dec_unlbl :  0.0008314811857417226
Dsc1_lbl :  0.46146154403686523  Dsc1_unlbl :  0.40490084886550903
Dsc2 :  0.6941505074501038  Dsc2_128 :  0.6922093033790588
Epoch 117/600
0.7923491850057164 0.6161155294175 0.5145385827968016 0.713688656210818
0.6561078543299511 0.4452073439036185 0.3463830004858465 0.5548335242916018
0.8947117965677175 0.7234411325850248 0.5147032000986335 0.7835187387762758
Loss/valid 0.0665953633769487
Tr1 :  0.04396357014775276 Tr2 :  0.05432039126753807 Adv :  1.2008006572723389 Adv2 :  0.6935178637504578
2dec_lbl :  0.0011066367151215672  2dec_unlbl :  0.000922065635677427
Dsc1_lbl :  0.3500206768512726  Dsc1_unlbl :  0.34493279457092285
Dsc2 :  0.6939895153045654  Dsc2_128 :  0.6922847628593445
Epoch 118/600
0.8074367206749794 0.6823920462756752 0.5102048616419509 0.7237765193136675
0.6770598547458052 0.517902191123573 0.3424664562969804 0.5671236505728856
0.8965170828059875 0.7452408413510467 0.5093300225426095 0.7842074513941961
saving model.......................................................................................
Loss/valid 0.06148345580396171
Tr1 :  0.03972920402884483 Tr2 :  0.05060349777340889 Adv :  1.2601646184921265 Adv2 :  0.6934725046157837
2dec_lbl :  0.0010595384519547224  2dec_unlbl :  0.0008466909639537334
Dsc1_lbl :  0.48470690846443176  Dsc1_unlbl :  0.41216450929641724
Dsc2 :  0.6939535737037659  Dsc2_128 :  0.6923376321792603
Epoch 119/600
0.7698661224777017 0.6668133516498235 0.4890739253561012 0.7125027728158966
0.6258392981000936 0.5001650387625824 0.323691498587294 0.553401403725131
0.8911003660723668 0.7304043537994704 0.49325463275366743 0.7851033748035995
Loss/valid 0.06672353650299975
Tr1 :  0.04006446525454521 Tr2 :  0.05016692355275154 Adv :  1.2438710927963257 Adv2 :  0.6934634447097778
2dec_lbl :  0.001017549424432218  2dec_unlbl :  0.0009632526198402047
Dsc1_lbl :  0.39266499876976013  Dsc1_unlbl :  0.33281779289245605
Dsc2 :  0.6938808560371399  Dsc2_128 :  0.6924136877059937
Epoch 120/600
0.797810681860952 0.6635128583200484 0.5043583413110294 0.7198355766905778
0.663631484511889 0.496460338171319 0.3372187036787495 0.5622993137316628
0.8946535649127223 0.7344380349388671 0.5081918489159035 0.7818391891731775
Loss/valid 0.063246968954515
Tr1 :  0.0402386449277401 Tr2 :  0.0489131398499012 Adv :  1.2261905670166016 Adv2 :  0.6934666633605957
2dec_lbl :  0.0010034054284915328  2dec_unlbl :  0.000946932181250304
Dsc1_lbl :  0.4176303446292877  Dsc1_unlbl :  0.3762713372707367
Dsc2 :  0.69383704662323  Dsc2_128 :  0.6924437284469604
Epoch 121/600
0.8008582633124034 0.6776628841552196 0.49668189261397916 0.6870824189969474
0.6678595522199267 0.5124736166255849 0.3303904144929198 0.5233248674086801
0.89747998525681 0.7406177080756119 0.5072865211790101 0.7840679571832831
Loss/valid 0.0630546123899806
Tr1 :  0.0424552857875824 Tr2 :  0.05358165130019188 Adv :  1.2725886106491089 Adv2 :  0.6934322714805603
2dec_lbl :  0.0010560279479250312  2dec_unlbl :  0.0010846323566511273
Dsc1_lbl :  0.3743249475955963  Dsc1_unlbl :  0.3465062379837036
Dsc2 :  0.6937907338142395  Dsc2_128 :  0.6925438046455383
Epoch 122/600
0.8054908229493672 0.6519107967793989 0.5103545394300861 0.7275732077468972
0.6743278648877423 0.4835813499744499 0.34260134571539785 0.5717996604414262
0.8969820988906146 0.7357402128685618 0.5165314227079402 0.786396183160575
Loss/valid 0.0636525780428201
Tr1 :  0.04297637566924095 Tr2 :  0.05237236246466637 Adv :  1.2112483978271484 Adv2 :  0.6934259533882141
2dec_lbl :  0.0010423986241221428  2dec_unlbl :  0.0010099615901708603
Dsc1_lbl :  0.40870553255081177  Dsc1_unlbl :  0.3564436435699463
Dsc2 :  0.6937268376350403  Dsc2_128 :  0.6925736665725708
Epoch 123/600
0.7947737911962148 0.6688679059315185 0.5082039760348585 0.7195351447720294
0.6594395188145188 0.5024804892857672 0.34066586039294433 0.5619327557755776
0.8933660839363248 0.7332919904294204 0.5130585789701582 0.7763564091491455
Loss/valid 0.06526135415053712
Tr1 :  0.038896720856428146 Tr2 :  0.04889592528343201 Adv :  1.1940724849700928 Adv2 :  0.6933836340904236
2dec_lbl :  0.0009800598490983248  2dec_unlbl :  0.0008192480891011655
Dsc1_lbl :  0.3307422697544098  Dsc1_unlbl :  0.41142013669013977
Dsc2 :  0.6936707496643066  Dsc2_128 :  0.6926209330558777
Epoch 124/600
0.8069769729574566 0.5829319046138391 0.5064225729150925 0.7120324261725536
0.676413576825856 0.41136477951328526 0.3390668362627197 0.5528341245863905
0.8983459640154846 0.7442413545320294 0.5153933467768121 0.7875136791920965
Loss/valid 0.06816916330717504
Tr1 :  0.042712222784757614 Tr2 :  0.05349385365843773 Adv :  1.433160662651062 Adv2 :  0.6933330297470093
2dec_lbl :  0.001061362330801785  2dec_unlbl :  0.000763850228395313
Dsc1_lbl :  0.3808760344982147  Dsc1_unlbl :  0.3860245645046234
Dsc2 :  0.6936548948287964  Dsc2_128 :  0.6926794648170471
Epoch 125/600
0.7926442967200101 0.6699970964803773 0.5084093849435296 0.7097203428055932
0.6565126536998626 0.5037561156500832 0.34085048525481737 0.5500515635105138
0.8945144635820342 0.7412318624031633 0.5105033742246289 0.7744180537673018
Loss/valid 0.06276948386445068
Tr1 :  0.04123726859688759 Tr2 :  0.05157918483018875 Adv :  1.2670258283615112 Adv2 :  0.6933491826057434
2dec_lbl :  0.0010911338031291962  2dec_unlbl :  0.0008798851049505174
Dsc1_lbl :  0.42877429723739624  Dsc1_unlbl :  0.4630708694458008
Dsc2 :  0.6935737133026123  Dsc2_128 :  0.692703127861023
Epoch 126/600
0.7985315716841136 0.6444668069405057 0.5180584490177371 0.696105094458744
0.6646296755408093 0.4754341761900477 0.3495808918201645 0.5338659515429167
0.8957788375225666 0.7495149196785084 0.5173185437480561 0.7901993224121483
Loss/valid 0.06253547189184107
Tr1 :  0.044624924659729004 Tr2 :  0.05840228125452995 Adv :  1.2999258041381836 Adv2 :  0.6933175325393677
2dec_lbl :  0.0012765174033120275  2dec_unlbl :  0.0008911346085369587
Dsc1_lbl :  0.3865523636341095  Dsc1_unlbl :  0.4105331003665924
Dsc2 :  0.6935447454452515  Dsc2_128 :  0.6927377581596375
Epoch 127/600
0.8002951209229238 0.658798242484001 0.5115731972327996 0.7099452689709581
0.6670766576681628 0.49119995466166266 0.34370060810629804 0.5503218211561101
0.8947273754728905 0.7481810063819168 0.5111487829743588 0.77258470401635
Loss/valid 0.06266744510055734
Tr1 :  0.03774931654334068 Tr2 :  0.047988004982471466 Adv :  1.1817315816879272 Adv2 :  0.6933209896087646
2dec_lbl :  0.0010496965842321515  2dec_unlbl :  0.0013412701664492488
Dsc1_lbl :  0.3392487168312073  Dsc1_unlbl :  0.42208319902420044
Dsc2 :  0.6934956312179565  Dsc2_128 :  0.6927943229675293
Epoch 128/600
0.8101793280884055 0.6109179231565145 0.5222386531680127 0.6440567549608475
0.6809255774542493 0.43979973058521404 0.35339850665845585 0.4749879888536562
0.8981453379981694 0.7458941310553646 0.5202472313364277 0.7683737400885433
Loss/valid 0.06547203257035178
Tr1 :  0.03941825032234192 Tr2 :  0.049561887979507446 Adv :  1.2398178577423096 Adv2 :  0.6932766437530518
2dec_lbl :  0.0010417108424007893  2dec_unlbl :  0.0008733872673474252
Dsc1_lbl :  0.4598858654499054  Dsc1_unlbl :  0.4176703691482544
Dsc2 :  0.6934665441513062  Dsc2_128 :  0.6928284168243408
Epoch 129/600
0.7831651474040425 0.6649711996492138 0.5051221812021544 0.7350453955901426
0.6436084122124399 0.49809502197592204 0.33790198426274376 0.581084406529407
0.8916001287662702 0.7393688835716865 0.5185277322295883 0.7945670048919685
Loss/valid 0.0635066689708485
Tr1 :  0.03987543284893036 Tr2 :  0.04950837045907974 Adv :  1.3165134191513062 Adv2 :  0.693261981010437
2dec_lbl :  0.000980102806352079  2dec_unlbl :  0.0009310287423431873
Dsc1_lbl :  0.32537704706192017  Dsc1_unlbl :  0.4389454126358032
Dsc2 :  0.6934249997138977  Dsc2_128 :  0.6928698420524597
Epoch 130/600
0.7806310956049289 0.6444468670334095 0.5148830684678799 0.730073663300778
0.6401927200138009 0.47541247285752286 0.3466953056260028 0.5748944975803693
0.8933591018103915 0.7275315953980945 0.5144562704974346 0.7950792404970262
Loss/valid 0.06608056018236451
Tr1 :  0.040080245584249496 Tr2 :  0.04901456832885742 Adv :  1.2966033220291138 Adv2 :  0.6932587027549744
2dec_lbl :  0.001007217331789434  2dec_unlbl :  0.0008341195061802864
Dsc1_lbl :  0.4490320086479187  Dsc1_unlbl :  0.37935125827789307
Dsc2 :  0.6933919787406921  Dsc2_128 :  0.6928868293762207
Epoch 131/600
0.8109000039404726 0.6520365004687706 0.5162593163176084 0.7245342136183069
0.6819443332164289 0.4837197006413928 0.3479444366493616 0.568054605113088
0.8974701260650967 0.738011305247161 0.522043682268359 0.7834395447359629
Loss/valid 0.06551031469224164
Tr1 :  0.040497422218322754 Tr2 :  0.051165621727705 Adv :  1.2426400184631348 Adv2 :  0.6932516098022461
2dec_lbl :  0.0010088019771501422  2dec_unlbl :  0.00081166549352929
Dsc1_lbl :  0.4248056411743164  Dsc1_unlbl :  0.40214139223098755
Dsc2 :  0.6933642625808716  Dsc2_128 :  0.6929119825363159
Epoch 132/600
0.7807661083543518 0.6611210115939501 0.4952095153248621 0.6318782049578872
0.6403743479444463 0.49378697949470535 0.32908868069548597 0.46185815272275305
0.8952235515108232 0.7438661439017524 0.5077090041219013 0.7741703517932988
Loss/valid 0.06510268871744092
Tr1 :  0.04074661806225777 Tr2 :  0.048981230705976486 Adv :  0.997639000415802 Adv2 :  0.6932392120361328
2dec_lbl :  0.0010225095320492983  2dec_unlbl :  0.0011103126453235745
Dsc1_lbl :  0.33183473348617554  Dsc1_unlbl :  0.5025096535682678
Dsc2 :  0.6933448910713196  Dsc2_128 :  0.6929450631141663
Epoch 133/600
0.8100959841039157 0.6384065177071334 0.5109732228376296 0.7041280579309688
0.6808078410373752 0.468867195686104 0.34315919006600293 0.5433623763832212
0.898206151800697 0.7223294922970398 0.5182283584006488 0.7883854303184724
Loss/valid 0.06609413976995991
Tr1 :  0.039739109575748444 Tr2 :  0.049293845891952515 Adv :  1.207788348197937 Adv2 :  0.6932275891304016
2dec_lbl :  0.0009827758185565472  2dec_unlbl :  0.0009604057413525879
Dsc1_lbl :  0.3540598750114441  Dsc1_unlbl :  0.3569223880767822
Dsc2 :  0.6933320164680481  Dsc2_128 :  0.6929641962051392
Epoch 134/600
0.7990815770148416 0.6716914218311062 0.4976882502333457 0.7253019074720215
0.6653920547147083 0.5056742332847457 0.3312816067042335 0.5689989745207856
0.8971862710850884 0.7370940084797336 0.510907884015226 0.7915330698594292
Loss/valid 0.0627821371711504
Tr1 :  0.03986198082566261 Tr2 :  0.0504886619746685 Adv :  1.3561179637908936 Adv2 :  0.6932089924812317
2dec_lbl :  0.0010967416455969214  2dec_unlbl :  0.0011627401690930128
Dsc1_lbl :  0.4275130033493042  Dsc1_unlbl :  0.3891642689704895
Dsc2 :  0.6933078765869141  Dsc2_128 :  0.6929906606674194
Epoch 135/600
0.8042756930587883 0.6541439008045651 0.5160844501827571 0.7120996604570066
0.6726263641124852 0.4860429738332488 0.34778559349035565 0.5529151896253808
0.8984086793346718 0.7273830755223318 0.51749184763657 0.782294736532354
Loss/valid 0.06481265176374179
Tr1 :  0.040553461760282516 Tr2 :  0.04964685067534447 Adv :  1.1656678915023804 Adv2 :  0.6932087540626526
2dec_lbl :  0.0009928548242896795  2dec_unlbl :  0.0009613448637537658
Dsc1_lbl :  0.40584149956703186  Dsc1_unlbl :  0.50384122133255
Dsc2 :  0.6932864189147949  Dsc2_128 :  0.6930060386657715
Epoch 136/600
0.803368240337849 0.6771132907405741 0.4993129384537499 0.7256582639217456
0.6713579460440416 0.5118452593114594 0.33272289156626506 0.5694377288112178
0.8955523612531691 0.738558548071892 0.5007935273478662 0.7841932794370579
Loss/valid 0.061959589222589366
Tr1 :  0.03690233826637268 Tr2 :  0.04631714150309563 Adv :  1.0641194581985474 Adv2 :  0.693203330039978
2dec_lbl :  0.000949739885982126  2dec_unlbl :  0.0008244565105997026
Dsc1_lbl :  0.4165054261684418  Dsc1_unlbl :  0.41074734926223755
Dsc2 :  0.6932682991027832  Dsc2_128 :  0.6930327415466309
Epoch 137/600
0.8174924174492111 0.6682160943874911 0.515002274570304 0.7284930405601204
0.6913210786232735 0.501745134155355 0.3468034096963239 0.5729367308229552
0.8986372884755115 0.735602606163099 0.51471065373831 0.8081320045134996
saving model.......................................................................................
Loss/valid 0.06348773785150395
Tr1 :  0.039569806307554245 Tr2 :  0.04964990168809891 Adv :  1.1808617115020752 Adv2 :  0.6931887865066528
2dec_lbl :  0.000997518072836101  2dec_unlbl :  0.0013580460799857974
Dsc1_lbl :  0.3991658687591553  Dsc1_unlbl :  0.38990816473960876
Dsc2 :  0.6932522058486938  Dsc2_128 :  0.693042516708374
Epoch 138/600
0.7943372545351077 0.6750926875601122 0.47614801604993306 0.7279743912912544
0.65883868231229 0.5095395588970619 0.3124634289057929 0.5722953895796433
0.8938033615370136 0.7450632852803936 0.5081769995642378 0.7876325224696055
Loss/valid 0.06320084149662691
Tr1 :  0.0399860255420208 Tr2 :  0.04907162860035896 Adv :  1.183135986328125 Adv2 :  0.693183183670044
2dec_lbl :  0.0010674962541088462  2dec_unlbl :  0.0011659400770440698
Dsc1_lbl :  0.45729270577430725  Dsc1_unlbl :  0.40551841259002686
Dsc2 :  0.6932387948036194  Dsc2_128 :  0.6930559873580933
Epoch 139/600
0.8141393903461248 0.6801446328032446 0.5090795631825273 0.72660736068549
0.6865388593890076 0.5153175489582663 0.3414532060940901 0.570607476635514
0.8958403102994031 0.7463316861410157 0.5173168624845067 0.7860225444435721
Loss/valid 0.0607237765708795
Tr1 :  0.04212905466556549 Tr2 :  0.052339643239974976 Adv :  1.2239960432052612 Adv2 :  0.6931810975074768
2dec_lbl :  0.0010171590838581324  2dec_unlbl :  0.000892697658855468
Dsc1_lbl :  0.3292531371116638  Dsc1_unlbl :  0.4235459268093109
Dsc2 :  0.6932244896888733  Dsc2_128 :  0.693066418170929
Epoch 140/600
0.7990997364318762 0.6288105252181168 0.5054931204705388 0.7337579327032826
0.6654172379457932 0.45858762540322323 0.33823405391729683 0.5794768248931835
0.8979427094915668 0.7203944902255327 0.5148393290793063 0.8111271181301408
Loss/valid 0.06768094846763863
Tr1 :  0.03868656978011131 Tr2 :  0.04789305478334427 Adv :  1.2491549253463745 Adv2 :  0.6931800842285156
2dec_lbl :  0.0009491803939454257  2dec_unlbl :  0.0009205791284330189
Dsc1_lbl :  0.3220307230949402  Dsc1_unlbl :  0.2839229702949524
Dsc2 :  0.6932167410850525  Dsc2_128 :  0.6930780410766602
Epoch 141/600
0.8116288606819406 0.5838275885013112 0.502989617285816 0.7365121621331501
0.6829759103268779 0.4122574227268456 0.33599607797900566 0.5829198667844763
0.897932514514977 0.6990364545591963 0.516724176728273 0.8007930676214873
Loss/valid 0.07166967562471445
Tr1 :  0.035928770899772644 Tr2 :  0.045319292694330215 Adv :  1.2383904457092285 Adv2 :  0.6931706070899963
2dec_lbl :  0.0009459136053919792  2dec_unlbl :  0.0008259278838522732
Dsc1_lbl :  0.34776216745376587  Dsc1_unlbl :  0.4115373492240906
Dsc2 :  0.6932069063186646  Dsc2_128 :  0.6930874586105347
Epoch 142/600
0.7993665235455752 0.6729318901859798 0.5068727853276741 0.7370753812059669
0.6657873024715039 0.5070816525613646 0.339470595905594 0.5836257922581322
0.8945110093461258 0.7345849734721573 0.5047887544902977 0.7957781856613002
Loss/valid 0.06296408758498728
Tr1 :  0.04093070328235626 Tr2 :  0.049855463206768036 Adv :  1.501291036605835 Adv2 :  0.6931684613227844
2dec_lbl :  0.001028671395033598  2dec_unlbl :  0.0009665057295933366
Dsc1_lbl :  0.5244471430778503  Dsc1_unlbl :  0.25940781831741333
Dsc2 :  0.6931988000869751  Dsc2_128 :  0.6930949091911316
Epoch 143/600
0.8061330102618004 0.6518212993725412 0.5172234654731458 0.7431846057120477
0.6752284946236559 0.4834828640069566 0.3488209136235009 0.591323601771363
0.8981216682009306 0.7439326352221184 0.5192479441784957 0.8008730870775019
Loss/valid 0.06545961746731056
Tr1 :  0.0417744517326355 Tr2 :  0.051929354667663574 Adv :  1.1907591819763184 Adv2 :  0.6931642889976501
2dec_lbl :  0.0010427323868498206  2dec_unlbl :  0.001079944078810513
Dsc1_lbl :  0.3314679265022278  Dsc1_unlbl :  0.44311246275901794
Dsc2 :  0.6931892037391663  Dsc2_128 :  0.6931045651435852
Epoch 144/600
0.8036600936303022 0.6785107815204151 0.5114890979957273 0.7345044812305002
0.671765682438041 0.5134440538993297 0.34362469049236366 0.5804085991111949
0.8960532695811935 0.7577395327045611 0.5250562592526876 0.8066523502770309
saving model.......................................................................................
Loss/valid 0.06125476592793488
Tr1 :  0.04042502120137215 Tr2 :  0.0503871850669384 Adv :  1.3338927030563354 Adv2 :  0.6931635141372681
2dec_lbl :  0.0009930372470989823  2dec_unlbl :  0.0007140363450162113
Dsc1_lbl :  0.3174864649772644  Dsc1_unlbl :  0.3508164882659912
Dsc2 :  0.6931841373443604  Dsc2_128 :  0.6931103467941284
Epoch 145/600
0.8110464112968835 0.6330756362326608 0.5192942245756852 0.7191342729713844
0.6821514472920295 0.46313874638086044 0.35070723245262875 0.5614439185906318
0.8982463106264368 0.7308180534429205 0.5225247971791216 0.7922146597775772
Loss/valid 0.06543786350924236
Tr1 :  0.04077887907624245 Tr2 :  0.051264554262161255 Adv :  1.2698529958724976 Adv2 :  0.6931586861610413
2dec_lbl :  0.0010138638317584991  2dec_unlbl :  0.0007629633764736354
Dsc1_lbl :  0.3921133279800415  Dsc1_unlbl :  0.3745466470718384
Dsc2 :  0.6931772828102112  Dsc2_128 :  0.693114697933197
Epoch 146/600
0.8161473444351709 0.6637228585248988 0.5005637975635102 0.731848586032137
0.6893994287201036 0.4966955116752373 0.33383467515998705 0.5770987422884215
0.9002732882960787 0.7448403512894217 0.516465843039908 0.788438031068108
Loss/valid 0.0632624862393221
Tr1 :  0.04208467900753021 Tr2 :  0.052953120321035385 Adv :  1.2613011598587036 Adv2 :  0.6931576728820801
2dec_lbl :  0.0010538868373259902  2dec_unlbl :  0.0012159522157162428
Dsc1_lbl :  0.37407124042510986  Dsc1_unlbl :  0.3576560914516449
Dsc2 :  0.6931740045547485  Dsc2_128 :  0.6931211948394775
Epoch 147/600
0.8109094736011261 0.6819832196183699 0.5084390995756664 0.7397987960579616
0.6819577278585692 0.5174313633707323 0.34087719745872985 0.5870481584558046
0.8986212565314469 0.751306591860636 0.5100889323023385 0.8021111412443673
saving model.......................................................................................
Loss/valid 0.06097943649197427
Tr1 :  0.04102252796292305 Tr2 :  0.05109744891524315 Adv :  1.07365882396698 Adv2 :  0.6931571960449219
2dec_lbl :  0.001022784854285419  2dec_unlbl :  0.000847953837364912
Dsc1_lbl :  0.314750075340271  Dsc1_unlbl :  0.5071513652801514
Dsc2 :  0.6931689977645874  Dsc2_128 :  0.6931246519088745
Epoch 148/600
0.8108384740483924 0.6830758148748425 0.49840813579056525 0.7381785464360691
0.6818573056335064 0.5186903107941058 0.33191984298141464 0.5850102994771035
0.9000421311587077 0.7463681890907262 0.4980540304730967 0.8015498037448303
Loss/valid 0.06149076774286536
Tr1 :  0.04080707207322121 Tr2 :  0.05167517066001892 Adv :  1.246968150138855 Adv2 :  0.6931535601615906
2dec_lbl :  0.0011046072468161583  2dec_unlbl :  0.0008129793568514287
Dsc1_lbl :  0.3336120545864105  Dsc1_unlbl :  0.4111499786376953
Dsc2 :  0.6931645274162292  Dsc2_128 :  0.6931291818618774
Epoch 149/600
0.7976179580769308 0.6575269500584094 0.5114873965749471 0.731722755564933
0.6633648293692364 0.4897878211313201 0.3436231546834199 0.5769422725004159
0.900125192834196 0.7303473098388882 0.512178978697066 0.8171216803325991
Loss/valid 0.06358949053817643
Tr1 :  0.04050831496715546 Tr2 :  0.05001017451286316 Adv :  1.2453253269195557 Adv2 :  0.693152904510498
2dec_lbl :  0.0010130289010703564  2dec_unlbl :  0.0010320961009711027
Dsc1_lbl :  0.34179216623306274  Dsc1_unlbl :  0.40628692507743835
Dsc2 :  0.693162202835083  Dsc2_128 :  0.6931329369544983
Epoch 150/600
0.7964545495635206 0.6582489829992999 0.5082785808147176 0.7229056037283503
0.6617569359550795 0.4905895167277197 0.34073291050035237 0.5660549492964665
0.897365579698656 0.7366471723574003 0.5134168278945569 0.7864649271665087
Loss/valid 0.06384032948587376
Tr1 :  0.0416269414126873 Tr2 :  0.052612002938985825 Adv :  1.4119665622711182 Adv2 :  0.6931518912315369
2dec_lbl :  0.0011412528110668063  2dec_unlbl :  0.0008043285342864692
Dsc1_lbl :  0.4058116376399994  Dsc1_unlbl :  0.37622517347335815
Dsc2 :  0.693159818649292  Dsc2_128 :  0.6931349635124207
Epoch 151/600
0.8071258454180483 0.6778810361953043 0.5061437728780354 0.736524680387548
0.676622795722244 0.5127231775305215 0.33881692474058395 0.5829355500299472
0.8987771116491308 0.7475333767852367 0.5111803473458466 0.8113788439121974
Loss/valid 0.060886232361484036
Tr1 :  0.0388694666326046 Tr2 :  0.04905790835618973 Adv :  1.4136360883712769 Adv2 :  0.6931513547897339
2dec_lbl :  0.0010724941967055202  2dec_unlbl :  0.0008661119500175118
Dsc1_lbl :  0.32873329520225525  Dsc1_unlbl :  0.33964452147483826
Dsc2 :  0.6931573748588562  Dsc2_128 :  0.6931370496749878
Epoch 152/600
0.787445671103842 0.6763981541257202 0.5114292611367983 0.7293305019485217
0.6494106303844454 0.5110284155572015 0.3435706801057831 0.5739734077719827
0.8983388149667035 0.7478708335093806 0.5145235719929304 0.8120670076046451
Loss/valid 0.06243697118658859
Tr1 :  0.0372379794716835 Tr2 :  0.046137336641550064 Adv :  1.4132617712020874 Adv2 :  0.6931502819061279
2dec_lbl :  0.0009134426945820451  2dec_unlbl :  0.000996759976260364
Dsc1_lbl :  0.37742120027542114  Dsc1_unlbl :  0.3370819687843323
Dsc2 :  0.6931557059288025  Dsc2_128 :  0.6931388974189758
Epoch 153/600
0.798670288796652 0.6713671199011124 0.5069311436861168 0.7305006215391568
0.6648218897347006 0.5053067178731449 0.3395229506947443 0.575424166355107
0.8988138522348051 0.7384232412073931 0.5094361205828881 0.7942476608056498
Loss/valid 0.06311353861999053
Tr1 :  0.04133148863911629 Tr2 :  0.05156668648123741 Adv :  1.368174433708191 Adv2 :  0.693149983882904
2dec_lbl :  0.0010452864225953817  2dec_unlbl :  0.0007514450699090958
Dsc1_lbl :  0.3056299388408661  Dsc1_unlbl :  0.2884329855442047
Dsc2 :  0.6931540369987488  Dsc2_128 :  0.6931403279304504
Epoch 154/600
0.8087910237248174 0.6481848805594979 0.5153321308132695 0.7286459824279391
0.6789665288233839 0.47949225544079793 0.34710263588822565 0.5731259526118886
0.8996606532835179 0.7340704602313645 0.519604454518155 0.7933464629943224
Loss/valid 0.06597329147804815
Tr1 :  0.03905804082751274 Tr2 :  0.0483475960791111 Adv :  1.4352295398712158 Adv2 :  0.6931496262550354
2dec_lbl :  0.0009664708049967885  2dec_unlbl :  0.0008892767946235836
Dsc1_lbl :  0.44903793931007385  Dsc1_unlbl :  0.3357338011264801
Dsc2 :  0.6931522488594055  Dsc2_128 :  0.6931416988372803
Epoch 155/600
0.8142508953935598 0.6590806660354188 0.5081622557506803 0.6409744201732994
0.6866974575231211 0.4915140302189331 0.3406283677360524 0.47164264579555215
0.8998003699896449 0.7407380710499517 0.518653590985019 0.7563002270251691
Loss/valid 0.06350016124689808
Tr1 :  0.037115681916475296 Tr2 :  0.04655654355883598 Adv :  1.2015279531478882 Adv2 :  0.6931489706039429
2dec_lbl :  0.0009515773854218423  2dec_unlbl :  0.0009370025363750756
Dsc1_lbl :  0.30503228306770325  Dsc1_unlbl :  0.327880322933197
Dsc2 :  0.6931515336036682  Dsc2_128 :  0.6931427717208862
Epoch 156/600
0.7982705924343093 0.6670198685854263 0.5008057238623179 0.7369397690309342
0.6642681683652427 0.5003974574456539 0.3340499172345594 0.5834557616191645
0.899790818852125 0.7333551358945328 0.5095474022575149 0.8057001941007124
Loss/valid 0.06373477057338907
Tr1 :  0.04049309343099594 Tr2 :  0.05024233087897301 Adv :  1.4097940921783447 Adv2 :  0.6931489109992981
2dec_lbl :  0.0009686566772870719  2dec_unlbl :  0.0008423677645623684
Dsc1_lbl :  0.3666612505912781  Dsc1_unlbl :  0.343017578125
Dsc2 :  0.6931508779525757  Dsc2_128 :  0.6931438446044922
Epoch 157/600
0.8113251311671426 0.6612175491704129 0.5142725025343696 0.6988921959713972
0.6825458772959261 0.49389469421315185 0.34614187555364023 0.5371516440124535
0.900620397152601 0.7388613763409123 0.5183783708330004 0.8023485317473033
Loss/valid 0.062453270943548814
Tr1 :  0.038158807903528214 Tr2 :  0.04839937016367912 Adv :  1.251988172531128 Adv2 :  0.6931480765342712
2dec_lbl :  0.0010163808474317193  2dec_unlbl :  0.0010410979157313704
Dsc1_lbl :  0.3811127841472626  Dsc1_unlbl :  0.4106248617172241
Dsc2 :  0.6931504011154175  Dsc2_128 :  0.6931445598602295
Epoch 158/600
0.8065719152406592 0.6013366504787522 0.5220133765927751 0.7102174443038417
0.6758445905044271 0.4299366610875915 0.3531922199602659 0.5506489765792364
0.8980508118621221 0.7293312931912448 0.5255325288361231 0.7708218687966869
Loss/valid 0.067876982395179
Tr1 :  0.03651396185159683 Tr2 :  0.046307239681482315 Adv :  1.3448742628097534 Adv2 :  0.6931477189064026
2dec_lbl :  0.0009267493151128292  2dec_unlbl :  0.000905328372027725
Dsc1_lbl :  0.32079383730888367  Dsc1_unlbl :  0.31371310353279114
Dsc2 :  0.693149745464325  Dsc2_128 :  0.6931452751159668
Epoch 159/600
0.8037416750115238 0.6700397092016678 0.5073130292323788 0.652413810761333
0.6718796920550304 0.503804296893304 0.33986565111604783 0.48413512691898464
0.8984044897066443 0.7404499408987131 0.5133062945547736 0.757839713183183
Loss/valid 0.06087532345778667
Tr1 :  0.03933609649538994 Tr2 :  0.050154902040958405 Adv :  1.3111037015914917 Adv2 :  0.6931476593017578
2dec_lbl :  0.0011468970915302634  2dec_unlbl :  0.0011831942247226834
Dsc1_lbl :  0.26046866178512573  Dsc1_unlbl :  0.2586892545223236
Dsc2 :  0.693149209022522  Dsc2_128 :  0.6931455731391907
Epoch 160/600
0.7759518195690818 0.6508984011758707 0.5124597326619025 0.734020264099451
0.6339226118500605 0.4824680377987771 0.34450141882809776 0.5798041179366185
0.8942028083757214 0.7410224822363123 0.5169260237616997 0.8130918533051448
Loss/valid 0.06493676885461006
Tr1 :  0.04007738456130028 Tr2 :  0.049854379147291183 Adv :  1.4971941709518433 Adv2 :  0.6931474804878235
2dec_lbl :  0.001043075229972601  2dec_unlbl :  0.0009380714036524296
Dsc1_lbl :  0.4460277855396271  Dsc1_unlbl :  0.3853713870048523
Dsc2 :  0.6931489109992981  Dsc2_128 :  0.6931458115577698
Epoch 161/600
0.8032296631750533 0.6557570688934202 0.5129605242026146 0.7354107183205637
0.6711644151425377 0.48782631005067023 0.3449542077069293 0.5815411604184264
0.8979027131989851 0.7535384924541608 0.526119096432373 0.7934116642255394
Loss/valid 0.06496568172811888
Tr1 :  0.04124748334288597 Tr2 :  0.05149124190211296 Adv :  1.3677853345870972 Adv2 :  0.6931474208831787
2dec_lbl :  0.0010525960242375731  2dec_unlbl :  0.0010644905269145966
Dsc1_lbl :  0.26445549726486206  Dsc1_unlbl :  0.326442152261734
Dsc2 :  0.693148136138916  Dsc2_128 :  0.6931458711624146
Epoch 162/600
0.8150591405253212 0.6712834883892311 0.5170390003786444 0.712123368920522
0.6878479495480156 0.5052119714952977 0.34865313417592236 0.5529437771719107
0.9001922797956529 0.7418565230887969 0.5185889026443337 0.787976088284922
Loss/valid 0.0632171137437511
Tr1 :  0.04017023742198944 Tr2 :  0.0500982291996479 Adv :  1.4711127281188965 Adv2 :  0.6931473612785339
2dec_lbl :  0.0010355387348681688  2dec_unlbl :  0.0010925896931439638
Dsc1_lbl :  0.33617380261421204  Dsc1_unlbl :  0.3584376871585846
Dsc2 :  0.6931477189064026  Dsc2_128 :  0.6931459903717041
Epoch 163/600
0.811421248911597 0.6626206795050785 0.5136698316192582 0.7225260551026725
0.6826819410733735 0.4954620348547515 0.34559604759881 0.5655896607431341
0.899174819834978 0.74234258440036 0.5178007242185914 0.7962972550702043
Loss/valid 0.06297574380341057
Tr1 :  0.03940923884510994 Tr2 :  0.04928426072001457 Adv :  1.3131579160690308 Adv2 :  0.6931473016738892
2dec_lbl :  0.0009521433967165649  2dec_unlbl :  0.0007771773380227387
Dsc1_lbl :  0.2824673652648926  Dsc1_unlbl :  0.33282220363616943
Dsc2 :  0.6931476593017578  Dsc2_128 :  0.6931461095809937
Epoch 164/600
0.8071388008484244 0.6605577581004166 0.49790994636483366 0.7266875136020525
0.6766410051919728 0.49315882196131156 0.3314780929145065 0.5707063437803606
0.8983032485818111 0.7230070858194761 0.4995247026933138 0.8021321043245998
Loss/valid 0.0636117397628438
Tr1 :  0.038325559347867966 Tr2 :  0.048027534037828445 Adv :  1.5012894868850708 Adv2 :  0.6931473016738892
2dec_lbl :  0.001066568773239851  2dec_unlbl :  0.0008304397924803197
Dsc1_lbl :  0.3416425287723541  Dsc1_unlbl :  0.322935551404953
Dsc2 :  0.6931475400924683  Dsc2_128 :  0.6931461691856384
Epoch 165/600
0.8070216799146185 0.6009704029340049 0.5187680646210975 0.6462782829350814
0.6764764005576059 0.4295623224800555 0.35022743719631966 0.47740852110750964
0.9000740157225474 0.7050186412552121 0.5220289060504237 0.7748318082264044
Loss/valid 0.06986035370769408
Tr1 :  0.03585612401366234 Tr2 :  0.044938795268535614 Adv :  1.3891302347183228 Adv2 :  0.6931473016738892
2dec_lbl :  0.0009001600556075573  2dec_unlbl :  0.0009727723081596196
Dsc1_lbl :  0.3327994644641876  Dsc1_unlbl :  0.4106026887893677
Dsc2 :  0.6931474208831787  Dsc2_128 :  0.6931462287902832
Epoch 166/600
0.790762523205386 0.6691399022724038 0.5096914949243613 0.7062462113245828
0.6539348460333032 0.5027875607773801 0.34200401674450115 0.5458891927556465
0.8951570910523502 0.7291352915434534 0.5154239218734058 0.8014380214062374
Loss/valid 0.06510089805278067
Tr1 :  0.037844665348529816 Tr2 :  0.04776570945978165 Adv :  1.4791038036346436 Adv2 :  0.6931473016738892
2dec_lbl :  0.0009781843982636929  2dec_unlbl :  0.0007730047218501568
Dsc1_lbl :  0.3413105607032776  Dsc1_unlbl :  0.32170870900154114
Dsc2 :  0.6931473612785339  Dsc2_128 :  0.693146288394928
Epoch 167/600
0.79598580458721 0.6190730905047375 0.5208002993105169 0.7322492792597741
0.6611099832708452 0.44830257579020794 0.3520824801869294 0.5775972099879555
0.8989653267759173 0.7226215231130023 0.5255361821594371 0.8078441248281613
Loss/valid 0.0677829293283419
Tr1 :  0.03660356625914574 Tr2 :  0.04556280001997948 Adv :  1.412845492362976 Adv2 :  0.6931473016738892
2dec_lbl :  0.0008887694566510618  2dec_unlbl :  0.000748171703889966
Dsc1_lbl :  0.3813081979751587  Dsc1_unlbl :  0.37533172965049744
Dsc2 :  0.6931473612785339  Dsc2_128 :  0.693146288394928
Epoch 168/600
0.8153913709538966 0.6630511157595484 0.5063767686808655 0.7196916038688851
0.6883213163916287 0.4959435050774147 0.3390257717360521 0.5621236305593847
0.8996966114042445 0.7310804157290312 0.520092148792591 0.7888147883379818
Loss/valid 0.06503499107650267
Tr1 :  0.035055190324783325 Tr2 :  0.04371044039726257 Adv :  1.412268042564392 Adv2 :  0.6931473016738892
2dec_lbl :  0.0008839790825732052  2dec_unlbl :  0.0007800903404131532
Dsc1_lbl :  0.2771604657173157  Dsc1_unlbl :  0.35129842162132263
Dsc2 :  0.6931473016738892  Dsc2_128 :  0.6931464076042175
Epoch 169/600
0.8065093231655325 0.6831809552693761 0.5211753488775245 0.7124513367603725
0.675756701597923 0.5188115694431892 0.3524253862565353 0.5533393471651465
0.8974163618420455 0.7469991752354741 0.5279545745013766 0.7650045004137138
Loss/valid 0.06233055020969074
Tr1 :  0.037469204515218735 Tr2 :  0.04679546877741814 Adv :  1.3824548721313477 Adv2 :  0.6931473016738892
2dec_lbl :  0.0009411717765033245  2dec_unlbl :  0.0007529171998612583
Dsc1_lbl :  0.2688085436820984  Dsc1_unlbl :  0.4023958444595337
Dsc2 :  0.6931473016738892  Dsc2_128 :  0.6931470036506653
Epoch 170/600
0.81063261927293 0.6703255102341045 0.514990233499991 0.7447553932393409
0.6815662110872618 0.5041275254909365 0.346792489260028 0.5933149517059391
0.8984993320842377 0.736874013281062 0.5197377274177198 0.8032468031737431
Loss/valid 0.06321290420153393
Tr1 :  0.03745020553469658 Tr2 :  0.046877261251211166 Adv :  1.4159318208694458 Adv2 :  0.6931473016738892
2dec_lbl :  0.0009562671184539795  2dec_unlbl :  0.0008661139872856438
Dsc1_lbl :  0.4039079546928406  Dsc1_unlbl :  0.3558730185031891
Dsc2 :  0.6931473016738892  Dsc2_128 :  0.6931471824645996
Epoch 171/600
0.7660452533989526 0.6634988199181312 0.5092900978883836 0.7110500644727251
0.620804981308301 0.4964446195831177 0.3416426611019121 0.5516506459049193
0.8889085728838573 0.7265241131318915 0.5147881015811269 0.7796152383935385
Loss/valid 0.07078554882453038
Tr1 :  0.04026491194963455 Tr2 :  0.051028233021497726 Adv :  1.4405592679977417 Adv2 :  0.6931472420692444
2dec_lbl :  0.0010373757686465979  2dec_unlbl :  0.0008443514816462994
Dsc1_lbl :  0.33048897981643677  Dsc1_unlbl :  0.2834552526473999
Dsc2 :  0.6931473016738892  Dsc2_128 :  0.6931471824645996
Epoch 172/600
0.7982987020672857 0.5792513013885431 0.5243836097218565 0.7258578739827167
0.6643070981454362 0.4077084863457301 0.3553658072495481 0.5696836005662924
0.8976408929475899 0.7184076811677571 0.5272679949171944 0.7798908709159492
Loss/valid 0.07567143999040127
Tr1 :  0.04077879711985588 Tr2 :  0.05098617821931839 Adv :  1.3563450574874878 Adv2 :  0.6931472420692444
2dec_lbl :  0.0010278905974701047  2dec_unlbl :  0.0007430922123603523
Dsc1_lbl :  0.3369215130805969  Dsc1_unlbl :  0.3684045374393463
Dsc2 :  0.6931472420692444  Dsc2_128 :  0.6931472420692444
Epoch 173/600
0.8175641089978422 0.6393024192553987 0.5040403147378658 0.7312382364683739
0.6914236240790412 0.4698343175605262 0.3369344239043071 0.5763400643734379
0.9018606064822544 0.7123629851491542 0.5035262384495734 0.8037065523123529
Loss/valid 0.06588835750993055
Tr1 :  0.03848915919661522 Tr2 :  0.04627920687198639 Adv :  1.1930569410324097 Adv2 :  0.6931472420692444
2dec_lbl :  0.0010767297353595495  2dec_unlbl :  0.000971509434748441
Dsc1_lbl :  0.36975032091140747  Dsc1_unlbl :  0.4291512072086334
Dsc2 :  0.6931472420692444  Dsc2_128 :  0.6931472420692444
Epoch 174/600
0.7999810144606525 0.6625702925408817 0.4688535651207557 0.6889921675946022
0.666640298279199 0.4954056941053366 0.3062107937166261 0.5255438987961347
0.8954428706832792 0.7232408893062977 0.4689348174083051 0.7561254657528133
Loss/valid 0.0623953366974512
Tr1 :  0.04412026330828667 Tr2 :  0.04810357838869095 Adv :  1.2678884267807007 Adv2 :  0.6931472420692444
2dec_lbl :  0.0010452786227688193  2dec_unlbl :  0.0011587905464693904
Dsc1_lbl :  0.2753136456012726  Dsc1_unlbl :  0.2797797620296478
Dsc2 :  0.6931472420692444  Dsc2_128 :  0.6931472420692444
Epoch 175/600
0.8153323157356852 0.6735225299278735 0.5223575045792479 0.7092896174863387
0.6882371542379088 0.5077527098076163 0.35350736473676536 0.5495342929720576
0.9004754903797599 0.738263365992871 0.5278011385365408 0.7586046253070036
Loss/valid 0.0645770940822191
Tr1 :  0.04243801161646843 Tr2 :  0.04983745887875557 Adv :  0.9214922785758972 Adv2 :  0.6931472420692444
2dec_lbl :  0.0010402416810393333  2dec_unlbl :  0.0010415626456961036
Dsc1_lbl :  0.4827338755130768  Dsc1_unlbl :  0.5264254808425903
Dsc2 :  0.6931472420692444  Dsc2_128 :  0.6931472420692444
Epoch 176/600
0.8156718353988306 0.6793980146292533 0.5217988193531937 0.70874292432819
0.688721133026093 0.514460846004649 0.3529958074616569 0.5488782502581433
0.9002498916328446 0.747062765201351 0.5290591285369733 0.7920158514156507
Loss/valid 0.06135533393647235
Tr1 :  0.04265590384602547 Tr2 :  0.05301285907626152 Adv :  0.9781666994094849 Adv2 :  0.6931472420692444
2dec_lbl :  0.001050216960720718  2dec_unlbl :  0.0012564818607643247
Dsc1_lbl :  0.2892110049724579  Dsc1_unlbl :  0.3911927044391632
Dsc2 :  0.6931472420692444  Dsc2_128 :  0.6931472420692444
Epoch 177/600
0.8067992535116969 0.6645961347818948 0.5138090452261306 0.7340553549939831
0.6761638859899977 0.4976742632636827 0.3457220914820525 0.5798479087452472
0.8970921440652329 0.737739333589894 0.5239890521976102 0.7946023888934692
Loss/valid 0.061390150642882176
Tr1 :  0.037150777876377106 Tr2 :  0.04661141335964203 Adv :  1.3837915658950806 Adv2 :  0.6931472420692444
2dec_lbl :  0.0009763785637915134  2dec_unlbl :  0.0009274272597394884
Dsc1_lbl :  0.4052678942680359  Dsc1_unlbl :  0.3589364290237427
Dsc2 :  0.6931472420692444  Dsc2_128 :  0.6931472420692444
Epoch 178/600
0.815471287628813 0.6248719985971263 0.5214610056014054 0.5849200094025249
0.6884352224746032 0.45441006070681883 0.35268667757627387 0.41334766464725425
0.9011607335186221 0.7033436398301076 0.5340454470346924 0.7409703724342414
Loss/valid 0.07283924690161186
Tr1 :  0.03956237807869911 Tr2 :  0.050199996680021286 Adv :  1.2192835807800293 Adv2 :  0.6931472420692444
2dec_lbl :  0.0010873791761696339  2dec_unlbl :  0.0008843522518873215
Dsc1_lbl :  0.2256392240524292  Dsc1_unlbl :  0.3464467525482178
Dsc2 :  0.6931472420692444  Dsc2_128 :  0.6931472420692444
Epoch 179/600
0.8162754633924635 0.6735059351341247 0.509109748726362 0.72487887086581
0.6895822787722609 0.507733847419984 0.34148036603729875 0.5684784404427556
0.8996277868384829 0.7320933350125403 0.5134117065871743 0.8004336012625864
Loss/valid 0.06245925999246538
Tr1 :  0.03704434260725975 Tr2 :  0.0468551442027092 Adv :  1.2156007289886475 Adv2 :  0.6931472420692444
2dec_lbl :  0.0009651180589571595  2dec_unlbl :  0.0008457544608972967
Dsc1_lbl :  0.3681526780128479  Dsc1_unlbl :  0.41858965158462524
Dsc2 :  0.6931472420692444  Dsc2_128 :  0.6931472420692444
Epoch 180/600
0.8053180021559468 0.669917965223535 0.5107361123779988 0.6925560780365628
0.6740856592877768 0.5036666519115282 0.3429453414018669 0.5297023194666166
0.8989781012741342 0.7385616176631232 0.5117506426000902 0.7714617014730627
Loss/valid 0.06385303183028904
Tr1 :  0.04246068000793457 Tr2 :  0.051812030375003815 Adv :  1.206656575202942 Adv2 :  0.6931472420692444
2dec_lbl :  0.0010783387115225196  2dec_unlbl :  0.0008209397201426327
Dsc1_lbl :  0.3125084340572357  Dsc1_unlbl :  0.34332382678985596
Dsc2 :  0.6931472420692444  Dsc2_128 :  0.6931472420692444
Epoch 181/600
0.8101047773297879 0.6918965054208468 0.5163591418733997 0.7198479210858805
0.6808202620663132 0.5289310121776303 0.34803513198295766 0.5623143788482434
0.8984725286517202 0.7563034374365754 0.5197889968085194 0.7894062848679018
Loss/valid 0.05845505572282351
Tr1 :  0.0390021875500679 Tr2 :  0.04891436547040939 Adv :  1.3836339712142944 Adv2 :  0.6931472420692444
2dec_lbl :  0.0009810732444748282  2dec_unlbl :  0.0008427100256085396
Dsc1_lbl :  0.3360070288181305  Dsc1_unlbl :  0.26236313581466675
Dsc2 :  0.6931472420692444  Dsc2_128 :  0.6931472420692444
Epoch 182/600
0.819066640982227 0.6445728121177594 0.5222829736211031 0.6640771955539269
0.6935756659998799 0.47554956686744565 0.35343909848622546 0.49709249167977176
0.9017268624003775 0.7243369496773447 0.5238732554077599 0.7482792877379614
Loss/valid 0.06451799073972954
Tr1 :  0.03780433163046837 Tr2 :  0.047484222799539566 Adv :  1.2550318241119385 Adv2 :  0.6931472420692444
2dec_lbl :  0.0009863779414445162  2dec_unlbl :  0.0010123150423169136
Dsc1_lbl :  0.3044871985912323  Dsc1_unlbl :  0.39980342984199524
Dsc2 :  0.6931472420692444  Dsc2_128 :  0.6931472420692444
Epoch 183/600
0.8092502778128756 0.6752059317891925 0.5258346081166202 0.6835691273287575
0.679614080720905 0.5096685952867285 0.35669987303447603 0.5192594168972122
0.8983497318142195 0.7504486613733049 0.5328340844527922 0.7476943263719962
Loss/valid 0.060381987382872745
Tr1 :  0.03788038715720177 Tr2 :  0.0472852997481823 Adv :  1.1534087657928467 Adv2 :  0.6931472420692444
2dec_lbl :  0.0010088703129440546  2dec_unlbl :  0.0011546319583430886
Dsc1_lbl :  0.24747814238071442  Dsc1_unlbl :  0.4117031395435333
Dsc2 :  0.6931472420692444  Dsc2_128 :  0.6931472420692444
Epoch 184/600
0.812410951423536 0.6748329130707343 0.5271512590646947 0.7325218030677477
0.6840842397438363 0.5092436415957826 0.3579126928743119 0.5779364132974524
0.8991965162049932 0.7497340872338389 0.5293103360162589 0.7923687343038388
saving model.......................................................................................
Loss/valid 0.06012975653776756
Tr1 :  0.04069020226597786 Tr2 :  0.04918121173977852 Adv :  1.387762427330017 Adv2 :  0.6931472420692444
2dec_lbl :  0.0010671388590708375  2dec_unlbl :  0.0007455713348463178
Dsc1_lbl :  0.28313004970550537  Dsc1_unlbl :  0.25416481494903564
Dsc2 :  0.6931472420692444  Dsc2_128 :  0.6931472420692444
Epoch 185/600
0.8028976644043112 0.6520037355171742 0.5223078890634706 0.6933893330385981
0.6707009422087395 0.48368363674013803 0.353461918892186 0.5306778450317681
0.899408634094562 0.7261762419714525 0.5283404426575776 0.7741278262115987
Loss/valid 0.06716900333189048
Tr1 :  0.03971746936440468 Tr2 :  0.04899956285953522 Adv :  1.1063323020935059 Adv2 :  0.6931472420692444
2dec_lbl :  0.001036082743667066  2dec_unlbl :  0.0009153241408057511
Dsc1_lbl :  0.32558614015579224  Dsc1_unlbl :  0.3079572021961212
Dsc2 :  0.6931472420692444  Dsc2_128 :  0.6931472420692444
Epoch 186/600
0.8076704577278278 0.6755387653472996 0.5213331554776377 0.7162316995544239
0.677388615389571 0.5100479709581226 0.3525697200886644 0.5579135263784213
0.901282759068078 0.7354638985015685 0.5239208540429697 0.7873590732123338
Loss/valid 0.06168435619642528
Tr1 :  0.038998302072286606 Tr2 :  0.049249839037656784 Adv :  1.2686727046966553 Adv2 :  0.6931472420692444
2dec_lbl :  0.0009986326331272721  2dec_unlbl :  0.0007612379267811775
Dsc1_lbl :  0.3235622048377991  Dsc1_unlbl :  0.22752267122268677
Dsc2 :  0.6931472420692444  Dsc2_128 :  0.6931472420692444
Epoch 187/600
0.82070383586549 0.6602207863946034 0.528450545695737 0.696385601335756
0.6959268255297072 0.4927832733110736 0.3591116453137378 0.5341960030890358
0.9025602904825564 0.7473236128344761 0.5345558511667375 0.7835247011645826
Loss/valid 0.06498201918573333
Tr1 :  0.03955639526247978 Tr2 :  0.04931465536355972 Adv :  1.2321938276290894 Adv2 :  0.6931472420692444
2dec_lbl :  0.001037047361023724  2dec_unlbl :  0.000768971280194819
Dsc1_lbl :  0.27302438020706177  Dsc1_unlbl :  0.26707130670547485
Dsc2 :  0.6931472420692444  Dsc2_128 :  0.6931472420692444
Epoch 188/600
0.8105686941009137 0.6433801697777083 0.5277168806764797 0.7296057899279378
0.6814758364613651 0.4742523700779797 0.35843437566475217 0.5743144798231972
0.901723292593123 0.7269805962368773 0.5335144239783444 0.7919338919387303
Loss/valid 0.06556923511939552
Tr1 :  0.03622167184948921 Tr2 :  0.04663731902837753 Adv :  1.3300689458847046 Adv2 :  0.6931472420692444
2dec_lbl :  0.0010406164219602942  2dec_unlbl :  0.0010088711278513074
Dsc1_lbl :  0.27834969758987427  Dsc1_unlbl :  0.2547633647918701
Dsc2 :  0.6931472420692444  Dsc2_128 :  0.6931472420692444
Epoch 189/600
0.8090120736531499 0.6574671684076034 0.5017574109688973 0.7252019478659409
0.6792781486330048 0.4897214823623886 0.3348973087818697 0.5688759459993888
0.9012319925965543 0.7362286212143205 0.5253666572108627 0.7974407016576265
Loss/valid 0.06306163775018202
Tr1 :  0.03900695592164993 Tr2 :  0.048525672405958176 Adv :  1.2699321508407593 Adv2 :  0.6931472420692444
2dec_lbl :  0.0010465380037203431  2dec_unlbl :  0.0009262204403057694
Dsc1_lbl :  0.385238915681839  Dsc1_unlbl :  0.293678343296051
Dsc2 :  0.6931472420692444  Dsc2_128 :  0.6931472420692444
Epoch 190/600
0.8140487811325867 0.6537308845001153 0.5014078366546169 0.6585651467354936
0.686410004207429 0.4855870768879502 0.33458591931730025 0.4909408348328018
0.9017412535140191 0.7272890516582223 0.5051448163770745 0.7326219610151075
Loss/valid 0.06347680795722856
Tr1 :  0.039579521864652634 Tr2 :  0.0488748699426651 Adv :  1.2861509323120117 Adv2 :  0.6931472420692444
2dec_lbl :  0.0010576563654467463  2dec_unlbl :  0.0007930205320008099
Dsc1_lbl :  0.3449246883392334  Dsc1_unlbl :  0.3005880117416382
Dsc2 :  0.6931472420692444  Dsc2_128 :  0.6931472420692444
Epoch 191/600
0.7929183591139634 0.6476655511055028 0.5051761131384003 0.6908120043258833
0.6568887573602196 0.4789240942837438 0.3379502545942208 0.527664481043592
0.8973212887681888 0.7348483886945907 0.5219009551999906 0.7524582689482002
Loss/valid 0.06767120086946167
Tr1 :  0.036903463304042816 Tr2 :  0.046880993992090225 Adv :  1.2447892427444458 Adv2 :  0.6931472420692444
2dec_lbl :  0.0009834246011450887  2dec_unlbl :  0.0006883465102873743
Dsc1_lbl :  0.2073935568332672  Dsc1_unlbl :  0.2941876947879791
Dsc2 :  0.6931472420692444  Dsc2_128 :  0.6931472420692444
Epoch 192/600
0.8186338942559986 0.6389612376092489 0.4968107408894242 0.6485418964323271
0.6929552915693641 0.46946586332844253 0.3305044510385757 0.4798830942078494
0.9035236365370279 0.7282557082980308 0.5226969168178394 0.7644218869735414
Loss/valid 0.06579322867596951
Tr1 :  0.03442367538809776 Tr2 :  0.04246579483151436 Adv :  1.3262652158737183 Adv2 :  0.6931472420692444
2dec_lbl :  0.0008595229010097682  2dec_unlbl :  0.0010363372275605798
Dsc1_lbl :  0.40213775634765625  Dsc1_unlbl :  0.37245863676071167
Dsc2 :  0.6931472420692444  Dsc2_128 :  0.6931472420692444
Epoch 193/600
0.8022984616309021 0.672385569416668 0.5079924098671726 0.7155604057003467
0.6698651007189875 0.5064614800256675 0.3404757544309464 0.5570993053126093
0.897630690401735 0.7331537683255512 0.5320398044429081 0.7740517591627273
Loss/valid 0.06319751287810504
Tr1 :  0.03602046146988869 Tr2 :  0.045461177825927734 Adv :  1.1430397033691406 Adv2 :  0.6931472420692444
2dec_lbl :  0.0009380741976201534  2dec_unlbl :  0.0008561402792111039
Dsc1_lbl :  0.38386228680610657  Dsc1_unlbl :  0.390282541513443
Dsc2 :  0.6931472420692444  Dsc2_128 :  0.6931472420692444
Epoch 194/600
0.8218765341291544 0.6541791711232723 0.5078890981105123 0.6457031100203244
0.6976149426933277 0.4860819189945772 0.3403829416884247 0.47678106240797374
0.9018989806857226 0.7347681121227995 0.5279603025917663 0.739583622930334
Loss/valid 0.06382452816559145
Tr1 :  0.03919975832104683 Tr2 :  0.04727707803249359 Adv :  1.2910455465316772 Adv2 :  0.6931472420692444
2dec_lbl :  0.0010685414308682084  2dec_unlbl :  0.0009481710731051862
Dsc1_lbl :  0.2721365690231323  Dsc1_unlbl :  0.3068622946739197
Dsc2 :  0.6931472420692444  Dsc2_128 :  0.6931472420692444
Epoch 195/600
0.8144594837405812 0.6674049830848402 0.5167108175781108 0.7304213684966823
0.6869942212606439 0.5008310661627897 0.34835474006116207 0.5753258210023469
0.9008172970828159 0.7242748259578456 0.5207619090991266 0.7979567969587872
Loss/valid 0.06188291631853925
Tr1 :  0.039874546229839325 Tr2 :  0.0501863956451416 Adv :  1.3443375825881958 Adv2 :  0.6931472420692444
2dec_lbl :  0.0010780991287901998  2dec_unlbl :  0.0008436338976025581
Dsc1_lbl :  0.23129254579544067  Dsc1_unlbl :  0.33755671977996826
Dsc2 :  0.6931472420692444  Dsc2_128 :  0.6931472420692444
Epoch 196/600
0.8154142724061281 0.635243368417387 0.52260148550501 0.6953901560624249
0.6883539565029168 0.46546274531067106 0.35373088599838454 0.5330253786554282
0.9008717159704048 0.7327351094524214 0.5307701151940001 0.7719770435265515
Loss/valid 0.06845264364248858
Tr1 :  0.03688400611281395 Tr2 :  0.04595249518752098 Adv :  1.2793290615081787 Adv2 :  0.6931472420692444
2dec_lbl :  0.0009562239865772426  2dec_unlbl :  0.0010870941914618015
Dsc1_lbl :  0.3305096924304962  Dsc1_unlbl :  0.3875854015350342
Dsc2 :  0.6931472420692444  Dsc2_128 :  0.6931472420692444
Epoch 197/600
0.746359735558444 0.6768024933473321 0.4772534810434106 0.6893894487255483
0.5953539916739321 0.511490151655031 0.3134162351396689 0.5260063319764813
0.8920765241155713 0.7489014647509394 0.5101259347221723 0.7536693124964572
Loss/valid 0.0660233216610952
Tr1 :  0.042466431856155396 Tr2 :  0.04825526103377342 Adv :  1.371810793876648 Adv2 :  0.6931472420692444
2dec_lbl :  0.0011732543352991343  2dec_unlbl :  0.001203967840410769
Dsc1_lbl :  0.44703635573387146  Dsc1_unlbl :  0.37788665294647217
Dsc2 :  0.6931472420692444  Dsc2_128 :  0.6931472420692444
Epoch 198/600
0.8175962673770028 0.6872683618394131 0.5297944613967412 0.7188080736467833
0.6914696265067429 0.5235406398846458 0.3603540100250627 0.5610463653894525
0.9009055971745777 0.7569862411316256 0.5352160259016945 0.7874448057878592
saving model.......................................................................................
Loss/valid 0.05883557716599451
Tr1 :  0.03997386246919632 Tr2 :  0.048545148223638535 Adv :  1.1071723699569702 Adv2 :  0.6931472420692444
2dec_lbl :  0.0010443981736898422  2dec_unlbl :  0.0009198986808769405
Dsc1_lbl :  0.29677775502204895  Dsc1_unlbl :  0.3275305926799774
Dsc2 :  0.6931472420692444  Dsc2_128 :  0.6931472420692444
Epoch 199/600
0.8101211910016649 0.6821285500056788 0.5223585278986941 0.7184266461121622
0.6808434479841202 0.5175987005474761 0.3535083020889127 0.5605817598600277
0.9001559930988281 0.7496939146453354 0.5332100198995817 0.7946281662284417
Loss/valid 0.05933733297010454
Tr1 :  0.03741109371185303 Tr2 :  0.04615781456232071 Adv :  1.1590275764465332 Adv2 :  0.6931472420692444
2dec_lbl :  0.0009322550031356514  2dec_unlbl :  0.0009927608771249652
Dsc1_lbl :  0.31968066096305847  Dsc1_unlbl :  0.29661446809768677
Dsc2 :  0.6931472420692444  Dsc2_128 :  0.6931472420692444
Epoch 200/600
0.8056578777045675 0.5866217664166539 0.5236430921052632 0.720955580776016
0.6745620561017774 0.41504938485531107 0.35468597688344244 0.5636673519231107
0.9003691577216701 0.7290715866358852 0.5367976113083024 0.7942442735997488
Loss/valid 0.06903682545257303
Tr1 :  0.03522249683737755 Tr2 :  0.043385010212659836 Adv :  1.0822938680648804 Adv2 :  0.6931472420692444
2dec_lbl :  0.0009009341592900455  2dec_unlbl :  0.0008656384306959808
Dsc1_lbl :  0.363915354013443  Dsc1_unlbl :  0.36912932991981506
Dsc2 :  0.6931472420692444  Dsc2_128 :  0.6931472420692444
Epoch 201/600
0.8198734731366473 0.6426585639499452 0.5208606462558802 0.7133932411326648
0.6947335344759865 0.4734686106836319 0.35213764337851927 0.5544765222286729
0.9004661963045851 0.7345843593903432 0.5312601476935914 0.7740925016486685
Loss/valid 0.06664083500464375
Tr1 :  0.04130910336971283 Tr2 :  0.052134472876787186 Adv :  1.038818597793579 Adv2 :  0.6929029226303101
2dec_lbl :  0.0010804355842992663  2dec_unlbl :  0.0009741352987475693
Dsc1_lbl :  0.36196669936180115  Dsc1_unlbl :  0.35873040556907654
Dsc2 :  0.6938940286636353  Dsc2_128 :  0.6921868324279785
Epoch 202/600
0.7963659331715928 0.6767102843276083 0.513700947225981 0.7341492454064722
0.6616345907108032 0.5113848285171305 0.3456242175941732 0.5799650888877591
0.8992640430100357 0.7446567811876933 0.5235676035255986 0.789747876832245
Loss/valid 0.06174462424734464
Tr1 :  0.03621475026011467 Tr2 :  0.04495302960276604 Adv :  1.1936157941818237 Adv2 :  0.6919152140617371
2dec_lbl :  0.0010060261702165008  2dec_unlbl :  0.0007452727877534926
Dsc1_lbl :  0.3043428957462311  Dsc1_unlbl :  0.3501131534576416
Dsc2 :  0.6948586106300354  Dsc2_128 :  0.691727876663208
Epoch 203/600
0.8022157910735093 0.6890754686502412 0.5110678162825402 0.7119358999708121
0.6697498473389393 0.5256408375703769 0.3432445223976169 0.5527177567907371
0.8967560258832992 0.7562320095346053 0.5243615235720049 0.7804757258703043
Loss/valid 0.062215171181238614
Tr1 :  0.03692063316702843 Tr2 :  0.0459616594016552 Adv :  1.0604008436203003 Adv2 :  0.6907414197921753
2dec_lbl :  0.0009787334129214287  2dec_unlbl :  0.0009640366188250482
Dsc1_lbl :  0.3670591115951538  Dsc1_unlbl :  0.29629868268966675
Dsc2 :  0.6938156485557556  Dsc2_128 :  0.6927034854888916
Epoch 204/600
0.8126058038165732 0.6745656908300801 0.5121379811770408 0.6831555243825908
0.684360599393601 0.5089393613573655 0.34421066920048865 0.5187822381699932
0.9013746155449667 0.7478926032979539 0.5223676232891797 0.7793438188770413
Loss/valid 0.06114746456464323
Tr1 :  0.03751380369067192 Tr2 :  0.046180251985788345 Adv :  1.0921399593353271 Adv2 :  0.6907646656036377
2dec_lbl :  0.000968102365732193  2dec_unlbl :  0.0008994894451461732
Dsc1_lbl :  0.3629107177257538  Dsc1_unlbl :  0.4408208131790161
Dsc2 :  0.693932294845581  Dsc2_128 :  0.692210853099823
Epoch 205/600
0.8149324040697482 0.6563302381573741 0.5179866576990894 0.7143299217200949
0.6876674435014352 0.48846097217914863 0.34951551576106954 0.5556090429325345
0.8999929605827455 0.7376856920719463 0.5225053419968183 0.79121221065754
Loss/valid 0.06545693713885087
Tr1 :  0.03720240667462349 Tr2 :  0.04744362086057663 Adv :  1.1325515508651733 Adv2 :  0.6902614831924438
2dec_lbl :  0.0009711476159282029  2dec_unlbl :  0.0008031163597479463
Dsc1_lbl :  0.2765440344810486  Dsc1_unlbl :  0.30688977241516113
Dsc2 :  0.6932192444801331  Dsc2_128 :  0.6929954886436462
Epoch 206/600
0.8028530992779387 0.6736260349928801 0.5042810944856823 0.7289741844155563
0.6706387485058821 0.5078703689643548 0.33714964264109515 0.5735321623505807
0.9002677532946107 0.7500175802912245 0.5116104660674621 0.7824687831473223
Loss/valid 0.06253596106902339
Tr1 :  0.036974210292100906 Tr2 :  0.04724107310175896 Adv :  1.0394179821014404 Adv2 :  0.6906259059906006
2dec_lbl :  0.0010247195605188608  2dec_unlbl :  0.0011963080614805222
Dsc1_lbl :  0.24999107420444489  Dsc1_unlbl :  0.3313530683517456
Dsc2 :  0.6933664679527283  Dsc2_128 :  0.6931391954421997
Epoch 207/600
0.8032451143230172 0.6765934381277301 0.5214512610509395 0.724030077765162
0.6711859913307441 0.5112513853418783 0.3526777625346207 0.5674350665704068
0.8995352042413937 0.7467088226835227 0.5258218047763595 0.7852589044877726
Loss/valid 0.06350581184960902
Tr1 :  0.03779994696378708 Tr2 :  0.04774877056479454 Adv :  1.1644924879074097 Adv2 :  0.6907492280006409
2dec_lbl :  0.0009946678765118122  2dec_unlbl :  0.00098892068490386
Dsc1_lbl :  0.23976512253284454  Dsc1_unlbl :  0.24008587002754211
Dsc2 :  0.6932789087295532  Dsc2_128 :  0.6928695440292358
Epoch 208/600
0.8018269194336739 0.6604107308974257 0.5088996228412624 0.6911112744017439
0.6692079236621508 0.4929949396652394 0.3412913246061682 0.5280137729705453
0.8995287452255848 0.744412867629965 0.519026669181113 0.786668531623509
Loss/valid 0.06437241296785381
Tr1 :  0.035608645528554916 Tr2 :  0.044588852673769 Adv :  1.2062044143676758 Adv2 :  0.6913334131240845
2dec_lbl :  0.0009118456509895623  2dec_unlbl :  0.0008164016762748361
Dsc1_lbl :  0.2305740863084793  Dsc1_unlbl :  0.23250599205493927
Dsc2 :  0.6935921311378479  Dsc2_128 :  0.6925739049911499
Epoch 209/600
0.8111186790606814 0.6486660065829966 0.5071405446239072 0.726612818630022
0.6822536991495735 0.4800190106538873 0.339710843373494 0.5706142085145643
0.9000120611883101 0.7203377519276268 0.5078359733307217 0.7748809740992151
Loss/valid 0.06578128020135829
Tr1 :  0.03679210692644119 Tr2 :  0.046511080116033554 Adv :  1.2363128662109375 Adv2 :  0.6914545297622681
2dec_lbl :  0.0010215090587735176  2dec_unlbl :  0.0007459825719706714
Dsc1_lbl :  0.38037049770355225  Dsc1_unlbl :  0.32015711069107056
Dsc2 :  0.6934270858764648  Dsc2_128 :  0.6930409669876099
Epoch 210/600
0.7911706841315607 0.6351566789487263 0.516174716756112 0.7067875726075873
0.6544932967340992 0.46536966489274045 0.34786758426684083 0.5465363289407359
0.899294311600319 0.7400474459464557 0.5202753600454599 0.7778640431790865
Loss/valid 0.06727153858026633
Tr1 :  0.03519228845834732 Tr2 :  0.04460453614592552 Adv :  1.1718100309371948 Adv2 :  0.6920522451400757
2dec_lbl :  0.0009773173369467258  2dec_unlbl :  0.0009193342411890626
Dsc1_lbl :  0.3096754550933838  Dsc1_unlbl :  0.40408799052238464
Dsc2 :  0.6934090256690979  Dsc2_128 :  0.692913830280304
Epoch 211/600
0.8141847797133877 0.6367677977465191 0.5071981815120391 0.7158534526422422
0.6866034149204112 0.4671014935635433 0.33976256943856975 0.5574546410728373
0.9004890797064659 0.7268115001324239 0.5234736314386965 0.7855997438289257
Loss/valid 0.06795681948558642
Tr1 :  0.03288809582591057 Tr2 :  0.04199860990047455 Adv :  1.2204183340072632 Adv2 :  0.6928174495697021
2dec_lbl :  0.0009200844797305763  2dec_unlbl :  0.0009698211215436459
Dsc1_lbl :  0.30473047494888306  Dsc1_unlbl :  0.311637282371521
Dsc2 :  0.6938526630401611  Dsc2_128 :  0.6923442482948303
Epoch 212/600
0.7989883842823499 0.6572438902346343 0.5127853209809976 0.7269484836333707
0.6652628282907355 0.4894737662742652 0.34479576366153236 0.5710283317584257
0.897150264035137 0.7430250704696805 0.5293248886267722 0.7879171691258257
Loss/valid 0.06380541816067237
Tr1 :  0.03495548292994499 Tr2 :  0.04351219907402992 Adv :  1.2074488401412964 Adv2 :  0.6923043131828308
2dec_lbl :  0.0008899210370145738  2dec_unlbl :  0.0008125409367494285
Dsc1_lbl :  0.2458713948726654  Dsc1_unlbl :  0.2904101312160492
Dsc2 :  0.6934462189674377  Dsc2_128 :  0.6930710673332214
Epoch 213/600
0.8160449634327599 0.6778820211698809 0.4861300754581387 0.6847549390917783
0.6892533400582518 0.512724304505493 0.3211174669483278 0.5206291659585717
0.9027819283731899 0.7377525934216137 0.48174482947448316 0.7795737145982233
Loss/valid 0.06281765082922693
Tr1 :  0.04036221280694008 Tr2 :  0.05027586221694946 Adv :  0.952366054058075 Adv2 :  0.6931006908416748
2dec_lbl :  0.0010406103683635592  2dec_unlbl :  0.0009488056530244648
Dsc1_lbl :  0.34278473258018494  Dsc1_unlbl :  0.3732912838459015
Dsc2 :  0.6937859058380127  Dsc2_128 :  0.6923975348472595
Epoch 214/600
0.819792613669415 0.6567418349061002 0.5234117388437018 0.7080108576171568
0.6946174233142658 0.48891706149442304 0.3544737233884174 0.5480006250759641
0.9030864559652354 0.7362596626309421 0.5332357481301866 0.7748997617787717
Loss/valid 0.06497709940259273
Tr1 :  0.038021020591259 Tr2 :  0.04777800664305687 Adv :  1.3497203588485718 Adv2 :  0.6923345327377319
2dec_lbl :  0.0009771136101335287  2dec_unlbl :  0.0008948458707891405
Dsc1_lbl :  0.25674572587013245  Dsc1_unlbl :  0.22487375140190125
Dsc2 :  0.6936353445053101  Dsc2_128 :  0.6926285624504089
Epoch 215/600
0.8073471717182991 0.6811909977855959 0.5173965726155444 0.7323149041203861
0.6769339346484204 0.5165198270877832 0.34897840046701695 0.57767887821719
0.9019071570535208 0.7492247379749815 0.5296109091824528 0.7991093644676291
Loss/valid 0.06276489253370808
Tr1 :  0.0373339019715786 Tr2 :  0.047217316925525665 Adv :  1.175103783607483 Adv2 :  0.6917049884796143
2dec_lbl :  0.0009584975778125226  2dec_unlbl :  0.0008271943661384284
Dsc1_lbl :  0.18237198889255524  Dsc1_unlbl :  0.3131663501262665
Dsc2 :  0.6933462619781494  Dsc2_128 :  0.6930501461029053
Epoch 216/600
0.8114785574350931 0.6675901761676829 0.5047806885906616 0.7317733252143319
0.682763077192675 0.5010396682963054 0.3375964213001462 0.5770051519678078
0.9002783195926886 0.7488550840567948 0.5237117296978219 0.8053316238270514
Loss/valid 0.06223846930795564
Tr1 :  0.037895482033491135 Tr2 :  0.04657462239265442 Adv :  1.0564316511154175 Adv2 :  0.6926290392875671
2dec_lbl :  0.00098149583209306  2dec_unlbl :  0.0007880997727625072
Dsc1_lbl :  0.25798091292381287  Dsc1_unlbl :  0.3971799612045288
Dsc2 :  0.6929267048835754  Dsc2_128 :  0.6935520172119141
Epoch 217/600
0.8163360708150172 0.6775855796001012 0.5184756838026947 0.72659942083903
0.689668790851056 0.5123852017548319 0.34996096799375487 0.5705976836588046
0.9018290307470208 0.7442385629943474 0.5280668744043531 0.7937664091435228
Loss/valid 0.06390469725458668
Tr1 :  0.03688840568065643 Tr2 :  0.046248409897089005 Adv :  1.2037019729614258 Adv2 :  0.6926822662353516
2dec_lbl :  0.0010240472620353103  2dec_unlbl :  0.0008789193816483021
Dsc1_lbl :  0.2963257133960724  Dsc1_unlbl :  0.3263586163520813
Dsc2 :  0.6926715970039368  Dsc2_128 :  0.6938626766204834
Epoch 218/600
0.8168133395090319 0.6372520893493963 0.513782813211269 0.7332133665334477
0.6903503621060872 0.467622870208738 0.34569833923223525 0.5787978394806825
0.9015039143481642 0.7092491815296821 0.5268286372970479 0.7990090018770757
Loss/valid 0.06747910846024752
Tr1 :  0.03580892086029053 Tr2 :  0.04508691653609276 Adv :  1.1421705484390259 Adv2 :  0.6926472783088684
2dec_lbl :  0.0009357379749417305  2dec_unlbl :  0.0007970118895173073
Dsc1_lbl :  0.33254924416542053  Dsc1_unlbl :  0.33177676796913147
Dsc2 :  0.6924965977668762  Dsc2_128 :  0.6937858462333679
Epoch 219/600
0.8166580766906473 0.6220937834501619 0.523921597469937 0.6946729338033685
0.690128576199488 0.4514775940323665 0.35494157801639303 0.5321830457614404
0.9026775597487926 0.7220996485558321 0.5355439980295978 0.7852228743230644
Loss/valid 0.06920429795550612
Tr1 :  0.0352102629840374 Tr2 :  0.04419323801994324 Adv :  1.2340331077575684 Adv2 :  0.6927735805511475
2dec_lbl :  0.0009505606140010059  2dec_unlbl :  0.0009126025252044201
Dsc1_lbl :  0.309054434299469  Dsc1_unlbl :  0.23015153408050537
Dsc2 :  0.6925815343856812  Dsc2_128 :  0.6934453248977661
Epoch 220/600
0.8046157003267613 0.6511873040670073 0.5179453020923125 0.7327946503204236
0.6731021149823575 0.4827855683969314 0.349477858559154 0.5782761653474054
0.9014446611889793 0.7259813139851015 0.5273544903283824 0.8026156667592665
Loss/valid 0.06704468049037342
Tr1 :  0.03641657903790474 Tr2 :  0.04529605433344841 Adv :  1.0260376930236816 Adv2 :  0.6931513547897339
2dec_lbl :  0.0009336614166386425  2dec_unlbl :  0.0008751378627493978
Dsc1_lbl :  0.27053695917129517  Dsc1_unlbl :  0.32991844415664673
Dsc2 :  0.6929359436035156  Dsc2_128 :  0.6933222413063049
Epoch 221/600
0.817314354885837 0.656543306878253 0.4920082522349803 0.6943435136993027
0.6910664370217692 0.4886970381997685 0.3262672046874136 0.5317964724906923
0.9020800549501307 0.7256830655662916 0.502710677601403 0.7837538677875944
Loss/valid 0.06505824618328077
Tr1 :  0.03434723615646362 Tr2 :  0.04279433190822601 Adv :  1.1417442560195923 Adv2 :  0.6936682462692261
2dec_lbl :  0.0008926931768655777  2dec_unlbl :  0.0006966411601752043
Dsc1_lbl :  0.3066674470901489  Dsc1_unlbl :  0.22812476754188538
Dsc2 :  0.693087100982666  Dsc2_128 :  0.6931635737419128
Epoch 222/600
0.801335777283391 0.6675314065122655 0.5087123129202517 0.6936691068814055
0.6685239803581295 0.500973463670917 0.34112285464947156 0.5310056667383976
0.9016434565780879 0.7261362747679313 0.5141996789794725 0.7651514577899879
Loss/valid 0.06699602013955322
Tr1 :  0.03772600367665291 Tr2 :  0.04726665839552879 Adv :  1.0080512762069702 Adv2 :  0.6937058568000793
2dec_lbl :  0.0009775309590622783  2dec_unlbl :  0.0009247846901416779
Dsc1_lbl :  0.18878164887428284  Dsc1_unlbl :  0.34366804361343384
Dsc2 :  0.6931300163269043  Dsc2_128 :  0.6930696368217468
Epoch 223/600
0.8107219040836795 0.6339512627943087 0.5087599285524266 0.7336803993401461
0.6816924543279598 0.4640766068794017 0.34116567700502054 0.5793801177505583
0.9003928112460361 0.7111582274943576 0.5139325401971748 0.804649939698255
Loss/valid 0.06948950550017449
Tr1 :  0.0351853184401989 Tr2 :  0.0443137101829052 Adv :  1.2108944654464722 Adv2 :  0.6930230855941772
2dec_lbl :  0.0009323050617240369  2dec_unlbl :  0.0007757152197882533
Dsc1_lbl :  0.2894471287727356  Dsc1_unlbl :  0.31273844838142395
Dsc2 :  0.6929200291633606  Dsc2_128 :  0.6933550238609314
Epoch 224/600
0.8058441208284035 0.6809721417315815 0.5123103101017467 0.6958758529074331
0.6748232244080474 0.5162682027243471 0.3443663780023809 0.5335963255176501
0.9006768443208699 0.7449970322208744 0.5236957645064927 0.7768075694431229
Loss/valid 0.06469832294477293
Tr1 :  0.03837943077087402 Tr2 :  0.04871558025479317 Adv :  0.9329501986503601 Adv2 :  0.6927248239517212
2dec_lbl :  0.001068474375642836  2dec_unlbl :  0.0007488102419301867
Dsc1_lbl :  0.23081837594509125  Dsc1_unlbl :  0.36112117767333984
Dsc2 :  0.69325190782547  Dsc2_128 :  0.6930972933769226
Epoch 225/600
0.8122334379341501 0.6311020759848138 0.5291021038337766 0.726890023120883
0.6838325508351192 0.4610293177548953 0.35971368591445985 0.570956190998338
0.9014673447139036 0.7351850533469336 0.5322725530242705 0.7920973720151215
Loss/valid 0.07581146312161134
Tr1 :  0.043001990765333176 Tr2 :  0.051281820982694626 Adv :  1.0592234134674072 Adv2 :  0.6924378871917725
2dec_lbl :  0.0011234821286052465  2dec_unlbl :  0.0014415335608646274
Dsc1_lbl :  0.28043046593666077  Dsc1_unlbl :  0.37053367495536804
Dsc2 :  0.6929912567138672  Dsc2_128 :  0.6937452554702759
Epoch 226/600
0.8077662913259165 0.6268422052140425 0.5153478413348839 0.7347853385005089
0.6775234464929331 0.45649684806381063 0.3471168908670463 0.5807594243570219
0.8992862745174428 0.7193717299330512 0.5221634864947832 0.7940166030024669
Loss/valid 0.06915797878844807
Tr1 :  0.03696223348379135 Tr2 :  0.04731438681483269 Adv :  1.5445951223373413 Adv2 :  0.6921883821487427
2dec_lbl :  0.0010205621365457773  2dec_unlbl :  0.0007689475896768272
Dsc1_lbl :  0.2966773509979248  Dsc1_unlbl :  0.24129630625247955
Dsc2 :  0.6926897764205933  Dsc2_128 :  0.6934448480606079
Epoch 227/600
0.8069357535228087 0.658204804680389 0.5141981534641942 0.7219090889608025
0.676355658050671 0.49054043938770164 0.34607451502571734 0.5648339118332579
0.901803432029763 0.7379011824026435 0.5257732080881066 0.785683002083662
Loss/valid 0.06527963983647239
Tr1 :  0.034630488604307175 Tr2 :  0.044256750494241714 Adv :  1.1079524755477905 Adv2 :  0.6926938891410828
2dec_lbl :  0.000952210568357259  2dec_unlbl :  0.0008683284977450967
Dsc1_lbl :  0.26759278774261475  Dsc1_unlbl :  0.36026814579963684
Dsc2 :  0.6928899884223938  Dsc2_128 :  0.693655788898468
Epoch 228/600
0.8114139209593276 0.6387293226174799 0.5159434106811488 0.7227137985601891
0.6826715668874679 0.469215515495891 0.3476575047033451 0.5658197808333915
0.9008679224585433 0.7359713682737772 0.5259404558798648 0.7839859111235555
Loss/valid 0.0665256767354619
Tr1 :  0.03894329071044922 Tr2 :  0.049188897013664246 Adv :  1.0898007154464722 Adv2 :  0.6924852728843689
2dec_lbl :  0.0010723936138674617  2dec_unlbl :  0.0008358265622518957
Dsc1_lbl :  0.2742084860801697  Dsc1_unlbl :  0.32737675309181213
Dsc2 :  0.69232577085495  Dsc2_128 :  0.694071888923645
Epoch 229/600
0.8082998228598769 0.6499266054282874 0.5136382062814895 0.7060923643901879
0.6782744841069491 0.4814009431201816 0.3455674173355152 0.5457053849577214
0.901869609128294 0.7254987564309151 0.5234581867140029 0.7764834708840276
Loss/valid 0.06611018260725988
Tr1 :  0.03529776260256767 Tr2 :  0.04420207068324089 Adv :  1.4408819675445557 Adv2 :  0.6914849281311035
2dec_lbl :  0.0009483089670538902  2dec_unlbl :  0.0009051603265106678
Dsc1_lbl :  0.30216410756111145  Dsc1_unlbl :  0.29167672991752625
Dsc2 :  0.6920971870422363  Dsc2_128 :  0.6942674517631531
Epoch 230/600
0.7951993038340227 0.6610519362562959 0.5203411046784541 0.7116397818266219
0.660025601217343 0.4937099161322151 0.351662877385925 0.5523608784161127
0.8984580498406056 0.7459843182306833 0.5335607016367323 0.7873275380694215
Loss/valid 0.06758321952432968
Tr1 :  0.03452783450484276 Tr2 :  0.04359296336770058 Adv :  1.3814362287521362 Adv2 :  0.6920545101165771
2dec_lbl :  0.0009269762085750699  2dec_unlbl :  0.0009713838808238506
Dsc1_lbl :  0.27896562218666077  Dsc1_unlbl :  0.25583142042160034
Dsc2 :  0.6925899982452393  Dsc2_128 :  0.6936767101287842
Epoch 231/600
0.8057967774388783 0.6458149538574265 0.5174559805707346 0.6064130345338344
0.6747568271594042 0.47690303160343184 0.34903245623016277 0.43514545526118964
0.9000437598250193 0.7248067150036162 0.5267696059283008 0.748696028286182
Loss/valid 0.06974310913266471
Tr1 :  0.03374399617314339 Tr2 :  0.043008800595998764 Adv :  1.0379027128219604 Adv2 :  0.6920433640480042
2dec_lbl :  0.0009423542069271207  2dec_unlbl :  0.0010817612055689096
Dsc1_lbl :  0.29261869192123413  Dsc1_unlbl :  0.32906028628349304
Dsc2 :  0.6932839155197144  Dsc2_128 :  0.6928917169570923
Epoch 232/600
0.8123391965533264 0.6691041312208641 0.5134767836919593 0.7132871988335223
0.683982492472482 0.5027471697200848 0.3454213012341917 0.5543484126270348
0.8997495616212692 0.7386226895423805 0.5359923337220478 0.7795658899529043
Loss/valid 0.062360910627131276
Tr1 :  0.03766503185033798 Tr2 :  0.04728605970740318 Adv :  1.1388587951660156 Adv2 :  0.6920264959335327
2dec_lbl :  0.0009984341450035572  2dec_unlbl :  0.0008533726795576513
Dsc1_lbl :  0.2397138625383377  Dsc1_unlbl :  0.2841286361217499
Dsc2 :  0.6930345892906189  Dsc2_128 :  0.6934166550636292
Epoch 233/600
0.8084944769163427 0.6611464453732308 0.5127433147253758 0.72812962879842
0.678548660709462 0.49381535649545916 0.3447577810892119 0.5724872953133823
0.9006542034332771 0.7314389938870021 0.5262552212430398 0.8018692263975917
Loss/valid 0.06539820532242839
Tr1 :  0.03398822620511055 Tr2 :  0.04376840218901634 Adv :  1.0879067182540894 Adv2 :  0.6913771033287048
2dec_lbl :  0.0009639391792006791  2dec_unlbl :  0.0007289756904356182
Dsc1_lbl :  0.2907795011997223  Dsc1_unlbl :  0.2371402084827423
Dsc2 :  0.6929089426994324  Dsc2_128 :  0.6935728192329407
Epoch 234/600
0.8111424909546656 0.662143021169279 0.5086211738275764 0.7244307128962124
0.682287393386632 0.4949281064019176 0.34104089779317615 0.5679273718960816
0.9009444661313805 0.7341741985663349 0.5142531569991444 0.7931708352450444
Loss/valid 0.06615090565397762
Tr1 :  0.0375528521835804 Tr2 :  0.04698497802019119 Adv :  1.1323055028915405 Adv2 :  0.6912368535995483
2dec_lbl :  0.0009929490042850375  2dec_unlbl :  0.0009710778831504285
Dsc1_lbl :  0.24880287051200867  Dsc1_unlbl :  0.3398328423500061
Dsc2 :  0.6928166151046753  Dsc2_128 :  0.6935601234436035
Epoch 235/600
0.8204814333348276 0.6652052034856483 0.49346328563202463 0.6690173589584626
0.6956070523370879 0.4983576540924101 0.3275481313703284 0.5026491994177583
0.9037845614918505 0.726827693490402 0.5105244610449464 0.7848663446738551
Loss/valid 0.06719124422838482
Tr1 :  0.03493012115359306 Tr2 :  0.04392732307314873 Adv :  1.1561126708984375 Adv2 :  0.6915689706802368
2dec_lbl :  0.000948102620895952  2dec_unlbl :  0.000949121022131294
Dsc1_lbl :  0.25243842601776123  Dsc1_unlbl :  0.2760075032711029
Dsc2 :  0.6929314732551575  Dsc2_128 :  0.6934539675712585
Epoch 236/600
0.7694029076790714 0.6767656509015001 0.5166444740346205 0.7364628246391774
0.6252273083369339 0.511448067655265 0.348294434470377 0.5828580583146428
0.8930233187787538 0.7520972810915098 0.5296942576049597 0.7929567677013116
Loss/valid 0.06728014765450588
Tr1 :  0.03704093396663666 Tr2 :  0.04674804210662842 Adv :  1.2454965114593506 Adv2 :  0.691642165184021
2dec_lbl :  0.0009844485903158784  2dec_unlbl :  0.0008998722187243402
Dsc1_lbl :  0.32642340660095215  Dsc1_unlbl :  0.2587404251098633
Dsc2 :  0.6928133964538574  Dsc2_128 :  0.6935587525367737
Epoch 237/600
0.8041676831427604 0.662772823855584 0.5084039395309521 0.7023739884956616
0.6724752892246542 0.4956321825335135 0.3408455901734409 0.5412761321587558
0.9007530598510016 0.7332053582033797 0.5128257263787231 0.7900377121436745
Loss/valid 0.06552036989551897
Tr1 :  0.03677639365196228 Tr2 :  0.0461258739233017 Adv :  1.0626332759857178 Adv2 :  0.6917096972465515
2dec_lbl :  0.0010042618960142136  2dec_unlbl :  0.0007793228141963482
Dsc1_lbl :  0.2716735005378723  Dsc1_unlbl :  0.3090045750141144
Dsc2 :  0.693027675151825  Dsc2_128 :  0.6933960318565369
Epoch 238/600
0.8106594151863735 0.6849844998144475 0.5145234921019675 0.7290554450608885
0.6816040968730638 0.5208946204191467 0.34636932281751426 0.5736327696024599
0.8988928237064789 0.7482857498075185 0.5249701546899319 0.8113225034006288
Loss/valid 0.06183086185214611
Tr1 :  0.035184893757104874 Tr2 :  0.04405911639332771 Adv :  1.34389066696167 Adv2 :  0.6913935542106628
2dec_lbl :  0.0009400641429238021  2dec_unlbl :  0.0008159178541973233
Dsc1_lbl :  0.2523724138736725  Dsc1_unlbl :  0.195777028799057
Dsc2 :  0.6930462718009949  Dsc2_128 :  0.6933256983757019
Epoch 239/600
0.8118886064829915 0.6788055641226384 0.5139567216855014 0.7128621762661791
0.6833438437785413 0.5137817309016035 0.3458558234376874 0.5538351551182435
0.9034427836198309 0.7454243152789545 0.5268726859882576 0.8096018774104848
Loss/valid 0.06263594445772469
Tr1 :  0.03506622463464737 Tr2 :  0.04295451566576958 Adv :  1.1979200839996338 Adv2 :  0.6915162205696106
2dec_lbl :  0.0009055298869498074  2dec_unlbl :  0.0008704486535862088
Dsc1_lbl :  0.3016006648540497  Dsc1_unlbl :  0.2781793773174286
Dsc2 :  0.693100094795227  Dsc2_128 :  0.693183422088623
Epoch 240/600
0.8009232327572013 0.6817367541539137 0.5021217595899331 0.7060915108051942
0.6679499216708817 0.5171476609866051 0.33522201340775853 0.5457043652635684
0.8998232861673494 0.7436617663571317 0.5177150421251259 0.7918152114212386
Loss/valid 0.06617657478468922
Tr1 :  0.033370401710271835 Tr2 :  0.042416416108608246 Adv :  0.8952891230583191 Adv2 :  0.6914156079292297
2dec_lbl :  0.0009217794868163764  2dec_unlbl :  0.0007069905404932797
Dsc1_lbl :  0.21309520304203033  Dsc1_unlbl :  0.3457479774951935
Dsc2 :  0.6930735111236572  Dsc2_128 :  0.6933346390724182
Epoch 241/600
0.8164610480416482 0.6422979281673823 0.5179369446732445 0.7358151809470248
0.6898472134699789 0.47307722474078023 0.34947024879387 0.5820471578659183
0.9033410203337595 0.7229435373429389 0.5313332823828234 0.7943555511788832
Loss/valid 0.06933999812015547
Tr1 :  0.035461366176605225 Tr2 :  0.04482581838965416 Adv :  1.0791969299316406 Adv2 :  0.691220760345459
2dec_lbl :  0.0009548765956424177  2dec_unlbl :  0.0008579245186410844
Dsc1_lbl :  0.2928121089935303  Dsc1_unlbl :  0.303810715675354
Dsc2 :  0.6926440000534058  Dsc2_128 :  0.6936677694320679
Epoch 242/600
0.8149670865686569 0.6442467452352652 0.5234632933931819 0.7260386624506294
0.6877168366647849 0.4751946882451423 0.3545210160038188 0.569906355123193
0.9044019022899492 0.7307576211987163 0.5355470465595888 0.798560166110569
Loss/valid 0.06955086681633614
Tr1 :  0.03577825054526329 Tr2 :  0.045572780072689056 Adv :  1.1179124116897583 Adv2 :  0.6914081573486328
2dec_lbl :  0.0009818080579861999  2dec_unlbl :  0.0008410789887420833
Dsc1_lbl :  0.2915779650211334  Dsc1_unlbl :  0.24658538401126862
Dsc2 :  0.6926215291023254  Dsc2_128 :  0.6936286687850952
Epoch 243/600
0.8185942134589945 0.668500272492384 0.47740397836648635 0.7339913945836497
0.6928984289604051 0.5020656472410432 0.3135460565924142 0.5797680927628949
0.9026756794172851 0.7316109597434799 0.5016270615394011 0.7906169531526301
Loss/valid 0.06465017118562873
Tr1 :  0.03550686314702034 Tr2 :  0.04503908380866051 Adv :  1.2042487859725952 Adv2 :  0.6914622187614441
2dec_lbl :  0.000978198484517634  2dec_unlbl :  0.0010441825725138187
Dsc1_lbl :  0.3071792721748352  Dsc1_unlbl :  0.3330122232437134
Dsc2 :  0.692955732345581  Dsc2_128 :  0.693368136882782
Epoch 244/600
0.8103774792066539 0.643642748650774 0.5212680649357592 0.727340113585576
0.6812055631447042 0.4745377724124786 0.3525101829312381 0.5715117773019271
0.9022641935478843 0.7387331453431683 0.5307049592866312 0.7936862084343577
Loss/valid 0.06692168172090672
Tr1 :  0.03875352069735527 Tr2 :  0.04826437309384346 Adv :  1.1038875579833984 Adv2 :  0.691362738609314
2dec_lbl :  0.0010914466110989451  2dec_unlbl :  0.0009150043479166925
Dsc1_lbl :  0.26148688793182373  Dsc1_unlbl :  0.2380460798740387
Dsc2 :  0.6930086612701416  Dsc2_128 :  0.6930869221687317
Epoch 245/600
0.8155329443574784 0.6880363086694965 0.5189061886693707 0.7185114831386101
0.6885231129666897 0.5244324314888145 0.3503533568904594 0.5606850734007215
0.9033309169519989 0.7532624199341063 0.5254412627567132 0.7849688498523563
Loss/valid 0.061294754985003516
Tr1 :  0.03528086096048355 Tr2 :  0.04448539763689041 Adv :  1.1127549409866333 Adv2 :  0.6908600926399231
2dec_lbl :  0.0009783066343516111  2dec_unlbl :  0.0009120875038206577
Dsc1_lbl :  0.2713554799556732  Dsc1_unlbl :  0.32295286655426025
Dsc2 :  0.6931997537612915  Dsc2_128 :  0.6930441856384277
Epoch 246/600
0.826984897972494 0.6730883581741514 0.5066112503310719 0.6984449614301457
0.7050078865507241 0.5072593660026771 0.33923601637107775 0.5366234548157068
0.9054073737358237 0.7367925463977946 0.517263596250157 0.7879474699128614
Loss/valid 0.06658421524872
Tr1 :  0.035341646522283554 Tr2 :  0.04477515444159508 Adv :  1.1124117374420166 Adv2 :  0.6906144022941589
2dec_lbl :  0.0010148746659979224  2dec_unlbl :  0.0009478572756052017
Dsc1_lbl :  0.2396245002746582  Dsc1_unlbl :  0.2870791256427765
Dsc2 :  0.6932708024978638  Dsc2_128 :  0.6928634643554688
Epoch 247/600
0.8068133998138207 0.6740288751913291 0.5209805180903446 0.708154358956737
0.6761837584229735 0.5083284715484186 0.35224723167112976 0.5481725807309678
0.9002938384071466 0.7530028539037606 0.5333454765351772 0.7748550264269968
Loss/valid 0.06578296996079959
Tr1 :  0.03657098859548569 Tr2 :  0.047375261783599854 Adv :  1.1286664009094238 Adv2 :  0.6911390423774719
2dec_lbl :  0.0010888370452448726  2dec_unlbl :  0.000946779444348067
Dsc1_lbl :  0.21899691224098206  Dsc1_unlbl :  0.30517110228538513
Dsc2 :  0.693632960319519  Dsc2_128 :  0.6926531791687012
Epoch 248/600
0.809010148231883 0.6809493887355536 0.50729078613694 0.6611287748356854
0.6792754338173784 0.5162420478186149 0.3398456855666454 0.49379564099194656
0.9012658747612451 0.7471528771850242 0.5159585025176937 0.7540788467327374
Loss/valid 0.06382515333377971
Tr1 :  0.03273257240653038 Tr2 :  0.0420323871076107 Adv :  1.2160990238189697 Adv2 :  0.690694272518158
2dec_lbl :  0.0009642198565416038  2dec_unlbl :  0.0007780446903780103
Dsc1_lbl :  0.2983633279800415  Dsc1_unlbl :  0.19072645902633667
Dsc2 :  0.6933613419532776  Dsc2_128 :  0.6929474472999573
Epoch 249/600
0.8126950531818471 0.6707160688371568 0.5085156309136326 0.7383372400379034
0.6844872122867682 0.5045694551128906 0.34094600081201787 0.5852096641578648
0.9005873446717527 0.7356835591751543 0.5119354051831717 0.8029682843974977
Loss/valid 0.06635464104608847
Tr1 :  0.034537360072135925 Tr2 :  0.04390786960721016 Adv :  1.0795164108276367 Adv2 :  0.6905778646469116
2dec_lbl :  0.0009605028899386525  2dec_unlbl :  0.0009852004004642367
Dsc1_lbl :  0.24264758825302124  Dsc1_unlbl :  0.2927321791648865
Dsc2 :  0.6931803226470947  Dsc2_128 :  0.6931158304214478
Epoch 250/600
0.8135734259644506 0.6788633457396427 0.5124861656102223 0.7306551690176294
0.6857343250473021 0.5138479380997167 0.3445253104623793 0.5756159801369036
0.9024206074337356 0.7457409629072761 0.5238180545425971 0.7934248625048433
Loss/valid 0.06051236874638842
Tr1 :  0.03563544899225235 Tr2 :  0.04530380666255951 Adv :  1.2487549781799316 Adv2 :  0.6912648677825928
2dec_lbl :  0.0010072831064462662  2dec_unlbl :  0.0010336345294490457
Dsc1_lbl :  0.2803184688091278  Dsc1_unlbl :  0.21888162195682526
Dsc2 :  0.69358891248703  Dsc2_128 :  0.6928706765174866
Epoch 251/600
0.8172306159721069 0.6695874568214994 0.5039873504743572 0.7090146211474854
0.6909467111746226 0.5032931027708006 0.3368870915858646 0.5492042224193812
0.9024176112322246 0.7402372697025528 0.5159577990483148 0.7777750952134173
Loss/valid 0.0629991959565534
Tr1 :  0.036076825112104416 Tr2 :  0.046284135431051254 Adv :  0.9889931678771973 Adv2 :  0.6915999054908752
2dec_lbl :  0.001044160802848637  2dec_unlbl :  0.0007866388186812401
Dsc1_lbl :  0.22561873495578766  Dsc1_unlbl :  0.26292741298675537
Dsc2 :  0.6932856440544128  Dsc2_128 :  0.6929603219032288
Epoch 252/600
0.8150455325326647 0.6760248437626503 0.5033630107694103 0.7206582440721414
0.6878285663369865 0.5106023633282277 0.3363293934277179 0.5633039340215038
0.9010091781890415 0.7411370029251522 0.5106409384914519 0.7877303633978413
Loss/valid 0.06182952581618268
Tr1 :  0.03792945295572281 Tr2 :  0.04740282893180847 Adv :  1.2617462873458862 Adv2 :  0.6918548941612244
2dec_lbl :  0.0010205964790657163  2dec_unlbl :  0.0009045255719684064
Dsc1_lbl :  0.2736601233482361  Dsc1_unlbl :  0.2690134048461914
Dsc2 :  0.6934006214141846  Dsc2_128 :  0.692742645740509
Epoch 253/600
0.8266634617860914 0.6761584333951164 0.4907158759668571 0.7204350220909655
0.7045407987076459 0.5107547991027268 0.3251315429301378 0.5630312133645955
0.905889937165483 0.7489628622131687 0.523274645460719 0.8010020372431983
Loss/valid 0.06341672206942278
Tr1 :  0.033430080860853195 Tr2 :  0.0423971526324749 Adv :  0.9772226214408875 Adv2 :  0.6912751197814941
2dec_lbl :  0.0009196024620905519  2dec_unlbl :  0.000761226809117943
Dsc1_lbl :  0.20746737718582153  Dsc1_unlbl :  0.246928870677948
Dsc2 :  0.6934595704078674  Dsc2_128 :  0.6929935812950134
Epoch 254/600
0.8211518929854258 0.6758273769233815 0.5079420970266041 0.7464106209575682
0.696571414162074 0.5103770952107028 0.3404305530062669 0.5954187499001645
0.9039121823912204 0.7385249661510651 0.5137729415001407 0.8077394409629979
Loss/valid 0.06359574157529725
Tr1 :  0.037377823144197464 Tr2 :  0.0469408743083477 Adv :  1.3551148176193237 Adv2 :  0.6913921236991882
2dec_lbl :  0.001020165509544313  2dec_unlbl :  0.0008178573334589601
Dsc1_lbl :  0.2626895308494568  Dsc1_unlbl :  0.2359185814857483
Dsc2 :  0.6933477520942688  Dsc2_128 :  0.6927936673164368
Epoch 255/600
0.8220074184574446 0.6477457437689211 0.5131903667772957 0.7067200174074925
0.6978035611913991 0.4790117988419417 0.34516212116876055 0.5464555447543558
0.9044714869568998 0.7410247229375767 0.5331780334914878 0.7925008304434265
Loss/valid 0.06884840891983074
Tr1 :  0.03359762951731682 Tr2 :  0.0419437400996685 Adv :  0.8626721501350403 Adv2 :  0.6908555626869202
2dec_lbl :  0.0008738164906390011  2dec_unlbl :  0.0008978798286989331
Dsc1_lbl :  0.31582123041152954  Dsc1_unlbl :  0.42072224617004395
Dsc2 :  0.693172812461853  Dsc2_128 :  0.6932649612426758
Epoch 256/600
0.7991668943966084 0.6497312271499657 0.5087607653472487 0.6700555591033911
0.6655103783094362 0.4811865905619423 0.3411664295874822 0.5038222188076213
0.9010240234566493 0.7396916701517798 0.5258967004243232 0.7622330621711799
Loss/valid 0.0742817056329491
Tr1 :  0.03450781852006912 Tr2 :  0.04282970726490021 Adv :  1.0051610469818115 Adv2 :  0.691082239151001
2dec_lbl :  0.0009235847974196076  2dec_unlbl :  0.000959003169555217
Dsc1_lbl :  0.21510419249534607  Dsc1_unlbl :  0.2912962734699249
Dsc2 :  0.6930451989173889  Dsc2_128 :  0.6935225129127502
Epoch 257/600
0.7936839215466062 0.6521675009691392 0.5070885474417868 0.697651247281255
0.6579402660073808 0.48386390848868144 0.33966418207379506 0.5356869623630833
0.8731407231890222 0.7309733264763822 0.5190336821124029 0.7732297163181735
Loss/valid 0.07017908990383148
Tr1 :  0.03632284700870514 Tr2 :  0.04550890251994133 Adv :  1.192531943321228 Adv2 :  0.6908935308456421
2dec_lbl :  0.0009855917887762189  2dec_unlbl :  0.0011603723978623748
Dsc1_lbl :  0.2595880329608917  Dsc1_unlbl :  0.30251210927963257
Dsc2 :  0.6927369236946106  Dsc2_128 :  0.6936532855033875
Epoch 258/600
0.7969984114640664 0.6490090468052376 0.5109430669672071 0.7139024338308883
0.6625081953832016 0.4803948133557004 0.34313198886664387 0.5550919717213861
0.8891427693793578 0.7178800637023589 0.52234062132514 0.778716207686223
Loss/valid 0.06981892251552871
Tr1 :  0.03311024606227875 Tr2 :  0.04132165387272835 Adv :  1.0550516843795776 Adv2 :  0.6908056735992432
2dec_lbl :  0.000917995348572731  2dec_unlbl :  0.0009406880708411336
Dsc1_lbl :  0.30644863843917847  Dsc1_unlbl :  0.2711661159992218
Dsc2 :  0.6926079392433167  Dsc2_128 :  0.6937156915664673
Epoch 259/600
0.7947043747348069 0.6661679812015526 0.5118402386235497 0.7252875380419748
0.6593439468926583 0.49943918860311604 0.34394172716384347 0.5689812876920454
0.8917381926387674 0.7301080253616127 0.5210978515400216 0.7899749623392751
Loss/valid 0.0677695581689477
Tr1 :  0.03336480259895325 Tr2 :  0.04145548492670059 Adv :  1.1640735864639282 Adv2 :  0.6909821629524231
2dec_lbl :  0.0008986907196231186  2dec_unlbl :  0.0006588422111235559
Dsc1_lbl :  0.18581058084964752  Dsc1_unlbl :  0.21412476897239685
Dsc2 :  0.6927589774131775  Dsc2_128 :  0.6935049295425415
Epoch 260/600
0.7984912974082238 0.6360605700489739 0.510582331054772 0.7157833767738199
0.6645738775639303 0.46634077443733146 0.3428066832430925 0.557369655421252
0.8863479316389115 0.7055969951989471 0.5251832653150914 0.7764277081761312
Loss/valid 0.074662946522809
Tr1 :  0.036990441381931305 Tr2 :  0.0457669198513031 Adv :  1.2434428930282593 Adv2 :  0.6915335655212402
2dec_lbl :  0.0010178167140111327  2dec_unlbl :  0.0009183445945382118
Dsc1_lbl :  0.31432509422302246  Dsc1_unlbl :  0.27758851647377014
Dsc2 :  0.6930987238883972  Dsc2_128 :  0.6933531761169434
Epoch 261/600
0.7976028025327235 0.6668376449181083 0.48527344039073483 0.7012063099288587
0.6633438635858353 0.5001923752018536 0.3203703251337421 0.5398904501071684
0.8974894881492556 0.7249136885240659 0.4852330999854364 0.7708702730917646
Loss/valid 0.06499864549662632
Tr1 :  0.03204788267612457 Tr2 :  0.040633752942085266 Adv :  1.0989317893981934 Adv2 :  0.6915408968925476
2dec_lbl :  0.0009431846556253731  2dec_unlbl :  0.0009045099141076207
Dsc1_lbl :  0.22768032550811768  Dsc1_unlbl :  0.18115073442459106
Dsc2 :  0.6928386688232422  Dsc2_128 :  0.6934159398078918
Epoch 262/600
0.8127185296940543 0.629258953326802 0.5180104808311116 0.7275770591207681
0.6845205202138195 0.4590647918905031 0.34953720936003374 0.5718044179697195
0.9006545748450764 0.7129619543348957 0.5276362721063832 0.7859009896066481
Loss/valid 0.07185159306615017
Tr1 :  0.03352406993508339 Tr2 :  0.04174463823437691 Adv :  0.9127888083457947 Adv2 :  0.6919193863868713
2dec_lbl :  0.0009182767826132476  2dec_unlbl :  0.000854917336255312
Dsc1_lbl :  0.2713433802127838  Dsc1_unlbl :  0.22109544277191162
Dsc2 :  0.6932194828987122  Dsc2_128 :  0.6930643916130066
Epoch 263/600
0.80537134909154 0.6534274308134623 0.4896730532606785 0.7231290002529035
0.6741604166944196 0.4852522959146546 0.3242165905321656 0.5663289403519464
0.8986158403940249 0.715753855951068 0.5042631479064147 0.784603815237415
Loss/valid 0.06615961380661108
Tr1 :  0.03371943160891533 Tr2 :  0.04216273874044418 Adv :  1.242622971534729 Adv2 :  0.6920027732849121
2dec_lbl :  0.0009100196766667068  2dec_unlbl :  0.0009044487960636616
Dsc1_lbl :  0.25454631447792053  Dsc1_unlbl :  0.25141286849975586
Dsc2 :  0.693634033203125  Dsc2_128 :  0.6927372217178345
Epoch 264/600
0.8141558025482415 0.6675294858640551 0.5026008594144152 0.7162099136242375
0.6865622012552475 0.5009713001393671 0.33564922390556745 0.5578870885708058
0.9020745675327242 0.7408621590780231 0.5124215598477283 0.7839703158161764
Loss/valid 0.06319303567019793
Tr1 :  0.03806707262992859 Tr2 :  0.04702959582209587 Adv :  0.8192225694656372 Adv2 :  0.6921152472496033
2dec_lbl :  0.0010737342527136207  2dec_unlbl :  0.000976581359282136
Dsc1_lbl :  0.2037147730588913  Dsc1_unlbl :  0.38654348254203796
Dsc2 :  0.693442165851593  Dsc2_128 :  0.6929978132247925
Epoch 265/600
0.8167132696343037 0.6494997050825875 0.5130013374789391 0.7239971227798372
0.6902074101531567 0.48093266438146653 0.34499112232501633 0.5673945848438069
0.9011673648222557 0.7266936933586217 0.5277640890203656 0.7810869931429163
Loss/valid 0.06858353442154251
Tr1 :  0.03447876498103142 Tr2 :  0.04395892471075058 Adv :  1.0766093730926514 Adv2 :  0.6919087171554565
2dec_lbl :  0.0009722599643282592  2dec_unlbl :  0.0009131361730396748
Dsc1_lbl :  0.2577131986618042  Dsc1_unlbl :  0.2636842131614685
Dsc2 :  0.6930806636810303  Dsc2_128 :  0.6933897137641907
Epoch 266/600
0.816316766719446 0.6714331285015444 0.47233708675276204 0.6891893498864353
0.6896412348910617 0.5053815076272771 0.3091893392559689 0.525773382926608
0.9038191730148651 0.7281303438508763 0.47437810386962 0.7622026842462144
Loss/valid 0.06422556879428717
Tr1 :  0.03704341873526573 Tr2 :  0.04312009736895561 Adv :  1.2750390768051147 Adv2 :  0.6916506290435791
2dec_lbl :  0.001064514392055571  2dec_unlbl :  0.000961566751357168
Dsc1_lbl :  0.34196677803993225  Dsc1_unlbl :  0.17096680402755737
Dsc2 :  0.6927233338356018  Dsc2_128 :  0.693672239780426
Epoch 267/600
0.8160020105324485 0.6493763822071851 0.5257663722838934 0.732141711744457
0.689192057580611 0.4807974432346993 0.3566370773256709 0.5774633636317644
0.9028757202624932 0.7336701443275597 0.537010146256434 0.7802738357052774
Loss/valid 0.066478355626504
Tr1 :  0.03713789954781532 Tr2 :  0.04521806538105011 Adv :  1.0061973333358765 Adv2 :  0.6922703385353088
2dec_lbl :  0.0009447800111956894  2dec_unlbl :  0.0008527445024810731
Dsc1_lbl :  0.20293115079402924  Dsc1_unlbl :  0.3388804495334625
Dsc2 :  0.6933239698410034  Dsc2_128 :  0.693177342414856
Epoch 268/600
0.8229308524984267 0.6452908634555296 0.5165846662188414 0.7003481461510508
0.6991355216855064 0.4763316685834922 0.3482400744113184 0.5388736561079442
0.9055248937207157 0.7250171475853588 0.5223026475649999 0.7667916260014729
Loss/valid 0.07026834855787456
Tr1 :  0.03471962362527847 Tr2 :  0.04383329674601555 Adv :  1.0852677822113037 Adv2 :  0.6927172541618347
2dec_lbl :  0.0009613626752980053  2dec_unlbl :  0.0009806932648643851
Dsc1_lbl :  0.2039211243391037  Dsc1_unlbl :  0.2482704222202301
Dsc2 :  0.6936767101287842  Dsc2_128 :  0.6926000118255615
Epoch 269/600
0.8113944620533201 0.6519992601874884 0.5056248640740227 0.7235297378194113
0.6826440195247674 0.48367871094653303 0.3383520321761219 0.566820676717849
0.9012152858795173 0.7256420685266295 0.5074074123409361 0.7759172731277936
Loss/valid 0.06665679201698647
Tr1 :  0.03509027510881424 Tr2 :  0.043892618268728256 Adv :  0.9934803247451782 Adv2 :  0.692972719669342
2dec_lbl :  0.0009321640245616436  2dec_unlbl :  0.0009378994000144303
Dsc1_lbl :  0.25543928146362305  Dsc1_unlbl :  0.27337566018104553
Dsc2 :  0.6936478018760681  Dsc2_128 :  0.6925381422042847
Epoch 270/600
0.8108006212661198 0.6559451176652515 0.5049168812924375 0.7305356637572645
0.6818037713149202 0.48803447410258555 0.3377182679508261 0.575467654270185
0.9013872558123482 0.7175193612000015 0.5081955882300352 0.7885415317122579
Loss/valid 0.06885230132880119
Tr1 :  0.0320642814040184 Tr2 :  0.04131679609417915 Adv :  0.8890045285224915 Adv2 :  0.6922839283943176
2dec_lbl :  0.0008742919308133423  2dec_unlbl :  0.0007967090350575745
Dsc1_lbl :  0.168901264667511  Dsc1_unlbl :  0.23836611211299896
Dsc2 :  0.6934444308280945  Dsc2_128 :  0.6928291320800781
Epoch 271/600
0.8264052269055245 0.6810992366412213 0.5082709276372056 0.6635710639993029
0.7041657357816113 0.5164143168032597 0.34072603199463025 0.49652551372096054
0.903735120995629 0.7407502029822988 0.5177564803291246 0.7512637485583923
Loss/valid 0.06657765153795481
Tr1 :  0.036756083369255066 Tr2 :  0.04423145577311516 Adv :  1.317624807357788 Adv2 :  0.692043662071228
2dec_lbl :  0.0011519512627273798  2dec_unlbl :  0.0014525302685797215
Dsc1_lbl :  0.32834723591804504  Dsc1_unlbl :  0.2897045612335205
Dsc2 :  0.6933570504188538  Dsc2_128 :  0.693159818649292
Epoch 272/600
0.7992114433845843 0.6254522552756693 0.5148577283833846 0.7226352561805804
0.6655721683734808 0.455024030759372 0.3466723277783675 0.5657235019809964
0.9025380434295244 0.7162810371586786 0.5196024930711922 0.7901380043871004
Loss/valid 0.07126804127787742
Tr1 :  0.0386611670255661 Tr2 :  0.047471094876527786 Adv :  0.9399242401123047 Adv2 :  0.6917819976806641
2dec_lbl :  0.0013245608424767852  2dec_unlbl :  0.0016200849786400795
Dsc1_lbl :  0.2634928226470947  Dsc1_unlbl :  0.4928478002548218
Dsc2 :  0.692975640296936  Dsc2_128 :  0.6931546926498413
Epoch 273/600
0.8104027225218879 0.6707995237475862 0.5076279625572595 0.6774143320836975
0.6812412384129709 0.5046639207043152 0.3401484012171035 0.512189379120481
0.8998177045828039 0.7351857947266752 0.5151774658201598 0.7450423215647372
Loss/valid 0.0648685112201537
Tr1 :  0.03878503665328026 Tr2 :  0.04636576399207115 Adv :  0.8845826983451843 Adv2 :  0.6919659376144409
2dec_lbl :  0.0010074179153889418  2dec_unlbl :  0.0009306945721618831
Dsc1_lbl :  0.3953858017921448  Dsc1_unlbl :  0.520868182182312
Dsc2 :  0.6931196451187134  Dsc2_128 :  0.6931496262550354
Epoch 274/600
0.8123141462627568 0.6723659475427446 0.5003124999999999 0.680538438528268
0.6839469744517713 0.5064392151574405 0.3336111689935403 0.5157698097466311
0.9014942609739343 0.7356388397785275 0.5058833239561097 0.7445144876650147
Loss/valid 0.06566228737266591
Tr1 :  0.03448662534356117 Tr2 :  0.04453650116920471 Adv :  1.1613918542861938 Adv2 :  0.6911593675613403
2dec_lbl :  0.0009929024381563067  2dec_unlbl :  0.0009392015635967255
Dsc1_lbl :  0.1733226478099823  Dsc1_unlbl :  0.14375628530979156
Dsc2 :  0.692938506603241  Dsc2_128 :  0.6933303475379944
Epoch 275/600
0.8191460864096263 0.6723366159355416 0.4820204972255682 0.7045872000192084
0.693689606294331 0.5064059339177344 0.3175408471224893 0.5439094009489917
0.9027234388808955 0.7346671242699729 0.4792599275632252 0.7794299663716209
Loss/valid 0.064611522319655
Tr1 :  0.03522096201777458 Tr2 :  0.04426782205700874 Adv :  0.8378829956054688 Adv2 :  0.6914540529251099
2dec_lbl :  0.0009638432529754937  2dec_unlbl :  0.0008441484533250332
Dsc1_lbl :  0.23784790933132172  Dsc1_unlbl :  0.20682580769062042
Dsc2 :  0.6930532455444336  Dsc2_128 :  0.6933006644248962
Epoch 276/600
0.8081284240030577 0.6213092402900372 0.50697795486855 0.6402090956612649
0.6780331373597007 0.4506516315672871 0.33956494917254515 0.4708143683109854
0.9018211465156739 0.7194900104223857 0.5154959466151865 0.669472602949207
Loss/valid 0.07048569231007534
Tr1 :  0.03262820094823837 Tr2 :  0.040457386523485184 Adv :  0.8598527312278748 Adv2 :  0.6905601620674133
2dec_lbl :  0.0008526354213245213  2dec_unlbl :  0.0008243439951911569
Dsc1_lbl :  0.20326103270053864  Dsc1_unlbl :  0.1976502388715744
Dsc2 :  0.6925492286682129  Dsc2_128 :  0.6935998201370239
Epoch 277/600
0.8115519187084804 0.6687856514459233 0.481261989586188 0.7137916579333472
0.6828669518541729 0.5023876524260255 0.3168828239539867 0.5549580379695266
0.9002943498186523 0.726434832781224 0.48393990762159245 0.7759074594937441
Loss/valid 0.065752130951016
Tr1 :  0.03371245786547661 Tr2 :  0.042369626462459564 Adv :  0.8195385932922363 Adv2 :  0.6905228495597839
2dec_lbl :  0.00098334439098835  2dec_unlbl :  0.0008403321844525635
Dsc1_lbl :  0.24534031748771667  Dsc1_unlbl :  0.2939787209033966
Dsc2 :  0.6923550367355347  Dsc2_128 :  0.6938109397888184
Epoch 278/600
0.811171652410109 0.643680117364328 0.5005251599350712 0.7024148334534439
0.6823286591833007 0.47457839821200204 0.3338003056546103 0.541324647940357
0.9013559397478893 0.7121043764048073 0.5041513572594913 0.7801648758478674
Loss/valid 0.06903144581100115
Tr1 :  0.03289088234305382 Tr2 :  0.0417243167757988 Adv :  1.158547043800354 Adv2 :  0.6906725168228149
2dec_lbl :  0.0009180358611047268  2dec_unlbl :  0.0009646339458413422
Dsc1_lbl :  0.19116486608982086  Dsc1_unlbl :  0.2940663993358612
Dsc2 :  0.6923012137413025  Dsc2_128 :  0.6939360499382019
Epoch 279/600
0.8098361920932297 0.6586514125805057 0.5053619542137288 0.7125069175428886
0.6804409499878414 0.49103672136981846 0.33811661334224724 0.5534064044702343
0.8996609010460174 0.7296329167829559 0.5136665312049694 0.7769267900282723
Loss/valid 0.0698368085297541
Tr1 :  0.03342268988490105 Tr2 :  0.0424201674759388 Adv :  1.2858812808990479 Adv2 :  0.6911534070968628
2dec_lbl :  0.0009397552348673344  2dec_unlbl :  0.0009357924573123455
Dsc1_lbl :  0.17704415321350098  Dsc1_unlbl :  0.25317466259002686
Dsc2 :  0.6925426125526428  Dsc2_128 :  0.6937580704689026
Epoch 280/600
0.8173113454653789 0.6512339230647088 0.5062141143978486 0.7246540392461172
0.6910621340043077 0.48283681966888076 0.33887996886099353 0.568201932295892
0.9012492134713073 0.7249227746386568 0.5188327851815606 0.8019668068779675
Loss/valid 0.06876070552075711
Tr1 :  0.03258629888296127 Tr2 :  0.04239608719944954 Adv :  1.2477573156356812 Adv2 :  0.69209885597229
2dec_lbl :  0.0009523459593765438  2dec_unlbl :  0.00072650914080441
Dsc1_lbl :  0.228517547249794  Dsc1_unlbl :  0.2206931710243225
Dsc2 :  0.6932642459869385  Dsc2_128 :  0.6932030320167542
Epoch 281/600
0.8129766184436197 0.5710875648783754 0.511925577605378 0.7331338256545635
0.684886777358737 0.39966589333360114 0.34401880033767596 0.5786987138032622
0.9026105951505787 0.7153004353572239 0.5246827384338099 0.8025465740774317
Loss/valid 0.07385777019394132
Tr1 :  0.03413495048880577 Tr2 :  0.04317191243171692 Adv :  1.2167147397994995 Adv2 :  0.691554844379425
2dec_lbl :  0.000958703167270869  2dec_unlbl :  0.0009455409017391503
Dsc1_lbl :  0.3283599317073822  Dsc1_unlbl :  0.24445684254169464
Dsc2 :  0.6928355693817139  Dsc2_128 :  0.6932996511459351
Epoch 282/600
0.8213534326041219 0.6273936400658521 0.5136153350641239 0.7270009671463322
0.6968615149992201 0.45708198532312794 0.3455467128936517 0.5710931024956257
0.9026747098387728 0.7113741334654456 0.5231226239835643 0.7931600006728922
Loss/valid 0.07217876328370319
Tr1 :  0.034378450363874435 Tr2 :  0.04324200376868248 Adv :  0.9356539845466614 Adv2 :  0.6918026208877563
2dec_lbl :  0.0009538120939396322  2dec_unlbl :  0.0009299064986407757
Dsc1_lbl :  0.22021813690662384  Dsc1_unlbl :  0.24921847879886627
Dsc2 :  0.6929029822349548  Dsc2_128 :  0.6933854818344116
Epoch 283/600
0.8001017862241034 0.6144547048928022 0.49795552009574146 0.7246309622901937
0.6668080484146278 0.4434750037134388 0.33151849146803003 0.568173556723175
0.8990639584329491 0.7159040017544049 0.5134960791607233 0.7816645962568852
Loss/valid 0.07280065760446283
Tr1 :  0.03463626652956009 Tr2 :  0.04321041703224182 Adv :  1.0579534769058228 Adv2 :  0.6922810673713684
2dec_lbl :  0.0009535879944451153  2dec_unlbl :  0.000933622126467526
Dsc1_lbl :  0.2157604694366455  Dsc1_unlbl :  0.33282721042633057
Dsc2 :  0.6934338212013245  Dsc2_128 :  0.692939043045044
Epoch 284/600
0.8136087098854866 0.6697856803226242 0.4984441816031298 0.7387094358195222
0.6857844597012805 0.5035171178168274 0.3319518165733537 0.5856774456245122
0.9007799100274223 0.7375427959931504 0.5044465338571631 0.7983927907809942
Loss/valid 0.06424832383457285
Tr1 :  0.03732278570532799 Tr2 :  0.04585083946585655 Adv :  1.1563729047775269 Adv2 :  0.6931455135345459
2dec_lbl :  0.0010212764609605074  2dec_unlbl :  0.0009105834178626537
Dsc1_lbl :  0.2631072402000427  Dsc1_unlbl :  0.25075602531433105
Dsc2 :  0.6934061050415039  Dsc2_128 :  0.6925572156906128
Epoch 285/600
0.8065184471801761 0.6771054748368895 0.49093418892702584 0.7268770171564465
0.6757695125447267 0.5118363270521539 0.32532324655739325 0.5709401424306609
0.9005725085978443 0.7420186406080338 0.49717388430848813 0.7839365421156744
Loss/valid 0.06472169142216444
Tr1 :  0.033180121332407 Tr2 :  0.042574238032102585 Adv :  1.037454605102539 Adv2 :  0.6927365064620972
2dec_lbl :  0.000935963646043092  2dec_unlbl :  0.0008012853795662522
Dsc1_lbl :  0.20214596390724182  Dsc1_unlbl :  0.2159898728132248
Dsc2 :  0.6932178735733032  Dsc2_128 :  0.693024218082428
Epoch 286/600
0.8202072410926659 0.6726920719168781 0.511844576050845 0.7283320421526281
0.6952129811784075 0.506809352738795 0.3439456442611017 0.5727375905464499
0.903868256462978 0.7309392513597021 0.5214305780214966 0.7825434732590535
Loss/valid 0.06725146847132307
Tr1 :  0.03171899542212486 Tr2 :  0.03989027068018913 Adv :  1.304061770439148 Adv2 :  0.6918351054191589
2dec_lbl :  0.0009059516014531255  2dec_unlbl :  0.0008325893431901932
Dsc1_lbl :  0.2530318796634674  Dsc1_unlbl :  0.17817465960979462
Dsc2 :  0.6930316090583801  Dsc2_128 :  0.6931498646736145
Epoch 287/600
0.8021527542084592 0.6476094623582545 0.5043097806779724 0.7184571094612437
0.6696619765389156 0.47886275771164044 0.337175288146611 0.560618856197007
0.8999664629531583 0.7341447360742338 0.5145871273147389 0.7799328959839787
Loss/valid 0.06659653795381579
Tr1 :  0.03426311910152435 Tr2 :  0.04343757405877113 Adv :  0.8839316368103027 Adv2 :  0.6927137970924377
2dec_lbl :  0.000999918207526207  2dec_unlbl :  0.0007349246297962964
Dsc1_lbl :  0.199585422873497  Dsc1_unlbl :  0.2722681760787964
Dsc2 :  0.6933215856552124  Dsc2_128 :  0.6928696036338806
Epoch 288/600
0.814040140110179 0.6622311435423034 0.5004332493702771 0.7196254354424992
0.6863977168551098 0.4950265812704279 0.3337185551494302 0.5620429016341814
0.9025814745167691 0.736675179518348 0.5085528897510467 0.7855275851238104
Loss/valid 0.06683919616401769
Tr1 :  0.03511303290724754 Tr2 :  0.04376417025923729 Adv :  0.9872038960456848 Adv2 :  0.6927705407142639
2dec_lbl :  0.0010375379351899028  2dec_unlbl :  0.0008314847364090383
Dsc1_lbl :  0.2766421139240265  Dsc1_unlbl :  0.24488934874534607
Dsc2 :  0.6934190988540649  Dsc2_128 :  0.6927888989448547
Epoch 289/600
0.81292625754511 0.657506078265303 0.5089045759128533 0.6032537285127941
0.6848152970378771 0.48976465935555963 0.34129578006344324 0.4318992939716037
0.9028011215817111 0.7380660292411537 0.5234918446968283 0.7191299817988502
Loss/valid 0.0712262075752593
Tr1 :  0.03589501604437828 Tr2 :  0.04578886553645134 Adv :  0.9585997462272644 Adv2 :  0.6921381950378418
2dec_lbl :  0.0010243607684969902  2dec_unlbl :  0.0008032206678763032
Dsc1_lbl :  0.25931644439697266  Dsc1_unlbl :  0.2597714066505432
Dsc2 :  0.6931688785552979  Dsc2_128 :  0.6932817697525024
Epoch 290/600
0.8173054988887513 0.655040678581448 0.4826438848920863 0.7126519017307591
0.6910537743439398 0.4870338218783934 0.31808214306880817 0.553581352773873
0.9028998480408641 0.725466161898338 0.49679635691322116 0.7678747619924098
Loss/valid 0.06913889763661875
Tr1 :  0.03266672417521477 Tr2 :  0.04237864539027214 Adv :  1.181527018547058 Adv2 :  0.6914106607437134
2dec_lbl :  0.0009430800564587116  2dec_unlbl :  0.0008015497587621212
Dsc1_lbl :  0.27696701884269714  Dsc1_unlbl :  0.20101146399974823
Dsc2 :  0.6932461261749268  Dsc2_128 :  0.6929483413696289
Epoch 291/600
0.8127840063099099 0.6557141701295172 0.48472129249362256 0.6914267728736411
0.6846134238670629 0.48777883063209326 0.3198891993218234 0.528382178804026
0.9036330409121326 0.7297171570298852 0.48972839940715146 0.7623956951676104
Loss/valid 0.06851757736876607
Tr1 :  0.0318598710000515 Tr2 :  0.04003138467669487 Adv :  0.9339374899864197 Adv2 :  0.6916040778160095
2dec_lbl :  0.0008943417924456298  2dec_unlbl :  0.0008247894584201276
Dsc1_lbl :  0.24305792152881622  Dsc1_unlbl :  0.2682431936264038
Dsc2 :  0.6931581497192383  Dsc2_128 :  0.6931166052818298
Epoch 292/600
0.7983687621656471 0.631855432270297 0.5086314552266216 0.6792843821233681
0.6644041341705731 0.461833820177934 0.34105014284306967 0.5143305439330544
0.9005831180122995 0.7150578148957706 0.5122643484155904 0.7382684461732348
Loss/valid 0.07649608311028434
Tr1 :  0.03373628854751587 Tr2 :  0.042559098452329636 Adv :  0.8943168520927429 Adv2 :  0.6911742091178894
2dec_lbl :  0.0009347650338895619  2dec_unlbl :  0.0008722423808649182
Dsc1_lbl :  0.19932319223880768  Dsc1_unlbl :  0.2895451486110687
Dsc2 :  0.6929780840873718  Dsc2_128 :  0.6930845975875854
Epoch 293/600
0.8144878745767355 0.6713290038315695 0.48048981663600027 0.6942578646222041
0.6870346216711519 0.5052635345902197 0.3162136206104639 0.5316959955660246
0.9007509125464669 0.737289174162834 0.49696507528735656 0.7512618444980443
Loss/valid 0.0680047853025966
Tr1 :  0.03776497021317482 Tr2 :  0.04731540009379387 Adv :  1.1981784105300903 Adv2 :  0.6907174587249756
2dec_lbl :  0.0010198497911915183  2dec_unlbl :  0.0008668178925290704
Dsc1_lbl :  0.17525269091129303  Dsc1_unlbl :  0.23399746417999268
Dsc2 :  0.6930071115493774  Dsc2_128 :  0.6933886408805847
Epoch 294/600
0.8096233097231166 0.6865736521324607 0.48019355548223913 0.736766233490916
0.6801404264181257 0.52273479456779 0.3159570465136473 0.5832382358864201
0.9003935102326001 0.7482092278695754 0.48708015362059587 0.7988863838826376
Loss/valid 0.06291307166863519
Tr1 :  0.029888367280364037 Tr2 :  0.038374319672584534 Adv :  1.2616724967956543 Adv2 :  0.6912084817886353
2dec_lbl :  0.0008473318303003907  2dec_unlbl :  0.0008686166256666183
Dsc1_lbl :  0.2637617886066437  Dsc1_unlbl :  0.17676717042922974
Dsc2 :  0.6937845349311829  Dsc2_128 :  0.6926751732826233
Epoch 295/600
0.8193587845979683 0.6668345691738806 0.4958624354691771 0.7211487123561554
0.6939947326156662 0.5001889141099802 0.32966561514195586 0.5639034963047186
0.9034119956258863 0.730738427246483 0.5021709459723428 0.7844378940288101
Loss/valid 0.0643270283471793
Tr1 :  0.03093225322663784 Tr2 :  0.03901660069823265 Adv :  0.7838765978813171 Adv2 :  0.6911875605583191
2dec_lbl :  0.0008745820377953351  2dec_unlbl :  0.0008376207551918924
Dsc1_lbl :  0.2647966146469116  Dsc1_unlbl :  0.22537261247634888
Dsc2 :  0.6938172578811646  Dsc2_128 :  0.6929680109024048
Epoch 296/600
0.8124450885957432 0.6565034341532109 0.5108903852609545 0.7314122233263085
0.684132650030511 0.4886528561682069 0.3430844715554966 0.5765562594683927
0.902608577577898 0.7319294056370144 0.519221789203454 0.7929935615345871
Loss/valid 0.06653478195389304
Tr1 :  0.03192543983459473 Tr2 :  0.03987870737910271 Adv :  1.274948239326477 Adv2 :  0.6913460493087769
2dec_lbl :  0.0008625038317404687  2dec_unlbl :  0.0007931216969154775
Dsc1_lbl :  0.23637832701206207  Dsc1_unlbl :  0.28879234194755554
Dsc2 :  0.6934990286827087  Dsc2_128 :  0.6928160786628723
Epoch 297/600
0.815179613581382 0.6465209414478167 0.500842027835311 0.7318280912785794
0.6880195706671143 0.4776733983157451 0.3340822229108563 0.5770732550103663
0.9025773256533864 0.7225616760034576 0.508406128134469 0.7956260756223834
Loss/valid 0.06978393156224719
Tr1 :  0.03628270700573921 Tr2 :  0.04622790962457657 Adv :  1.3844493627548218 Adv2 :  0.6910176277160645
2dec_lbl :  0.0010433424031361938  2dec_unlbl :  0.0007480487111024559
Dsc1_lbl :  0.20945316553115845  Dsc1_unlbl :  0.18200409412384033
Dsc2 :  0.6933809518814087  Dsc2_128 :  0.6928623914718628
Epoch 298/600
0.824134065247772 0.6564376833995245 0.48161828611159396 0.7391676622859419
0.7008741735693099 0.48858000502757776 0.3171918376692138 0.5862537311075664
0.9047996057440052 0.7145069684808569 0.49499450043826243 0.798431565157539
Loss/valid 0.06996071211492214
Tr1 :  0.035040441900491714 Tr2 :  0.04440590366721153 Adv :  1.1371753215789795 Adv2 :  0.6906692981719971
2dec_lbl :  0.0010107363341376185  2dec_unlbl :  0.0008400303195230663
Dsc1_lbl :  0.22710125148296356  Dsc1_unlbl :  0.27584874629974365
Dsc2 :  0.6934796571731567  Dsc2_128 :  0.692997395992279
Epoch 299/600
0.8168714445971152 0.6277547596933948 0.512536231884058 0.696394619681385
0.6904333775622127 0.45746543056191136 0.3445705655965314 0.5342066166612313
0.9016156293521856 0.716051218846071 0.5249637982727166 0.7689106486889703
Loss/valid 0.07413817583941497
Tr1 :  0.0339701883494854 Tr2 :  0.04362451657652855 Adv :  0.7997106909751892 Adv2 :  0.691451907157898
2dec_lbl :  0.0009323902777396142  2dec_unlbl :  0.000881887914147228
Dsc1_lbl :  0.2383786141872406  Dsc1_unlbl :  0.26553526520729065
Dsc2 :  0.6934983134269714  Dsc2_128 :  0.6927253007888794
Epoch 300/600
0.8184357785903594 0.6534042253254417 0.510360344014225 0.713632703061375
0.6926714297543146 0.48522670099967813 0.34260657734470157 0.554765893660171
0.8999122902479071 0.7282286499203979 0.518739709403331 0.7816608464295194
Loss/valid 0.06949007529048966
Tr1 :  0.0318664126098156 Tr2 :  0.04062837362289429 Adv :  0.8139223456382751 Adv2 :  0.6920148134231567
2dec_lbl :  0.0009223875822499394  2dec_unlbl :  0.0008183005265891552
Dsc1_lbl :  0.26209405064582825  Dsc1_unlbl :  0.24279765784740448
Dsc2 :  0.6937376856803894  Dsc2_128 :  0.6926652789115906
Epoch 301/600
0.7996767328299218 0.6707132807793835 0.5145849168144582 0.7185680540306751
0.6662178054044274 0.5045662994155498 0.3464249977258255 0.5607539723751168
0.900226580425758 0.7363654408935747 0.5245098634638521 0.7785491128423488
Loss/valid 0.06710152793675661
Tr1 :  0.034574903547763824 Tr2 :  0.04373439773917198 Adv :  0.8269166350364685 Adv2 :  0.6920241117477417
2dec_lbl :  0.0009303923579864204  2dec_unlbl :  0.0006926194182597101
Dsc1_lbl :  0.21434353291988373  Dsc1_unlbl :  0.1924210488796234
Dsc2 :  0.6938116550445557  Dsc2_128 :  0.6923382878303528
Epoch 302/600
0.8176921853557604 0.6522214160727242 0.5139023509512135 0.7295741049211344
0.6916068516402445 0.4839232674051134 0.3458065836253421 0.5742752156951616
0.9037064576474722 0.7365251299511583 0.5194402504914001 0.7863938783261731
Loss/valid 0.06744979966718417
Tr1 :  0.03437518700957298 Tr2 :  0.04387418553233147 Adv :  0.8880833983421326 Adv2 :  0.6918141841888428
2dec_lbl :  0.0010097528574988246  2dec_unlbl :  0.000859564752317965
Dsc1_lbl :  0.20576438307762146  Dsc1_unlbl :  0.3017987608909607
Dsc2 :  0.6937582492828369  Dsc2_128 :  0.6927856802940369
Epoch 303/600
0.8246301843804059 0.6690935092794229 0.5008264462809917 0.7005138358553716
0.7015921060944581 0.5027351763211878 0.3340683572216097 0.5390698686788072
0.9037933527993646 0.7386447492689502 0.5152677254316901 0.7612553971519053
Loss/valid 0.06890211603604257
Tr1 :  0.03288852795958519 Tr2 :  0.04203775152564049 Adv :  1.0273528099060059 Adv2 :  0.6918338537216187
2dec_lbl :  0.0009588758694007993  2dec_unlbl :  0.0008442657417617738
Dsc1_lbl :  0.2373964488506317  Dsc1_unlbl :  0.19443219900131226
Dsc2 :  0.6935700178146362  Dsc2_128 :  0.692894458770752
Epoch 304/600
0.8164965305305142 0.6482005799078969 0.49796888296591263 0.6888982489921174
0.6898978765955919 0.47950943777127286 0.33153033736691323 0.5254346189855524
0.9019681536867847 0.7279007180409306 0.5118276811061462 0.7563062839332466
Loss/valid 0.07266517674836975
Tr1 :  0.03325070068240166 Tr2 :  0.04179371893405914 Adv :  1.0674370527267456 Adv2 :  0.6917521357536316
2dec_lbl :  0.0009605984087102115  2dec_unlbl :  0.001050914521329105
Dsc1_lbl :  0.17341744899749756  Dsc1_unlbl :  0.2680363655090332
Dsc2 :  0.69358891248703  Dsc2_128 :  0.6927775144577026
Epoch 305/600
0.8089033780051607 0.6325301732443465 0.5078437855909474 0.6663191729649901
0.6791249031085451 0.4625551225104801 0.34034223808937586 0.4996091714434601
0.9022531385530975 0.7187890763358893 0.5095759725974481 0.7542264981464956
Loss/valid 0.07467065979010211
Tr1 :  0.03260316327214241 Tr2 :  0.04179922863841057 Adv :  1.2864205837249756 Adv2 :  0.6920177936553955
2dec_lbl :  0.0009399520349688828  2dec_unlbl :  0.0009730110759846866
Dsc1_lbl :  0.20615489780902863  Dsc1_unlbl :  0.20701481401920319
Dsc2 :  0.693846583366394  Dsc2_128 :  0.692429780960083
Epoch 306/600
0.8122536539977513 0.6728100221634884 0.4883720930232558 0.7294289776825272
0.6838612105452132 0.506943266148117 0.3230769230769231 0.5740953987381806
0.9014230712693936 0.7349254869675852 0.4954564083293389 0.7858230614732788
Loss/valid 0.07023809488432911
Tr1 :  0.033235520124435425 Tr2 :  0.04255137965083122 Adv :  1.4250540733337402 Adv2 :  0.6917821168899536
2dec_lbl :  0.0009736056672409177  2dec_unlbl :  0.0009071960230357945
Dsc1_lbl :  0.1713741421699524  Dsc1_unlbl :  0.19270643591880798
Dsc2 :  0.6937767267227173  Dsc2_128 :  0.6924541592597961
Epoch 307/600
0.8170415626882368 0.6698361031875198 0.48183591593360076 0.6544009764078061
0.6906764742681397 0.5035741120268504 0.31738065798724757 0.48632688113939443
0.8985180960784838 0.732235456814517 0.47739921333555607 0.7651378529143908
Loss/valid 0.06784350550375305
Tr1 :  0.03359588608145714 Tr2 :  0.042518191039562225 Adv :  1.6005293130874634 Adv2 :  0.6915144324302673
2dec_lbl :  0.0009417280671186745  2dec_unlbl :  0.0008171448716893792
Dsc1_lbl :  0.3555409908294678  Dsc1_unlbl :  0.2262558490037918
Dsc2 :  0.6939359307289124  Dsc2_128 :  0.6923931241035461
Epoch 308/600
0.8226727141615167 0.6560118664373793 0.5012275283123466 0.6911035678526949
0.6987629727579239 0.48810837689350295 0.33442536327608985 0.528004776297623
0.904134389811183 0.7220605501109384 0.5049013892462888 0.7719968821709876
Loss/valid 0.07240964389907625
Tr1 :  0.03289184719324112 Tr2 :  0.04097805917263031 Adv :  0.9223324060440063 Adv2 :  0.6913135647773743
2dec_lbl :  0.0009171312558464706  2dec_unlbl :  0.000840178516227752
Dsc1_lbl :  0.165300190448761  Dsc1_unlbl :  0.22418184578418732
Dsc2 :  0.6937668323516846  Dsc2_128 :  0.6927816867828369
Epoch 309/600
0.8061813466032375 0.638941078967808 0.5154855299146699 0.6937821189930807
0.6752963226947546 0.46944409907195755 0.34724183583406887 0.5311381271693107
0.9021671461461244 0.7215482115519929 0.5188049261755268 0.7801931071647994
Loss/valid 0.07199046042604515
Tr1 :  0.0335339717566967 Tr2 :  0.041443370282649994 Adv :  0.9502899050712585 Adv2 :  0.6910841464996338
2dec_lbl :  0.0009554728167131543  2dec_unlbl :  0.0010878070024773479
Dsc1_lbl :  0.23349718749523163  Dsc1_unlbl :  0.25801903009414673
Dsc2 :  0.6936745047569275  Dsc2_128 :  0.6927088499069214
Epoch 310/600
0.8186126156800974 0.6332855074571466 0.49703435669787743 0.7021877453450357
0.6929247988807276 0.4633634244112546 0.3307024075452966 0.5410549506112646
0.9017621257265392 0.717731571627299 0.5051115616035051 0.7696937912572505
Loss/valid 0.07457275217613922
Tr1 :  0.032625529915094376 Tr2 :  0.04097301885485649 Adv :  1.1041830778121948 Adv2 :  0.6906708478927612
2dec_lbl :  0.0009315495262853801  2dec_unlbl :  0.0007968627032823861
Dsc1_lbl :  0.2787609100341797  Dsc1_unlbl :  0.17452503740787506
Dsc2 :  0.6931241154670715  Dsc2_128 :  0.6931976079940796
Epoch 311/600
0.8174539058244649 0.6401907917556245 0.5043455844442808 0.7145858238837498
0.6912659978758708 0.47079457020456794 0.33720729815576295 0.5559187358916479
0.9013168462997356 0.7186351973314218 0.5092593596978214 0.7796433902866546
Loss/valid 0.07563284784555435
Tr1 :  0.03400874137878418 Tr2 :  0.04209740087389946 Adv :  0.9337577819824219 Adv2 :  0.6906834840774536
2dec_lbl :  0.0009591273847036064  2dec_unlbl :  0.0007472344441339374
Dsc1_lbl :  0.24787072837352753  Dsc1_unlbl :  0.3918769061565399
Dsc2 :  0.6931309103965759  Dsc2_128 :  0.693320631980896
Epoch 312/600
0.8238487722684696 0.6622140783758995 0.47491962830845114 0.688317768523766
0.7004616012325605 0.49500751029877604 0.3114062951198383 0.5247595431319507
0.9045646581699852 0.7244440839042318 0.4808566040711208 0.7669719142029142
Loss/valid 0.06917643672428452
Tr1 :  0.03443993628025055 Tr2 :  0.042983368039131165 Adv :  0.9023521542549133 Adv2 :  0.6905524134635925
2dec_lbl :  0.0009762854315340519  2dec_unlbl :  0.0008234363049268723
Dsc1_lbl :  0.2335858941078186  Dsc1_unlbl :  0.2959168553352356
Dsc2 :  0.6929243206977844  Dsc2_128 :  0.6933642029762268
Epoch 313/600
0.8141377779571412 0.6585322182500005 0.4996136254464193 0.7187677101988076
0.6865365662417712 0.4909042372906775 0.3329899777282851 0.5609971867867443
0.9019456097459057 0.7220778219790821 0.5009876833551623 0.7781998377634372
Loss/valid 0.07230760090841123
Tr1 :  0.030254125595092773 Tr2 :  0.03819054737687111 Adv :  1.1028963327407837 Adv2 :  0.6905748248100281
2dec_lbl :  0.0008552451035939157  2dec_unlbl :  0.000790202640928328
Dsc1_lbl :  0.20452642440795898  Dsc1_unlbl :  0.2209629863500595
Dsc2 :  0.6927110552787781  Dsc2_128 :  0.6935054659843445
Epoch 314/600
0.8139348070148272 0.678157983668786 0.49800082724389905 0.7148771985243516
0.686247949799672 0.5130401177222528 0.33155865614099506 0.5562715078306061
0.9016406489135447 0.7399853891017631 0.4983698275820217 0.7702585719987856
Loss/valid 0.0673995838016988
Tr1 :  0.032679297029972076 Tr2 :  0.04147569090127945 Adv :  1.0712369680404663 Adv2 :  0.6909459233283997
2dec_lbl :  0.0009405054152011871  2dec_unlbl :  0.0008097646641544998
Dsc1_lbl :  0.18932747840881348  Dsc1_unlbl :  0.1631019115447998
Dsc2 :  0.6929857730865479  Dsc2_128 :  0.6934971213340759
Epoch 315/600
0.8208154026019253 0.6520540660682868 0.4823383963263865 0.7182601746675038
0.6960872830370176 0.483739035560843 0.31781682765041314 0.5603790726258974
0.9024210643376404 0.7237925648913043 0.49671494921768694 0.7732537731236375
Loss/valid 0.07356747289976248
Tr1 :  0.03502285107970238 Tr2 :  0.04479293152689934 Adv :  0.9223175048828125 Adv2 :  0.6914203763008118
2dec_lbl :  0.0009907387429848313  2dec_unlbl :  0.00085405632853508
Dsc1_lbl :  0.23795808851718903  Dsc1_unlbl :  0.28328561782836914
Dsc2 :  0.6930628418922424  Dsc2_128 :  0.6932618021965027
Epoch 316/600
0.8175571928635023 0.6558130494466559 0.49367112066569063 0.7112854939671596
0.6914137309045562 0.487888272666749 0.3277312992125984 0.5519341100278061
0.9015538234540094 0.7215153121456771 0.5021302191480417 0.7676547469441195
Loss/valid 0.0696978960902645
Tr1 :  0.03263842687010765 Tr2 :  0.04142759367823601 Adv :  0.8808839917182922 Adv2 :  0.691075325012207
2dec_lbl :  0.0009353593341074884  2dec_unlbl :  0.0007637218805029988
Dsc1_lbl :  0.24568171799182892  Dsc1_unlbl :  0.21032822132110596
Dsc2 :  0.6932323575019836  Dsc2_128 :  0.6933332085609436
Epoch 317/600
0.8155641662986979 0.6698339080546312 0.4721496767564327 0.7220461204971514
0.6885676227390902 0.5035716307239486 0.3090287507706103 0.5650017047391749
0.9007162643120401 0.7271717344749992 0.4704317711818227 0.7733587510181333
Loss/valid 0.0673883445829583
Tr1 :  0.03576633334159851 Tr2 :  0.046341363340616226 Adv :  1.0318728685379028 Adv2 :  0.6907076835632324
2dec_lbl :  0.0010594128398224711  2dec_unlbl :  0.0008839208749122918
Dsc1_lbl :  0.2583303153514862  Dsc1_unlbl :  0.20889896154403687
Dsc2 :  0.6926870346069336  Dsc2_128 :  0.6937457919120789
Epoch 318/600
0.8185146745560178 0.6640370325923798 0.4838268792710706 0.7206042476131532
0.6927844611598826 0.49704748469257026 0.3191105769230769 0.5632379553150699
0.9035132761271243 0.7253669395287419 0.49023229620661746 0.7802265676192597
Loss/valid 0.06680421323443834
Tr1 :  0.03242461010813713 Tr2 :  0.04152004420757294 Adv :  0.9487712979316711 Adv2 :  0.6907522082328796
2dec_lbl :  0.0009081157040782273  2dec_unlbl :  0.0008533317595720291
Dsc1_lbl :  0.16224293410778046  Dsc1_unlbl :  0.1838301569223404
Dsc2 :  0.6927574872970581  Dsc2_128 :  0.6936138272285461
Epoch 319/600
0.8147826680580071 0.6417673068456387 0.48647150802604755 0.7058033284306345
0.6874542297849932 0.47250173705891113 0.32141549406287595 0.5453601789709173
0.9028692222283973 0.7177550867395496 0.4831614159239904 0.77222160371912
Loss/valid 0.07095565387191108
Tr1 :  0.03193559870123863 Tr2 :  0.04139527305960655 Adv :  1.1084765195846558 Adv2 :  0.6908709406852722
2dec_lbl :  0.0009122241172008216  2dec_unlbl :  0.0007542105740867555
Dsc1_lbl :  0.30442115664482117  Dsc1_unlbl :  0.24265921115875244
Dsc2 :  0.6928371787071228  Dsc2_128 :  0.6935120820999146
Epoch 320/600
0.8147219105756779 0.6124879326224215 0.4886097823109181 0.707676199201623
0.6873677306997046 0.44142890503290116 0.3232849972113776 0.5475997569374114
0.901435323864474 0.6966235270825709 0.49746495634661214 0.7576854351698632
Loss/valid 0.07950312957669106
Tr1 :  0.032905858010053635 Tr2 :  0.041442662477493286 Adv :  0.8992012143135071 Adv2 :  0.6908450722694397
2dec_lbl :  0.0009020657162182033  2dec_unlbl :  0.0006852664519101381
Dsc1_lbl :  0.20434419810771942  Dsc1_unlbl :  0.2602465748786926
Dsc2 :  0.6928194761276245  Dsc2_128 :  0.6936360597610474
Epoch 321/600
0.8196429286257556 0.6848144864602905 0.49940183176763614 0.7263155655762114
0.6944025231885779 0.5206980151546612 0.33280184018610975 0.5702476578547453
0.902261610309614 0.7477169139014802 0.4997032306537328 0.7845891733120419
Loss/valid 0.06294752650249463
Tr1 :  0.031147504225373268 Tr2 :  0.03985567390918732 Adv :  0.9020751118659973 Adv2 :  0.6909039616584778
2dec_lbl :  0.0009022171725519001  2dec_unlbl :  0.0008689778042025864
Dsc1_lbl :  0.2602100074291229  Dsc1_unlbl :  0.26364821195602417
Dsc2 :  0.6929558515548706  Dsc2_128 :  0.6933587789535522
Epoch 322/600
0.8094185561474251 0.646150177628149 0.5073221953460464 0.732801595214357
0.6798514795663589 0.477268724308091 0.33987387885335274 0.5782848151062155
0.9011812062005272 0.7059402489326073 0.5054990791372005 0.7858671514580066
Loss/valid 0.07563461529879043
Tr1 :  0.03420884534716606 Tr2 :  0.04335789009928703 Adv :  0.9307608604431152 Adv2 :  0.6914554238319397
2dec_lbl :  0.000980655662715435  2dec_unlbl :  0.0008934273500926793
Dsc1_lbl :  0.2380332499742508  Dsc1_unlbl :  0.43309637904167175
Dsc2 :  0.6934572458267212  Dsc2_128 :  0.6929723620414734
Epoch 323/600
0.8145536049759029 0.6817191553866934 0.5036504965687018 0.7196089243298268
0.6871281640359158 0.5171274073899352 0.33658613540070315 0.5620227585178805
0.9007105573606726 0.743827916007211 0.5206725757468914 0.768358761232413
Loss/valid 0.06426192918577446
Tr1 :  0.03558383136987686 Tr2 :  0.047193512320518494 Adv :  1.2524018287658691 Adv2 :  0.6918558478355408
2dec_lbl :  0.0011814655736088753  2dec_unlbl :  0.0009150411933660507
Dsc1_lbl :  0.4154069721698761  Dsc1_unlbl :  0.2126399278640747
Dsc2 :  0.693432092666626  Dsc2_128 :  0.6930617094039917
Epoch 324/600
0.8260158852517688 0.6647941145250712 0.49801496092607295 0.730352003542174
0.70360056398967 0.4978963332599496 0.3315711861105701 0.5752397558849172
0.9049690194120772 0.7348242888078635 0.5086951498452944 0.7885275720031159
Loss/valid 0.06850396186256638
Tr1 :  0.03344595432281494 Tr2 :  0.04190732166171074 Adv :  0.8526952862739563 Adv2 :  0.6923223733901978
2dec_lbl :  0.0009960386669263244  2dec_unlbl :  0.0009043305180966854
Dsc1_lbl :  0.24737043678760529  Dsc1_unlbl :  0.20720061659812927
Dsc2 :  0.6933678388595581  Dsc2_128 :  0.6928011775016785
Epoch 325/600
0.8148111827535203 0.6797555486126727 0.49613798815289606 0.7001599847178778
0.687494828584825 0.5148709755215242 0.32990924981442904 0.538650892791535
0.9029837752157941 0.7483364587767373 0.5012192014357553 0.7802834187282748
Loss/valid 0.06712464728535941
Tr1 :  0.033508431166410446 Tr2 :  0.042038075625896454 Adv :  0.7303655743598938 Adv2 :  0.6918308734893799
2dec_lbl :  0.0009595401934348047  2dec_unlbl :  0.0008451147004961967
Dsc1_lbl :  0.17915621399879456  Dsc1_unlbl :  0.3028225302696228
Dsc2 :  0.6929950714111328  Dsc2_128 :  0.6933019161224365
Epoch 326/600
0.8207764895462055 0.6547825239214352 0.5086262451437095 0.7302175327181116
0.696031314055425 0.4867484518787161 0.34104545791254104 0.5750729369269242
0.9014846721543003 0.7239295181142223 0.5161843346358709 0.7983199509516337
Loss/valid 0.07028816051136416
Tr1 :  0.029890039935708046 Tr2 :  0.037691544741392136 Adv :  1.0303176641464233 Adv2 :  0.6914412975311279
2dec_lbl :  0.000840169086586684  2dec_unlbl :  0.0006807185709476471
Dsc1_lbl :  0.2318965345621109  Dsc1_unlbl :  0.22173386812210083
Dsc2 :  0.6929764151573181  Dsc2_128 :  0.6934159994125366
Epoch 327/600
0.8199144908887136 0.6690629237131601 0.4889984330112301 0.7339966727066578
0.6947924405123703 0.5027006427529752 0.3236253645889597 0.579774679009659
0.903347533914011 0.7312467832177872 0.5008570002802157 0.7843018393572218
Loss/valid 0.06911162487589396
Tr1 :  0.03301247954368591 Tr2 :  0.04158969596028328 Adv :  0.962037205696106 Adv2 :  0.6914392113685608
2dec_lbl :  0.0009278077632188797  2dec_unlbl :  0.0008583412854932249
Dsc1_lbl :  0.19377639889717102  Dsc1_unlbl :  0.23422636091709137
Dsc2 :  0.6931954622268677  Dsc2_128 :  0.6931051015853882
Epoch 328/600
0.8194462090848639 0.6595720343008478 0.5026681079597124 0.6232485659398971
0.6941201793521407 0.4920607829580924 0.3357092109183416 0.45269505483782835
0.9027876550167622 0.716064065449977 0.504701913328568 0.7415593437421673
Loss/valid 0.06815984605166775
Tr1 :  0.03265785798430443 Tr2 :  0.04198978841304779 Adv :  1.1933280229568481 Adv2 :  0.691524863243103
2dec_lbl :  0.0009394870139658451  2dec_unlbl :  0.0007112859166227281
Dsc1_lbl :  0.3639328181743622  Dsc1_unlbl :  0.23722028732299805
Dsc2 :  0.6931671500205994  Dsc2_128 :  0.693264365196228
Epoch 329/600
0.8178133000722116 0.6534385741890636 0.4895171161211356 0.7068500192777278
0.6917801563172434 0.4852645870169235 0.32407988289418654 0.5466110117272908
0.9027599087255125 0.7291227747484321 0.4937495410545251 0.7811214644359983
Loss/valid 0.0713092339081833
Tr1 :  0.033606644719839096 Tr2 :  0.04245316609740257 Adv :  0.7845188975334167 Adv2 :  0.6921055912971497
2dec_lbl :  0.0009528527152724564  2dec_unlbl :  0.0008741795900277793
Dsc1_lbl :  0.17493358254432678  Dsc1_unlbl :  0.31358107924461365
Dsc2 :  0.692991316318512  Dsc2_128 :  0.6932721734046936
Epoch 330/600
0.821885622527927 0.6772868831240145 0.4623558129517063 0.7385309552857336
0.697628038706632 0.5120436733277783 0.300691029073025 0.585453094057506
0.9011782464724578 0.7352234652692738 0.4897144712357361 0.8091064775062414
Loss/valid 0.0696026378741058
Tr1 :  0.03291752561926842 Tr2 :  0.041348617523908615 Adv :  1.032101035118103 Adv2 :  0.6921336650848389
2dec_lbl :  0.0009829701157286763  2dec_unlbl :  0.0008910687756724656
Dsc1_lbl :  0.2465810924768448  Dsc1_unlbl :  0.25474753975868225
Dsc2 :  0.6931467056274414  Dsc2_128 :  0.6933577656745911
Epoch 331/600
0.8107699547464642 0.6670338134176175 0.4824338085539715 0.7150080130013768
0.681760402861007 0.5004131538608929 0.3178996812615333 0.556429939046883
0.8999210262993331 0.7302917052037018 0.48194599331402366 0.7710302621910516
Loss/valid 0.06952695790320061
Tr1 :  0.03408452868461609 Tr2 :  0.042854830622673035 Adv :  1.011904239654541 Adv2 :  0.692421555519104
2dec_lbl :  0.0009835067903622985  2dec_unlbl :  0.000805320858489722
Dsc1_lbl :  0.32718175649642944  Dsc1_unlbl :  0.2201870232820511
Dsc2 :  0.6932679414749146  Dsc2_128 :  0.6930860280990601
Epoch 332/600
0.8015231357254539 0.6808744055965666 0.47072244585322925 0.695583670397893
0.6687848214830799 0.5161558599766901 0.30780707176197275 0.5332528078746688
0.8958676263987198 0.7434469807806872 0.4748802282718876 0.7650779277945077
Loss/valid 0.06641331349069682
Tr1 :  0.03407592698931694 Tr2 :  0.04276244342327118 Adv :  0.7884008884429932 Adv2 :  0.6920672059059143
2dec_lbl :  0.0009562020422890782  2dec_unlbl :  0.0008900902466848493
Dsc1_lbl :  0.1469869315624237  Dsc1_unlbl :  0.149020716547966
Dsc2 :  0.693341076374054  Dsc2_128 :  0.6929174065589905
Epoch 333/600
0.8233210631277172 0.6744530680933363 0.4638297872340426 0.7163407358302951
0.6996989895274048 0.5088111570091333 0.30193905817174516 0.558045858293741
0.9018415920817164 0.7357268082704431 0.46389602495837245 0.7700608854007556
Loss/valid 0.06785148692030746
Tr1 :  0.03250524029135704 Tr2 :  0.04142259806394577 Adv :  1.0143762826919556 Adv2 :  0.6921864748001099
2dec_lbl :  0.0009436926920898259  2dec_unlbl :  0.0008433196926489472
Dsc1_lbl :  0.22296813130378723  Dsc1_unlbl :  0.17117610573768616
Dsc2 :  0.6934543251991272  Dsc2_128 :  0.6927829384803772
Epoch 334/600
0.8173407642240307 0.6739379684349066 0.4687008135323232 0.7200752213324318
0.6911041993324094 0.5082250697122268 0.30608049535603715 0.5625918283120099
0.8995229251929779 0.7294783646849042 0.45966304329908025 0.7764923853867927
Loss/valid 0.06685396613409886
Tr1 :  0.030034426599740982 Tr2 :  0.03885156661272049 Adv :  0.7329483032226562 Adv2 :  0.6921274662017822
2dec_lbl :  0.000915071927011013  2dec_unlbl :  0.0008050496107898653
Dsc1_lbl :  0.1575281322002411  Dsc1_unlbl :  0.27849480509757996
Dsc2 :  0.6934159398078918  Dsc2_128 :  0.6928241848945618
Epoch 335/600
0.8124229363921224 0.6691933232267071 0.5026893769610041 0.7014653315342186
0.6841012354381185 0.5028478853511991 0.3357281844035324 0.5401976154883874
0.902033821198494 0.736732217931279 0.504885791638286 0.7719801112040208
Loss/valid 0.07050657875907536
Tr1 :  0.03253762051463127 Tr2 :  0.041389767080545425 Adv :  1.273100733757019 Adv2 :  0.6915416717529297
2dec_lbl :  0.0009846736211329699  2dec_unlbl :  0.0008229012019000947
Dsc1_lbl :  0.2984708845615387  Dsc1_unlbl :  0.20668967068195343
Dsc2 :  0.6935814023017883  Dsc2_128 :  0.6927362084388733
Epoch 336/600
0.8213550632122537 0.6775440485550834 0.49450457603744413 0.722059338351129
0.6968638625392625 0.512337706079963 0.3284663428174879 0.5650178916910644
0.9031485067753413 0.7389850649448262 0.49559997271713896 0.781255640293055
Loss/valid 0.06548083097172472
Tr1 :  0.03226849064230919 Tr2 :  0.040625911206007004 Adv :  1.2267937660217285 Adv2 :  0.690746545791626
2dec_lbl :  0.0009176412713713944  2dec_unlbl :  0.0008385932305827737
Dsc1_lbl :  0.20152467489242554  Dsc1_unlbl :  0.20482441782951355
Dsc2 :  0.6932783722877502  Dsc2_128 :  0.6931493282318115
Epoch 337/600
0.8094855382377987 0.6801340136105238 0.47117967923145815 0.7248419594790806
0.6799459932973825 0.5153053572287639 0.3081982053944671 0.5684330384514321
0.901242207722773 0.7364263545032587 0.46012261613957206 0.791021406721128
Loss/valid 0.06599064416681918
Tr1 :  0.030656328424811363 Tr2 :  0.04039078950881958 Adv :  0.8693968057632446 Adv2 :  0.6898562908172607
2dec_lbl :  0.0009593941504135728  2dec_unlbl :  0.0007981210947036743
Dsc1_lbl :  0.19657066464424133  Dsc1_unlbl :  0.20468105375766754
Dsc2 :  0.6929889917373657  Dsc2_128 :  0.6932468414306641
Epoch 338/600
0.8099571991535869 0.6711211791884415 0.48460971090362853 0.71329617651781
0.680611822177747 0.5050281249712306 0.3197920129160929 0.5543592577407797
0.9007535684107878 0.7376319539836974 0.4874163488377403 0.7748705646336641
Loss/valid 0.06986997088489051
Tr1 :  0.030119309201836586 Tr2 :  0.03869178518652916 Adv :  1.0918713808059692 Adv2 :  0.690142035484314
2dec_lbl :  0.0008505010046064854  2dec_unlbl :  0.0008508308092132211
Dsc1_lbl :  0.14242033660411835  Dsc1_unlbl :  0.20817780494689941
Dsc2 :  0.6930108666419983  Dsc2_128 :  0.6929302215576172
Epoch 339/600
0.8168109255571548 0.6837531713345897 0.47712216636114485 0.7256195087750049
0.6903469134396671 0.5194718471062691 0.313302981908326 0.5693900006877106
0.9008726016724764 0.7458465463668826 0.47493720670273937 0.7921302650842802
Loss/valid 0.06483564561662766
Tr1 :  0.029851660132408142 Tr2 :  0.039008114486932755 Adv :  1.0040534734725952 Adv2 :  0.6901311874389648
2dec_lbl :  0.0008854572079144418  2dec_unlbl :  0.0007419080357067287
Dsc1_lbl :  0.19098788499832153  Dsc1_unlbl :  0.21116605401039124
Dsc2 :  0.6931853294372559  Dsc2_128 :  0.6931815147399902
Epoch 340/600
0.8202001579755089 0.6769087118049922 0.4917233991084079 0.6824419070512819
0.695202803695987 0.5116114948715649 0.32601672585634095 0.517959633585465
0.9036746514144542 0.7436967164146592 0.4993072042568584 0.7788632988338041
Loss/valid 0.06585909232783776
Tr1 :  0.03402089700102806 Tr2 :  0.0437527671456337 Adv :  0.8226545453071594 Adv2 :  0.6896629929542542
2dec_lbl :  0.0009951525134965777  2dec_unlbl :  0.0008384030661545694
Dsc1_lbl :  0.14121310412883759  Dsc1_unlbl :  0.2594197392463684
Dsc2 :  0.6927534937858582  Dsc2_128 :  0.69355708360672
Epoch 341/600
0.8043487814371634 0.6546423917068511 0.4773975844118434 0.7235368296120466
0.6727286092711755 0.48659359241844535 0.31354054054054054 0.5668293816829382
0.9009868319791431 0.7225147610126024 0.47362838859379675 0.7768512052504982
Loss/valid 0.06818750090538882
Tr1 :  0.03183738514780998 Tr2 :  0.03978460654616356 Adv :  1.178999900817871 Adv2 :  0.6903114318847656
2dec_lbl :  0.0009178707259707153  2dec_unlbl :  0.0008724328363314271
Dsc1_lbl :  0.2804247736930847  Dsc1_unlbl :  0.17646101117134094
Dsc2 :  0.6929875612258911  Dsc2_128 :  0.6933487057685852
Epoch 342/600
0.8117189468936058 0.6455952513619952 0.4869652220637009 0.6290613599546945
0.6831035004484983 0.47666345825441675 0.3218466813617438 0.4588544968970354
0.9023888111538799 0.7168951351517562 0.48721497533852776 0.7187486136473591
Loss/valid 0.07355297072074161
Tr1 :  0.0316774807870388 Tr2 :  0.04020017385482788 Adv :  0.7848085761070251 Adv2 :  0.6904981136322021
2dec_lbl :  0.0009681594674475491  2dec_unlbl :  0.0009539644233882427
Dsc1_lbl :  0.19494344294071198  Dsc1_unlbl :  0.2527891993522644
Dsc2 :  0.6925979852676392  Dsc2_128 :  0.6933703422546387
Epoch 343/600
0.8150383646741409 0.6581716603528106 0.4800220922004177 0.7250699780609323
0.6878183566255368 0.4905036217418582 0.3158085980968819 0.5687135494371355
0.9023397334581698 0.7209480949445414 0.48779879582723945 0.7878439803039631
Loss/valid 0.07029974380006584
Tr1 :  0.0314955860376358 Tr2 :  0.03977709636092186 Adv :  1.049001932144165 Adv2 :  0.690533459186554
2dec_lbl :  0.0009133223793469369  2dec_unlbl :  0.0009136013104580343
Dsc1_lbl :  0.20703917741775513  Dsc1_unlbl :  0.32113412022590637
Dsc2 :  0.692533552646637  Dsc2_128 :  0.6938089728355408
Epoch 344/600
0.8123028314733062 0.6457930450997997 0.5057697222276828 0.7227519202292557
0.6839309320581659 0.4768791378326602 0.3384817787133272 0.5658665154219561
0.9016385105069346 0.7360653668273908 0.5079747131515061 0.7866433130241479
Loss/valid 0.07063869333181244
Tr1 :  0.030228866264224052 Tr2 :  0.03830550238490105 Adv :  0.8342897295951843 Adv2 :  0.690454363822937
2dec_lbl :  0.0009052838431671262  2dec_unlbl :  0.0007681315182708204
Dsc1_lbl :  0.23765024542808533  Dsc1_unlbl :  0.18686571717262268
Dsc2 :  0.692435085773468  Dsc2_128 :  0.6938690543174744
Epoch 345/600
0.8135814282718121 0.6652141441701603 0.48956337770077796 0.7258513399418369
0.685745695203266 0.49836769041622403 0.32412043674864893 0.5696755509743288
0.8995771547245878 0.7275075037690444 0.4997991495371942 0.7782469837449858
Loss/valid 0.0698950973052818
Tr1 :  0.03134424611926079 Tr2 :  0.03972018510103226 Adv :  0.620956540107727 Adv2 :  0.690920352935791
2dec_lbl :  0.000933915376663208  2dec_unlbl :  0.0008666349458508193
Dsc1_lbl :  0.1603037714958191  Dsc1_unlbl :  0.21623855829238892
Dsc2 :  0.6927036643028259  Dsc2_128 :  0.6937751770019531
Epoch 346/600
0.8231355305865965 0.6341704559312881 0.5055091819699499 0.7039438449354466
0.6994310321874874 0.4643115670511402 0.338248436103664 0.5431430128892718
0.903544676586976 0.7209317273605131 0.507974256039562 0.7671632335766276
Loss/valid 0.07184714315315852
Tr1 :  0.03176553174853325 Tr2 :  0.0399472676217556 Adv :  1.1202363967895508 Adv2 :  0.6905059814453125
2dec_lbl :  0.000971993082202971  2dec_unlbl :  0.0007511646253988147
Dsc1_lbl :  0.3135240077972412  Dsc1_unlbl :  0.2247580587863922
Dsc2 :  0.6929469108581543  Dsc2_128 :  0.6931902170181274
Epoch 347/600
0.8209616498438174 0.6709870871016105 0.4994044073853484 0.7226560366952438
0.6962976647325065 0.5048762736535662 0.33280412780313556 0.5657489740082079
0.903986733373979 0.724996919967678 0.4997196993852038 0.7711695868148513
Loss/valid 0.06981364791639723
Tr1 :  0.032096635550260544 Tr2 :  0.04073682427406311 Adv :  0.6347266435623169 Adv2 :  0.6904132962226868
2dec_lbl :  0.0009862565202638507  2dec_unlbl :  0.0008760372293181717
Dsc1_lbl :  0.16635943949222565  Dsc1_unlbl :  0.24061420559883118
Dsc2 :  0.6929011344909668  Dsc2_128 :  0.6931570172309875
Epoch 348/600
0.8145843136161903 0.6704659751845652 0.48562248009660053 0.6809425305952642
0.6871718697270952 0.5042864362028185 0.32067464929588885 0.5162341644618107
0.900470959823722 0.7370177947356168 0.47901538858606313 0.7268181683598042
Loss/valid 0.06855594433056048
Tr1 :  0.03240562602877617 Tr2 :  0.04103672131896019 Adv :  0.9022246599197388 Adv2 :  0.6908968687057495
2dec_lbl :  0.0009442148730158806  2dec_unlbl :  0.0009218069026246667
Dsc1_lbl :  0.15410080552101135  Dsc1_unlbl :  0.20666682720184326
Dsc2 :  0.6931775808334351  Dsc2_128 :  0.6933889985084534
Epoch 349/600
0.814759754739825 0.6379942927028129 0.4988450032188435 0.6930486731811235
0.6874216075585375 0.4684226279557019 0.3323074594485507 0.5302788703447787
0.9018134210796471 0.7243125343527018 0.4995538871737816 0.743299670411771
Loss/valid 0.07200345248342134
Tr1 :  0.03354776278138161 Tr2 :  0.0424317829310894 Adv :  0.9035216569900513 Adv2 :  0.6918244957923889
2dec_lbl :  0.001020690193399787  2dec_unlbl :  0.0007627777522429824
Dsc1_lbl :  0.20541897416114807  Dsc1_unlbl :  0.17496073246002197
Dsc2 :  0.6931765675544739  Dsc2_128 :  0.6928914785385132
Epoch 350/600
0.8236756777234209 0.6589617065229232 0.48602279995485154 0.7066267674806406
0.7002113805904604 0.49138172245204964 0.32102385685884693 0.546344048039562
0.9037713205274823 0.7236267223432434 0.48250205420985903 0.7571106646666083
Loss/valid 0.0686641947652858
Tr1 :  0.034637778997421265 Tr2 :  0.04381592199206352 Adv :  0.9518064856529236 Adv2 :  0.6915677189826965
2dec_lbl :  0.0009840861894190311  2dec_unlbl :  0.0007363039767369628
Dsc1_lbl :  0.1747467815876007  Dsc1_unlbl :  0.28264012932777405
Dsc2 :  0.6930353045463562  Dsc2_128 :  0.6933428645133972
Epoch 351/600
0.8082849332435323 0.6505308936621585 0.5120451902309354 0.7060326973075398
0.678253515283204 0.48206431003637756 0.34412684234033053 0.5456341097943059
0.9041625838432701 0.7245443134408088 0.5216592929950502 0.7684508770185725
Loss/valid 0.0717447459912644
Tr1 :  0.03254447877407074 Tr2 :  0.04147399961948395 Adv :  0.7154932022094727 Adv2 :  0.6913648247718811
2dec_lbl :  0.0009618420153856277  2dec_unlbl :  0.0008719709585420787
Dsc1_lbl :  0.1805240660905838  Dsc1_unlbl :  0.24204230308532715
Dsc2 :  0.6924136877059937  Dsc2_128 :  0.6933744549751282
Epoch 352/600
0.8114559697244249 0.6545407107847705 0.49668685564563597 0.7217610402465635
0.6827310970854662 0.4864812454983656 0.3303948066382076 0.5646526690015664
0.903137505505413 0.7248307516953255 0.4996054378542011 0.779582697948651
Loss/valid 0.0713304017061511
Tr1 :  0.029842576012015343 Tr2 :  0.03721778094768524 Adv :  0.7290465235710144 Adv2 :  0.6902623772621155
2dec_lbl :  0.000874154909979552  2dec_unlbl :  0.0008449585293419659
Dsc1_lbl :  0.19246624410152435  Dsc1_unlbl :  0.23603081703186035
Dsc2 :  0.6918730139732361  Dsc2_128 :  0.6939883828163147
Epoch 353/600
0.8102371004406741 0.6212835439135126 0.5097685479407122 0.6386283174406284
0.6810071996200052 0.45062459447030734 0.34207340560171684 0.4691065089880602
0.9035161410137097 0.7037795706269359 0.5116381021913218 0.7432272531449592
Loss/valid 0.07625448573022507
Tr1 :  0.03514591604471207 Tr2 :  0.04433495178818703 Adv :  0.8808569312095642 Adv2 :  0.6906096339225769
2dec_lbl :  0.001003956189379096  2dec_unlbl :  0.0008162629092112184
Dsc1_lbl :  0.24922360479831696  Dsc1_unlbl :  0.14791695773601532
Dsc2 :  0.6922363042831421  Dsc2_128 :  0.694481611251831
Epoch 354/600
0.8131634203218284 0.6314814853871966 0.4909245324010981 0.7151987104537252
0.6851519697364988 0.46143437494220707 0.3253147658560846 0.5566609531550953
0.902392553933503 0.7044131617179112 0.4866566291056083 0.7805117315889547
Loss/valid 0.07545314494592066
Tr1 :  0.03224176540970802 Tr2 :  0.0412280298769474 Adv :  0.6998266577720642 Adv2 :  0.6921732425689697
2dec_lbl :  0.0009431198122911155  2dec_unlbl :  0.0008255637367255986
Dsc1_lbl :  0.25029969215393066  Dsc1_unlbl :  0.2980792820453644
Dsc2 :  0.6923959255218506  Dsc2_128 :  0.6938508152961731
Epoch 355/600
0.8201412357036093 0.6687819396866401 0.4754667332078125 0.7087693643467532
0.6951181450880697 0.502383463404345 0.3118769157515698 0.548909966024915
0.9015425062136325 0.723805444114594 0.4793808874770334 0.7657420375740966
Loss/valid 0.06873860052571847
Tr1 :  0.03161565959453583 Tr2 :  0.03990226611495018 Adv :  0.577245831489563 Adv2 :  0.6923152208328247
2dec_lbl :  0.0009114903514273465  2dec_unlbl :  0.000793851912021637
Dsc1_lbl :  0.2049645483493805  Dsc1_unlbl :  0.24218007922172546
Dsc2 :  0.6925797462463379  Dsc2_128 :  0.6936312317848206
Epoch 356/600
0.8233439941501578 0.663928932700033 0.5048680741524983 0.716130654414958
0.6997321137671804 0.49692636039320154 0.3376745994279526 0.5577909129753597
0.9025812918929865 0.7392038746044357 0.5098796538718455 0.7734400415915025
Loss/valid 0.07084189548801917
Tr1 :  0.03448924049735069 Tr2 :  0.04301616922020912 Adv :  0.6191015839576721 Adv2 :  0.6924400925636292
2dec_lbl :  0.0009911529486998916  2dec_unlbl :  0.0007921447977423668
Dsc1_lbl :  0.19052155315876007  Dsc1_unlbl :  0.2247060388326645
Dsc2 :  0.6925139427185059  Dsc2_128 :  0.6937759518623352
Epoch 357/600
0.8238266848929208 0.6003352414687372 0.48808129007519757 0.7124894263962872
0.7004296682397689 0.428913593637021 0.3228224420210218 0.553385301063622
0.9028986851398979 0.6988219353106375 0.4913992410459765 0.7705431118305128
Loss/valid 0.07465190162810569
Tr1 :  0.03367593139410019 Tr2 :  0.04245539382100105 Adv :  0.8765859603881836 Adv2 :  0.6925624012947083
2dec_lbl :  0.001018402399495244  2dec_unlbl :  0.001266669132746756
Dsc1_lbl :  0.21525666117668152  Dsc1_unlbl :  0.19639623165130615
Dsc2 :  0.6927176713943481  Dsc2_128 :  0.6934843063354492
Epoch 358/600
0.799850291230341 0.6335088195386702 0.4919553195155959 0.7125515533175217
0.6664587637573254 0.46360256736146416 0.3262206523997507 0.5534602609942465
0.8988835256366043 0.7157799700326568 0.5079451701720631 0.7796632481945732
Loss/valid 0.07555278913619426
Tr1 :  0.03432751074433327 Tr2 :  0.043447840958833694 Adv :  0.687727153301239 Adv2 :  0.6919267773628235
2dec_lbl :  0.001053301035426557  2dec_unlbl :  0.0010208745952695608
Dsc1_lbl :  0.19479139149188995  Dsc1_unlbl :  0.23304994404315948
Dsc2 :  0.6925060153007507  Dsc2_128 :  0.6938019394874573
Epoch 359/600
0.8224008691304717 0.2675559066787927 0.4819806555371826 0.42413025065093957
0.6983708187040002 0.1544384073981116 0.3175062671600812 0.2691404228211968
0.899441592248281 0.6133503284129656 0.4920109221700584 0.6240793378791586
Loss/valid 0.10902767725145587
Tr1 :  0.03874439001083374 Tr2 :  0.04372918978333473 Adv :  1.0868537425994873 Adv2 :  0.6923918128013611
2dec_lbl :  0.0011092539643868804  2dec_unlbl :  0.001781330443918705
Dsc1_lbl :  0.5026991367340088  Dsc1_unlbl :  0.16031138598918915
Dsc2 :  0.6926770210266113  Dsc2_128 :  0.6931250095367432
Epoch 360/600
0.8135085901353697 0.6463682843694206 0.45307066187942935 0.7315042610561122
0.6856422080866013 0.47750675232096984 0.29288387692606815 0.5766706490201858
0.8971965019362137 0.7100859254168468 0.43742473755022865 0.7937965362302499
Loss/valid 0.06821596018898372
Tr1 :  0.051144666969776154 Tr2 :  0.05448358133435249 Adv :  0.6070923209190369 Adv2 :  0.6925755739212036
2dec_lbl :  0.0012214303715154529  2dec_unlbl :  0.0011458906810730696
Dsc1_lbl :  0.5462218523025513  Dsc1_unlbl :  0.6581256985664368
Dsc2 :  0.6926549077033997  Dsc2_128 :  0.6932801008224487
Epoch 361/600
0.812881502744296 0.6673939175496886 0.505421720946956 0.7338362185922831
0.6847517788859813 0.5008186037411197 0.338170123325483 0.5795744826758559
0.8996370225966127 0.7314798821711637 0.5086891129210162 0.7892679639472748
Loss/valid 0.06272466195962177
Tr1 :  0.03657744079828262 Tr2 :  0.043305814266204834 Adv :  0.8169938325881958 Adv2 :  0.6923314929008484
2dec_lbl :  0.0009739824454300106  2dec_unlbl :  0.000773032137658447
Dsc1_lbl :  0.2397087663412094  Dsc1_unlbl :  0.2651411294937134
Dsc2 :  0.6927887797355652  Dsc2_128 :  0.6935450434684753
Epoch 362/600
0.8078203395597728 0.6226978284316163 0.5034191472244569 0.6900267005422445
0.6775994981003746 0.4521141702133002 0.33637951888187073 0.5267486755858849
0.8994334236309626 0.7013279402870669 0.5055168322451011 0.7643559843946681
Loss/valid 0.07246322365692602
Tr1 :  0.03551127016544342 Tr2 :  0.0437433235347271 Adv :  0.6227139830589294 Adv2 :  0.691806972026825
2dec_lbl :  0.0009701160015538335  2dec_unlbl :  0.0009383399155922234
Dsc1_lbl :  0.24420011043548584  Dsc1_unlbl :  0.3620070219039917
Dsc2 :  0.6929784417152405  Dsc2_128 :  0.6934329271316528
Epoch 363/600
0.821251329762651 0.668278579773857 0.5110341054167428 0.70207368057458
0.6967145333850401 0.501815597184263 0.34321411073003427 0.5409195191337065
0.9018798202616765 0.730082493782756 0.5132836295179581 0.774321459772474
Loss/valid 0.06742200658370096
Tr1 :  0.03358149155974388 Tr2 :  0.04213489964604378 Adv :  0.9295306205749512 Adv2 :  0.6928670406341553
2dec_lbl :  0.000983259524218738  2dec_unlbl :  0.000954464019741863
Dsc1_lbl :  0.2096545696258545  Dsc1_unlbl :  0.18183866143226624
Dsc2 :  0.6934442520141602  Dsc2_128 :  0.6930326223373413
Epoch 364/600
0.8214438773522421 0.677017056787457 0.5041077174753267 0.7272991655667659
0.6969917355371901 0.5117352874886546 0.3369946642311205 0.5714612153064632
0.902103170081854 0.7486617834331237 0.5090013542010771 0.7823873647335021
Loss/valid 0.06475516168687206
Tr1 :  0.03488736227154732 Tr2 :  0.04333912953734398 Adv :  0.878213107585907 Adv2 :  0.6924464702606201
2dec_lbl :  0.0010355390841141343  2dec_unlbl :  0.0010352033423259854
Dsc1_lbl :  0.23744510114192963  Dsc1_unlbl :  0.2802792489528656
Dsc2 :  0.6935749650001526  Dsc2_128 :  0.6921811103820801
Epoch 365/600
0.8133121523987734 0.6427460814217376 0.5207762429394329 0.7288427930140382
0.685363176207462 0.47356362182768336 0.35206049149338375 0.5733695163812159
0.9008883247745254 0.7404205884194127 0.5222294411895095 0.7960460302968614
Loss/valid 0.070023270843264
Tr1 :  0.03384028375148773 Tr2 :  0.042399171739816666 Adv :  0.9277979135513306 Adv2 :  0.6923730969429016
2dec_lbl :  0.0010057329200208187  2dec_unlbl :  0.0010956571204587817
Dsc1_lbl :  0.15837427973747253  Dsc1_unlbl :  0.1656532734632492
Dsc2 :  0.6939557194709778  Dsc2_128 :  0.6927926540374756
Epoch 366/600
0.8147615108095627 0.6330409608657441 0.510850462290823 0.7247025346230193
0.6874241076714237 0.4631016312432242 0.34304846447905174 0.5682615658683173
0.9019386997244502 0.7130012250745327 0.5112569557397809 0.7925089367147332
Loss/valid 0.07332258925844844
Tr1 :  0.03393248841166496 Tr2 :  0.04307493939995766 Adv :  0.8279822468757629 Adv2 :  0.6926758289337158
2dec_lbl :  0.0009596043382771313  2dec_unlbl :  0.0007568150758743286
Dsc1_lbl :  0.24130477011203766  Dsc1_unlbl :  0.2383134663105011
Dsc2 :  0.6941248774528503  Dsc2_128 :  0.6924529671669006
Epoch 367/600
0.8136529897573354 0.644244607308937 0.4967431440069701 0.7386748878185788
0.6858473808526769 0.4751923619718483 0.330444622305633 0.5856340135344362
0.9016465006495012 0.7107468507067997 0.49952355110744695 0.7917788944107648
Loss/valid 0.0730456300975325
Tr1 :  0.03162335231900215 Tr2 :  0.03996822237968445 Adv :  0.8240570425987244 Adv2 :  0.6934735774993896
2dec_lbl :  0.0009413930820301175  2dec_unlbl :  0.0008229376981034875
Dsc1_lbl :  0.2513854205608368  Dsc1_unlbl :  0.17048782110214233
Dsc2 :  0.6946159601211548  Dsc2_128 :  0.6917896270751953
Epoch 368/600
0.8264740395420549 0.6414618086040386 0.5002255854969033 0.7068939117324885
0.7042656638115956 0.47217061151950884 0.3335338839358967 0.5466635090084346
0.9055277516705144 0.7159609949156676 0.5038420210469394 0.7791103488386815
Loss/valid 0.07220051523584586
Tr1 :  0.026935456320643425 Tr2 :  0.03463255614042282 Adv :  0.746799886226654 Adv2 :  0.6921979784965515
2dec_lbl :  0.0008451820467598736  2dec_unlbl :  0.0008456829818896949
Dsc1_lbl :  0.24618220329284668  Dsc1_unlbl :  0.2067442089319229
Dsc2 :  0.6937158703804016  Dsc2_128 :  0.6926290392875671
Epoch 369/600
0.8151654590298534 0.6503996942318796 0.4875855726984775 0.7294675793303782
0.687999404847189 0.481920233310637 0.32238886636940955 0.5741432233157179
0.9016857167542771 0.7134038223936641 0.48879168697019815 0.7837254805544934
Loss/valid 0.07058093010877761
Tr1 :  0.02949153259396553 Tr2 :  0.037075962871313095 Adv :  0.7498432397842407 Adv2 :  0.69251948595047
2dec_lbl :  0.0008616487612016499  2dec_unlbl :  0.0007259807898662984
Dsc1_lbl :  0.14368611574172974  Dsc1_unlbl :  0.19076301157474518
Dsc2 :  0.6943483352661133  Dsc2_128 :  0.6922327876091003
Epoch 370/600
0.8210730888280371 0.6667621434538727 0.4845761066801704 0.7158353953864738
0.696458008590044 0.5001074190776282 0.31976274679067695 0.5574327409545031
0.9054074227578793 0.7280665970209746 0.4825595314628417 0.789571259489911
Loss/valid 0.06884728621046704
Tr1 :  0.0309233907610178 Tr2 :  0.03890267014503479 Adv :  0.8779914975166321 Adv2 :  0.6922547817230225
2dec_lbl :  0.0009098569280467927  2dec_unlbl :  0.0008881025132723153
Dsc1_lbl :  0.13623718917369843  Dsc1_unlbl :  0.18207703530788422
Dsc2 :  0.6939867734909058  Dsc2_128 :  0.6921718716621399
Epoch 371/600
0.8136571530325611 0.6679454483653791 0.4944286482748021 0.7292219274977895
0.6858532970569622 0.5014400105053616 0.32839934667211107 0.573838928509306
0.9041575654675148 0.7281869202346289 0.4964375729208615 0.7885816940915684
Loss/valid 0.06931072758295788
Tr1 :  0.02967311441898346 Tr2 :  0.03826086223125458 Adv :  0.8159716725349426 Adv2 :  0.6920759677886963
2dec_lbl :  0.0008661946631036699  2dec_unlbl :  0.0008759476477280259
Dsc1_lbl :  0.16014577448368073  Dsc1_unlbl :  0.22157062590122223
Dsc2 :  0.6940026879310608  Dsc2_128 :  0.6924722194671631
Epoch 372/600
0.8036701498237551 0.6656935629385369 0.4815704981194386 0.6902163415105274
0.6717797350833948 0.49890605669608457 0.31715038302602644 0.5269697304870405
0.9000330159799688 0.723193171355639 0.4769437037951399 0.7774863666320283
Loss/valid 0.07098921139437991
Tr1 :  0.029544761404395103 Tr2 :  0.03823499381542206 Adv :  0.7972857356071472 Adv2 :  0.6927157044410706
2dec_lbl :  0.0009657509508542717  2dec_unlbl :  0.0007926382240839303
Dsc1_lbl :  0.16347728669643402  Dsc1_unlbl :  0.1402600109577179
Dsc2 :  0.6940724849700928  Dsc2_128 :  0.6924481987953186
Epoch 373/600
0.812662226457177 0.6562131215996224 0.49435211166270954 0.7106603581373236
0.6844406407052351 0.48833124667861616 0.32833182013666556 0.5511816553710012
0.9001708713836991 0.7195254829400768 0.49652799810386616 0.7743979821770645
Loss/valid 0.07110995304985689
Tr1 :  0.03025309555232525 Tr2 :  0.03846817836165428 Adv :  0.8919860124588013 Adv2 :  0.6921181082725525
2dec_lbl :  0.000900440791156143  2dec_unlbl :  0.0007299407152459025
Dsc1_lbl :  0.2524646818637848  Dsc1_unlbl :  0.19404374063014984
Dsc2 :  0.6940683722496033  Dsc2_128 :  0.6917873620986938
Epoch 374/600
0.8156092664842726 0.6193944344948209 0.44692229415203416 0.7184031834112149
0.6886319213788767 0.4486396766539019 0.2877655718507779 0.5605531896711341
0.9007819568889147 0.6854111517331022 0.4342805078045971 0.7941873994831449
Loss/valid 0.07512597931334032
Tr1 :  0.0319180004298687 Tr2 :  0.040134698152542114 Adv :  0.6528071761131287 Adv2 :  0.691831111907959
2dec_lbl :  0.0009803621796891093  2dec_unlbl :  0.000935068994294852
Dsc1_lbl :  0.16109620034694672  Dsc1_unlbl :  0.1698375791311264
Dsc2 :  0.6942527890205383  Dsc2_128 :  0.6923041343688965
Epoch 375/600
0.8244259452787632 0.6646295035879249 0.46125722085455917 0.7099560985370102
0.7012964789140902 0.4977116877852828 0.2997623950578172 0.5503348356841778
0.9039218414359128 0.731525607311819 0.4859620690623797 0.7793659728056882
Loss/valid 0.07081543604055276
Tr1 :  0.03303700312972069 Tr2 :  0.04141189903020859 Adv :  0.5906206369400024 Adv2 :  0.6923316717147827
2dec_lbl :  0.000965090177487582  2dec_unlbl :  0.0007736796396784484
Dsc1_lbl :  0.17723874747753143  Dsc1_unlbl :  0.20877361297607422
Dsc2 :  0.6938765048980713  Dsc2_128 :  0.692112922668457
Epoch 376/600
0.8135333022222937 0.664141311669656 0.49180688845257536 0.7025839169282783
0.6856773171519016 0.4971643464023499 0.32609013042631885 0.5415255183709936
0.9010522020200831 0.7290987935294179 0.49521545986754817 0.7746115280567707
Loss/valid 0.07176494369140038
Tr1 :  0.03227580711245537 Tr2 :  0.04105747863650322 Adv :  0.807523250579834 Adv2 :  0.691930890083313
2dec_lbl :  0.0009393631480634212  2dec_unlbl :  0.0007980475202202797
Dsc1_lbl :  0.27752262353897095  Dsc1_unlbl :  0.30522245168685913
Dsc2 :  0.6934645771980286  Dsc2_128 :  0.6928598284721375
Epoch 377/600
0.8129354349596071 0.6553285966274179 0.44764203071787817 0.7205217836132662
0.6848283226548382 0.48735222224833713 0.288362632573006 0.5631372026387685
0.9010217296379728 0.7153045961127332 0.44416445912686237 0.7863091977957324
Loss/valid 0.0702231269186506
Tr1 :  0.03255899250507355 Tr2 :  0.04199402406811714 Adv :  0.9466911554336548 Adv2 :  0.6916609406471252
2dec_lbl :  0.0009869033237919211  2dec_unlbl :  0.0007438307511620224
Dsc1_lbl :  0.2583327293395996  Dsc1_unlbl :  0.15887539088726044
Dsc2 :  0.6929714679718018  Dsc2_128 :  0.6933436989784241
Epoch 378/600
0.8138244034101969 0.6374166760041692 0.47546099290780136 0.6963163492216957
0.6860910018296635 0.4678001446068772 0.31187197618161516 0.5341145060812815
0.9006526494201367 0.7102733407012561 0.46772223382618994 0.7696822009117802
Loss/valid 0.07743351797286707
Tr1 :  0.02987213246524334 Tr2 :  0.03830602020025253 Adv :  0.570871889591217 Adv2 :  0.6922309398651123
2dec_lbl :  0.0008739940240047872  2dec_unlbl :  0.0008489683386869729
Dsc1_lbl :  0.1413094848394394  Dsc1_unlbl :  0.22115226089954376
Dsc2 :  0.6932199001312256  Dsc2_128 :  0.692697286605835
Epoch 379/600
0.8236727407104927 0.6552482162082502 0.4882364012798795 0.713405293719497
0.7002071355619054 0.4872633181126332 0.3229581673306773 0.5544910842839739
0.9041512893282346 0.7207668996749313 0.4838772225673365 0.7853589964363681
Loss/valid 0.07272011304918963
Tr1 :  0.029646385461091995 Tr2 :  0.038325872272253036 Adv :  0.7777591943740845 Adv2 :  0.6922101974487305
2dec_lbl :  0.0008623520843684673  2dec_unlbl :  0.0007497163023799658
Dsc1_lbl :  0.24013756215572357  Dsc1_unlbl :  0.1463679075241089
Dsc2 :  0.6938000321388245  Dsc2_128 :  0.6929532289505005
Epoch 380/600
0.812895295312045 0.6710659439750267 0.4908877256703344 0.6752700027564086
0.6847713534466401 0.5049655706636628 0.3252824418835122 0.5097416108652064
0.9023266465904953 0.7332543718003451 0.4928154656741541 0.7604526890316089
Loss/valid 0.0697165745525406
Tr1 :  0.03110586479306221 Tr2 :  0.03961719572544098 Adv :  0.6537548899650574 Adv2 :  0.6922363638877869
2dec_lbl :  0.000939998950343579  2dec_unlbl :  0.0006803442956879735
Dsc1_lbl :  0.17373277246952057  Dsc1_unlbl :  0.17322887480258942
Dsc2 :  0.6933883428573608  Dsc2_128 :  0.6929769515991211
Epoch 381/600
0.806315310072616 0.6487147644514892 0.4951601285947684 0.702375861249703
0.6754843359192844 0.4800724135701553 0.32904506187251925 0.5412783565556512
0.9014862046715261 0.7181115528608655 0.4993157764678904 0.7811180928115911
Loss/valid 0.07447380767776988
Tr1 :  0.032341551035642624 Tr2 :  0.041282426565885544 Adv :  0.9282094836235046 Adv2 :  0.6923990845680237
2dec_lbl :  0.0009886184707283974  2dec_unlbl :  0.0007055256864987314
Dsc1_lbl :  0.2123965173959732  Dsc1_unlbl :  0.21882352232933044
Dsc2 :  0.6930041313171387  Dsc2_128 :  0.6935317516326904
Epoch 382/600
0.8213326808142634 0.6500170434215569 0.5115281501340482 0.7024142254120516
0.6968316398062753 0.4815001850608819 0.34365994236311237 0.5413239256843001
0.9020762417196224 0.7266889193428235 0.5084809514790936 0.7748771391208792
Loss/valid 0.07612459725127198
Tr1 :  0.029518162831664085 Tr2 :  0.03846348077058792 Adv :  0.8508588075637817 Adv2 :  0.6924769282341003
2dec_lbl :  0.0009009013301692903  2dec_unlbl :  0.0007938843336887658
Dsc1_lbl :  0.17365755140781403  Dsc1_unlbl :  0.22559955716133118
Dsc2 :  0.6931065320968628  Dsc2_128 :  0.6930719017982483
Epoch 383/600
0.7903632898895666 0.6825585278792898 0.5028861355196882 0.707706855791962
0.6533889747917874 0.5180940044194621 0.33590373280943026 0.5476364700717108
0.8843849886426252 0.7405275830656333 0.5043956179598751 0.7804564772687431
Loss/valid 0.07122817313155302
Tr1 :  0.0302724726498127 Tr2 :  0.038424137979745865 Adv :  0.7051893472671509 Adv2 :  0.6922105550765991
2dec_lbl :  0.0009193829610012472  2dec_unlbl :  0.0009339306852780282
Dsc1_lbl :  0.20369111001491547  Dsc1_unlbl :  0.2149762362241745
Dsc2 :  0.6929869651794434  Dsc2_128 :  0.6933251023292542
Epoch 384/600
0.815666847017449 0.6573432052336741 0.4993332810416503 0.6998567420053751
0.6887140201752557 0.4895839411799031 0.33274095755801797 0.5382920210537818
0.8975628797196611 0.7227213396360621 0.49887481485725665 0.7778509143485355
Loss/valid 0.07329370040231599
Tr1 :  0.0318751260638237 Tr2 :  0.0408841036260128 Adv :  1.0933647155761719 Adv2 :  0.6925948858261108
2dec_lbl :  0.0009430170175619423  2dec_unlbl :  0.0007636657101102173
Dsc1_lbl :  0.20040518045425415  Dsc1_unlbl :  0.2690522074699402
Dsc2 :  0.6935994625091553  Dsc2_128 :  0.6930089592933655
Epoch 385/600
0.8189934794626383 0.6465295712052614 0.4951583936605506 0.7413725344408214
0.6934707516178606 0.47768281999407564 0.3290435296144098 0.5890325411828248
0.9015672899662357 0.7225009543407945 0.4886779698325273 0.7936823851650376
Loss/valid 0.07466231121753271
Tr1 :  0.031024625524878502 Tr2 :  0.03986723721027374 Adv :  0.8628730773925781 Adv2 :  0.6924595832824707
2dec_lbl :  0.0009659041534177959  2dec_unlbl :  0.0007706077303737402
Dsc1_lbl :  0.14203965663909912  Dsc1_unlbl :  0.15433184802532196
Dsc2 :  0.6937248706817627  Dsc2_128 :  0.6923909783363342
Epoch 386/600
0.8150069807142424 0.65134102859803 0.49922986991296603 0.6988979889370096
0.687773655582781 0.482954581113224 0.3326491245424869 0.5371584879543881
0.8995879260661473 0.722077492663714 0.5025689483419421 0.7554861814392247
Loss/valid 0.07678632538479108
Tr1 :  0.029512450098991394 Tr2 :  0.037994466722011566 Adv :  0.7050889134407043 Adv2 :  0.6922963261604309
2dec_lbl :  0.0009098813752643764  2dec_unlbl :  0.0008141176076605916
Dsc1_lbl :  0.21136821806430817  Dsc1_unlbl :  0.13566213846206665
Dsc2 :  0.6937971115112305  Dsc2_128 :  0.6920825839042664
Epoch 387/600
0.8175538841657547 0.6468826149063104 0.4999796309121277 0.7132331746013445
0.6914089980235169 0.4780683642325092 0.33331522772331007 0.5542831541218638
0.9011049538232601 0.7186906744660555 0.5019600976759151 0.7739615096858803
Loss/valid 0.07459417254162523
Tr1 :  0.028049424290657043 Tr2 :  0.03663983941078186 Adv :  0.7539375424385071 Adv2 :  0.6908799409866333
2dec_lbl :  0.0008426798740401864  2dec_unlbl :  0.0008423574618063867
Dsc1_lbl :  0.17272932827472687  Dsc1_unlbl :  0.17307049036026
Dsc2 :  0.6936628222465515  Dsc2_128 :  0.6923077702522278
Epoch 388/600
0.8069416379412813 0.6615179473588313 0.509965979203106 0.7085236008832269
0.6763639261945562 0.4942299719697298 0.3422512319083615 0.5486152138496518
0.9010697572868536 0.7290155925439548 0.5073235506833627 0.7798014062906167
Loss/valid 0.07517788403380948
Tr1 :  0.03326374664902687 Tr2 :  0.042623963207006454 Adv :  0.7772201895713806 Adv2 :  0.6909013390541077
2dec_lbl :  0.0010278768604621291  2dec_unlbl :  0.0011704536154866219
Dsc1_lbl :  0.17556126415729523  Dsc1_unlbl :  0.1999681144952774
Dsc2 :  0.6936472654342651  Dsc2_128 :  0.692520260810852
Epoch 389/600
0.8223848093592981 0.641392251401997 0.49972602739726024 0.7098728610360597
0.6983476571084867 0.47209524019267013 0.3330898466033601 0.5502348098855868
0.9018477894469519 0.7177787202239239 0.5043846748969919 0.7675600041476591
Loss/valid 0.07746653233726437
Tr1 :  0.03255434334278107 Tr2 :  0.04292089864611626 Adv :  0.6887742877006531 Adv2 :  0.6903371810913086
2dec_lbl :  0.0010510660940781236  2dec_unlbl :  0.001000859308987856
Dsc1_lbl :  0.1539291888475418  Dsc1_unlbl :  0.11810259521007538
Dsc2 :  0.6938978433609009  Dsc2_128 :  0.6918711066246033
Epoch 390/600
0.8181753612822983 0.6555809492715178 0.48127202331752733 0.7357260399525068
0.6922984463837472 0.48763140400032784 0.31689152416143906 0.5819356114278182
0.901771244009171 0.7155808572175072 0.47872304101926233 0.791239815429888
Loss/valid 0.07607336963813466
Tr1 :  0.030953550711274147 Tr2 :  0.03987778350710869 Adv :  0.7272381782531738 Adv2 :  0.6903029084205627
2dec_lbl :  0.000971731380559504  2dec_unlbl :  0.0007293986272998154
Dsc1_lbl :  0.2094757854938507  Dsc1_unlbl :  0.1965552717447281
Dsc2 :  0.6936004757881165  Dsc2_128 :  0.6924918293952942
Epoch 391/600
0.8054763131891761 0.6464506375565037 0.4956629491945478 0.7020951309303948
0.6743075269940118 0.4775966473727252 0.32948929159802304 0.5409449857705573
0.8798431431441927 0.7316163234747447 0.49644096734856447 0.7905288593186564
Loss/valid 0.07596841221675277
Tr1 :  0.031667742878198624 Tr2 :  0.04003424942493439 Adv :  0.6557260155677795 Adv2 :  0.6896709203720093
2dec_lbl :  0.00097401108359918  2dec_unlbl :  0.0007595327915623784
Dsc1_lbl :  0.1641310602426529  Dsc1_unlbl :  0.21967323124408722
Dsc2 :  0.6944757699966431  Dsc2_128 :  0.6919311285018921
Epoch 392/600
0.8210756572276408 0.6708667869860008 0.48552414056207877 0.6851949168736863
0.6964617044863105 0.5047400669980359 0.3205888938647559 0.5211380193666769
0.9017535867698371 0.7249489424682378 0.4804258622496639 0.7465352385789877
Loss/valid 0.07374993290823813
Tr1 :  0.030324358493089676 Tr2 :  0.03809036687016487 Adv :  0.7836899161338806 Adv2 :  0.6904655694961548
2dec_lbl :  0.0008800268406048417  2dec_unlbl :  0.0009262159583158791
Dsc1_lbl :  0.26346153020858765  Dsc1_unlbl :  0.1529892534017563
Dsc2 :  0.6942139267921448  Dsc2_128 :  0.6911747455596924
Epoch 393/600
0.8176993443641395 0.644582426628718 0.5003240440699934 0.6692149292149292
0.6916170945742794 0.4755600335219729 0.33362143474503025 0.5028722848687647
0.9009960733231125 0.720263640631294 0.4959493641846566 0.7647520131902992
Loss/valid 0.07682913744177383
Tr1 :  0.03099190630018711 Tr2 :  0.04050629213452339 Adv :  0.44183921813964844 Adv2 :  0.6892631649971008
2dec_lbl :  0.000971309666056186  2dec_unlbl :  0.0008439587545581162
Dsc1_lbl :  0.17079295217990875  Dsc1_unlbl :  0.26143112778663635
Dsc2 :  0.6944833993911743  Dsc2_128 :  0.6903172135353088
Epoch 394/600
0.815373291820278 0.652205127804939 0.47591790327955613 0.6844304746937172
0.6882955501426835 0.4839053340088297 0.31226526727375625 0.5202541268462206
0.9023895042622572 0.7043638493789958 0.4691067665431984 0.7528989593505145
Loss/valid 0.07516251482929175
Tr1 :  0.02974334917962551 Tr2 :  0.03817695751786232 Adv :  0.6933060884475708 Adv2 :  0.6892846822738647
2dec_lbl :  0.0009222754160873592  2dec_unlbl :  0.0006565141375176609
Dsc1_lbl :  0.17299620807170868  Dsc1_unlbl :  0.13595542311668396
Dsc2 :  0.6934829950332642  Dsc2_128 :  0.6904998421669006
Epoch 395/600
0.808485446157725 0.6377798384464575 0.5125837729930129 0.7115655279105746
0.6785359386090614 0.4681914542500254 0.34461354104254044 0.5522714141268237
0.9009700307758822 0.7148618978804744 0.5169351777338715 0.7799094965960846
Loss/valid 0.08080381240982276
Tr1 :  0.028589773923158646 Tr2 :  0.03728031367063522 Adv :  0.5357492566108704 Adv2 :  0.6883988380432129
2dec_lbl :  0.0008662977488711476  2dec_unlbl :  0.0009291817550547421
Dsc1_lbl :  0.13106222450733185  Dsc1_unlbl :  0.1736781746149063
Dsc2 :  0.6935065388679504  Dsc2_128 :  0.6887744069099426
Epoch 396/600
0.8125154058717452 0.6432147084857468 0.5054191067214404 0.6568696577231851
0.6842323764783 0.474072583561015 0.3381677826837042 0.4890587585190643
0.90050980908638 0.7141714825499859 0.5146290896647139 0.7313828463397264
Loss/valid 0.07997343046232484
Tr1 :  0.027812937274575233 Tr2 :  0.03547714278101921 Adv :  0.7122755646705627 Adv2 :  0.6907966732978821
2dec_lbl :  0.0008465994033031166  2dec_unlbl :  0.0008988396148197353
Dsc1_lbl :  0.17819064855575562  Dsc1_unlbl :  0.2792689800262451
Dsc2 :  0.6917652487754822  Dsc2_128 :  0.6854307651519775
Epoch 397/600
0.8183260512431942 0.6646742516462345 0.4751044078506048 0.6842849959657143
0.692514252433274 0.49776187755359863 0.3115652050517951 0.5200860322087525
0.9011434338759091 0.7189147995722326 0.47372604009161445 0.7436439427857827
Loss/valid 0.07366104554743148
Tr1 :  0.0295786764472723 Tr2 :  0.03828359395265579 Adv :  0.6498338580131531 Adv2 :  0.7009283304214478
2dec_lbl :  0.0009413394145667553  2dec_unlbl :  0.0009745351271703839
Dsc1_lbl :  0.15970465540885925  Dsc1_unlbl :  0.1582677662372589
Dsc2 :  0.6902917623519897  Dsc2_128 :  0.6782611608505249
Epoch 398/600
0.8113304309983612 0.666809959614014 0.48142581060768735 0.7218869762222363
0.6825533791361345 0.5001612218922359 0.31702488687782804 0.564806838513021
0.8986292936453822 0.7210634367580371 0.48444757683006345 0.7752677351519984
Loss/valid 0.07129392409338974
Tr1 :  0.02989770472049713 Tr2 :  0.038876112550497055 Adv :  0.7954145669937134 Adv2 :  0.6991046071052551
2dec_lbl :  0.0009854971431195736  2dec_unlbl :  0.0008341941866092384
Dsc1_lbl :  0.1790277659893036  Dsc1_unlbl :  0.2909999489784241
Dsc2 :  0.6819124221801758  Dsc2_128 :  0.665928304195404
Epoch 399/600
0.8190720970080401 0.6447277027914922 0.47799285763028004 0.6945073275348504
0.6935834905186558 0.4757182037288417 0.3140542802486848 0.5319886830336771
0.9030673633781068 0.7130709863705414 0.4927141535455785 0.7618180626638146
Loss/valid 0.07722649497624773
Tr1 :  0.029651150107383728 Tr2 :  0.03802349045872688 Adv :  0.582021176815033 Adv2 :  0.7011547088623047
2dec_lbl :  0.0009524251217953861  2dec_unlbl :  0.0009649698622524738
Dsc1_lbl :  0.11805044859647751  Dsc1_unlbl :  0.18029379844665527
Dsc2 :  0.672905445098877  Dsc2_128 :  0.6446372270584106
Epoch 400/600
0.8170229017686644 0.6657636288474428 0.5055299881235155 0.6632041056081123
0.6906498046244448 0.4989847700466555 0.33826706732560163 0.4961147086031452
0.9008698416648792 0.7309000343279047 0.5084909016228231 0.7242624296825756
Loss/valid 0.07276256402166417
Tr1 :  0.03137502446770668 Tr2 :  0.03970789536833763 Adv :  0.971723735332489 Adv2 :  0.7051721215248108
2dec_lbl :  0.0009201755747199059  2dec_unlbl :  0.0008112807990983129
Dsc1_lbl :  0.13762524724006653  Dsc1_unlbl :  0.16037528216838837
Dsc2 :  0.6562495827674866  Dsc2_128 :  0.6282008290290833
Epoch 401/600
0.7981385647354408 0.6554137606964436 0.5049547608789314 0.7332322888634559
0.6640853440477944 0.4874464288998841 0.3377521613832853 0.5788214227576103
0.8924137963425642 0.7298597081845455 0.5142143447504525 0.7822384744113625
Loss/valid 0.06940614338964224
Tr1 :  0.034134749323129654 Tr2 :  0.0424642376601696 Adv :  0.9170473217964172 Adv2 :  0.6992846727371216
2dec_lbl :  0.001032136962749064  2dec_unlbl :  0.0007935296162031591
Dsc1_lbl :  0.3076190650463104  Dsc1_unlbl :  0.31614649295806885
Dsc2 :  0.6418693661689758  Dsc2_128 :  0.5989153385162354
Epoch 402/600
0.8192783068456407 0.6475588749245991 0.494868138269026 0.6710140118935198
0.6938792702765513 0.47880744153539145 0.32878723177111135 0.504906761921223
0.8989229144310941 0.7173888342052317 0.4939270508428709 0.7669569430598862
Loss/valid 0.07473655263535105
Tr1 :  0.029290903359651566 Tr2 :  0.036904919892549515 Adv :  0.7627335786819458 Adv2 :  0.6942448019981384
2dec_lbl :  0.0008536273962818086  2dec_unlbl :  0.0008180653676390648
Dsc1_lbl :  0.2575877606868744  Dsc1_unlbl :  0.2687511444091797
Dsc2 :  0.643250048160553  Dsc2_128 :  0.5874358415603638
Epoch 403/600
0.8218667981188132 0.64113343329597 0.4709968425800631 0.6941498007392514
0.6976009137222307 0.4718148558552424 0.3080417723759514 0.5315692421169095
0.9040535551834343 0.7111250028124396 0.47144319098962106 0.7709616516624651
Loss/valid 0.07619133724186283
Tr1 :  0.02878018282353878 Tr2 :  0.03680234029889107 Adv :  0.6511203646659851 Adv2 :  0.6824346780776978
2dec_lbl :  0.0008727799286134541  2dec_unlbl :  0.0007875874871388078
Dsc1_lbl :  0.16288089752197266  Dsc1_unlbl :  0.17002072930335999
Dsc2 :  0.6223307251930237  Dsc2_128 :  0.5528091192245483
Epoch 404/600
0.8161061005868221 0.6679877534859835 0.486267922022112 0.7236837611702432
0.6893405743465207 0.5014876967041116 0.32123777324696107 0.5670097575768387
0.9003963404886123 0.725494524259271 0.474489060522998 0.7750840544901901
Loss/valid 0.07431098863554116
Tr1 :  0.031047839671373367 Tr2 :  0.03996376320719719 Adv :  0.7479742169380188 Adv2 :  0.6536808609962463
2dec_lbl :  0.0009434718522243202  2dec_unlbl :  0.0009018568671308458
Dsc1_lbl :  0.20984043180942535  Dsc1_unlbl :  0.18837228417396545
Dsc2 :  0.6027007699012756  Dsc2_128 :  0.5343176126480103
Epoch 405/600
0.8214552283315895 0.6485580598281264 0.4755564432017398 0.7061838792353984
0.6970080798616534 0.4799007937741256 0.31195411668801676 0.5458147165596202
0.8986595894148918 0.7195611488994407 0.480551953037368 0.760464296847651
Loss/valid 0.07691575588586812
Tr1 :  0.030114581808447838 Tr2 :  0.03870908543467522 Adv :  0.8666850924491882 Adv2 :  0.6354076862335205
2dec_lbl :  0.0009660413488745689  2dec_unlbl :  0.0008284733048640192
Dsc1_lbl :  0.14649972319602966  Dsc1_unlbl :  0.14659081399440765
Dsc2 :  0.5843633413314819  Dsc2_128 :  0.5036354064941406
Epoch 406/600
0.815924854920198 0.6518547864908154 0.5003799158024437 0.6984111995089591
0.6890819880060971 0.4835197128312726 0.3336711218229623 0.536583596328944
0.9011632226116667 0.7310564118979973 0.49985951573610116 0.7725335483873998
Loss/valid 0.07418132911866102
Tr1 :  0.03141317889094353 Tr2 :  0.03987216204404831 Adv :  0.673130989074707 Adv2 :  0.6364783644676208
2dec_lbl :  0.0009521063766442239  2dec_unlbl :  0.0008070246549323201
Dsc1_lbl :  0.1773470938205719  Dsc1_unlbl :  0.19490623474121094
Dsc2 :  0.580086350440979  Dsc2_128 :  0.48353061079978943
Epoch 407/600
0.8088979680090103 0.6657575528978485 0.4716153860881886 0.6882878589300608
0.6791172765081215 0.4989779438840452 0.3085711422343597 0.5247247756421902
0.8980159249422338 0.7255552980152284 0.459888697941607 0.7510898308612478
Loss/valid 0.07097066951414141
Tr1 :  0.03173011913895607 Tr2 :  0.04009857401251793 Adv :  0.6392814517021179 Adv2 :  0.6497872471809387
2dec_lbl :  0.0009728514705784619  2dec_unlbl :  0.0008207143400795758
Dsc1_lbl :  0.1338118016719818  Dsc1_unlbl :  0.17197304964065552
Dsc2 :  0.5668686628341675  Dsc2_128 :  0.46554291248321533
Epoch 408/600
0.8195016800862233 0.6595703007894473 0.48766204919025885 0.703448275862069
0.6941997851772288 0.4920588533497146 0.3224557374422517 0.5425531914893617
0.9015936383977914 0.7244703832314442 0.4789560919740913 0.7657358065379202
Loss/valid 0.07001936168839726
Tr1 :  0.029260963201522827 Tr2 :  0.03714275360107422 Adv :  0.7107601165771484 Adv2 :  0.5964100956916809
2dec_lbl :  0.0009101346950046718  2dec_unlbl :  0.0007232382777146995
Dsc1_lbl :  0.16542941331863403  Dsc1_unlbl :  0.27875176072120667
Dsc2 :  0.5395819544792175  Dsc2_128 :  0.44768548011779785
Epoch 409/600
0.8258625373539799 0.6663040061894054 0.4989410738756696 0.722113324520217
0.7033780657103192 0.49959211790511754 0.332392729687111 0.5650840081332715
0.9048219853813786 0.7301652732284031 0.5005498543492363 0.7799387061899562
Loss/valid 0.07064476261775081
Tr1 :  0.03317934647202492 Tr2 :  0.04191867634654045 Adv :  0.7907543182373047 Adv2 :  0.6160037517547607
2dec_lbl :  0.0009884865721687675  2dec_unlbl :  0.0007654694491066039
Dsc1_lbl :  0.17339453101158142  Dsc1_unlbl :  0.19654537737369537
Dsc2 :  0.5429565906524658  Dsc2_128 :  0.4447757303714752
Epoch 410/600
0.8245296215385413 0.6435679591111412 0.49611259771180544 0.7035284864806893
0.7014465329341142 0.47445647088181164 0.3298867966823582 0.5426486267877495
0.9036049924473144 0.7172130402547843 0.49587202883949216 0.7684160405353915
Loss/valid 0.07607233887896515
Tr1 :  0.030364472419023514 Tr2 :  0.03852563351392746 Adv :  0.44552549719810486 Adv2 :  0.6231700778007507
2dec_lbl :  0.0008809907594695687  2dec_unlbl :  0.0007333854446187615
Dsc1_lbl :  0.12895852327346802  Dsc1_unlbl :  0.16627323627471924
Dsc2 :  0.5372039079666138  Dsc2_128 :  0.42768609523773193
Epoch 411/600
0.8203231039996243 0.6273541337770295 0.5096842903301503 0.7371515727580185
0.6953794778730352 0.4570400488680182 0.3419975291296238 0.5837213373008927
0.9014126771521203 0.7097011014997678 0.5106500285317953 0.7966508924802509
Loss/valid 0.08081012812013236
Tr1 :  0.031861286610364914 Tr2 :  0.040129031985998154 Adv :  0.9724230766296387 Adv2 :  0.5977451801300049
2dec_lbl :  0.0009611504501663148  2dec_unlbl :  0.0008121025748550892
Dsc1_lbl :  0.20352794229984283  Dsc1_unlbl :  0.14948029816150665
Dsc2 :  0.5326909422874451  Dsc2_128 :  0.4172912836074829
Epoch 412/600
0.8117585797275967 0.6644564729736816 0.4951591080810388 0.7207446808510639
0.6831596390079566 0.49751764695617273 0.3290441605754186 0.5634095634095634
0.8999317925282609 0.7246145053752111 0.4944751405858337 0.780719770791748
Loss/valid 0.06952227646699892
Tr1 :  0.0331483893096447 Tr2 :  0.041288215667009354 Adv :  0.92234867811203 Adv2 :  0.5681917071342468
2dec_lbl :  0.0009600584744475782  2dec_unlbl :  0.0008771360735408962
Dsc1_lbl :  0.22313646972179413  Dsc1_unlbl :  0.2482926845550537
Dsc2 :  0.5288512706756592  Dsc2_128 :  0.40227648615837097
Epoch 413/600
0.8121082161743841 0.6305925423671886 0.4723361479694411 0.7217985714128966
0.6836550494178708 0.4604856931750942 0.30918853473008184 0.5646986110872663
0.9016533492026694 0.6967113729341307 0.4616361913271993 0.7765112634736118
Loss/valid 0.0785810524920145
Tr1 :  0.029103288426995277 Tr2 :  0.03693048283457756 Adv :  0.6955675482749939 Adv2 :  0.5636806488037109
2dec_lbl :  0.0008637842838652432  2dec_unlbl :  0.00074124860111624
Dsc1_lbl :  0.12708573043346405  Dsc1_unlbl :  0.17346611618995667
Dsc2 :  0.5068981051445007  Dsc2_128 :  0.3886260688304901
Epoch 414/600
0.8215397230350946 0.6388013346483956 0.502968772164468 0.7356303053208983
0.6971297540473314 0.4692932419849164 0.33597747516040827 0.5818158315694226
0.9026597047937631 0.7079218220936405 0.49850791360347785 0.7870004163274699
Loss/valid 0.07601206704902534
Tr1 :  0.03125002235174179 Tr2 :  0.04033634811639786 Adv :  0.765251100063324 Adv2 :  0.5999430418014526
2dec_lbl :  0.0009538679732941091  2dec_unlbl :  0.0007937130867503583
Dsc1_lbl :  0.15415069460868835  Dsc1_unlbl :  0.12216316163539886
Dsc2 :  0.4827575087547302  Dsc2_128 :  0.3765086829662323
Epoch 415/600
0.8179679015325209 0.6328970504605047 0.5096826623852847 0.7264691368619794
0.6920014292277066 0.46294761537431706 0.3419960632015747 0.5704370093331985
0.8998786986897381 0.716311167297474 0.5038977426588453 0.777456787189088
Loss/valid 0.07843619975476311
Tr1 :  0.03170238807797432 Tr2 :  0.039555829018354416 Adv :  0.5668497681617737 Adv2 :  0.5737094283103943
2dec_lbl :  0.0009048827923834324  2dec_unlbl :  0.0007382292533293366
Dsc1_lbl :  0.12847071886062622  Dsc1_unlbl :  0.24946708977222443
Dsc2 :  0.5657652020454407  Dsc2_128 :  0.38233089447021484
Epoch 416/600
0.8195301304520408 0.6508955506053906 0.4833050367855122 0.7144358349596406
0.6942406168874653 0.48246490543965687 0.31865671641791044 0.5557372042469864
0.9010225104491046 0.7196697117245057 0.4758003417298058 0.7784566585833368
Loss/valid 0.07055836387623388
Tr1 :  0.030762866139411926 Tr2 :  0.03929585590958595 Adv :  0.88166344165802 Adv2 :  0.5205346345901489
2dec_lbl :  0.0009468923672102392  2dec_unlbl :  0.0007683766889385879
Dsc1_lbl :  0.16573667526245117  Dsc1_unlbl :  0.16867084801197052
Dsc2 :  0.46320387721061707  Dsc2_128 :  0.36312997341156006
Epoch 417/600
0.8170317460835402 0.6479135316045481 0.48775793862931677 0.7186952062725379
0.6906624445572301 0.4791953375389077 0.322539592760181 0.5609088561838368
0.9009541420331797 0.7166498411491741 0.48430078128798076 0.7707413201116744
Loss/valid 0.07583483279897617
Tr1 :  0.03066371940076351 Tr2 :  0.039172448217868805 Adv :  0.8995943069458008 Adv2 :  0.55230313539505
2dec_lbl :  0.0009136232547461987  2dec_unlbl :  0.0009173884172923863
Dsc1_lbl :  0.18318577110767365  Dsc1_unlbl :  0.1675131916999817
Dsc2 :  0.4537855088710785  Dsc2_128 :  0.3503497540950775
Epoch 418/600
0.80800725338338 0.6588165062898801 0.49884899640563796 0.735768193506575
0.6778625588761732 0.4912202613435049 0.3323110034974442 0.5819883582484455
0.9011859471045393 0.7167752660160441 0.5004777980401742 0.7810355908586382
Loss/valid 0.07341644825198902
Tr1 :  0.029094213619828224 Tr2 :  0.037506744265556335 Adv :  0.764269232749939 Adv2 :  0.5484125018119812
2dec_lbl :  0.00092348363250494  2dec_unlbl :  0.0008145696483552456
Dsc1_lbl :  0.16947858035564423  Dsc1_unlbl :  0.17847183346748352
Dsc2 :  0.5159490704536438  Dsc2_128 :  0.33254188299179077
Epoch 419/600
0.8152932356842166 0.6341919761455258 0.493624522573695 0.6969646510300205
0.6881814641744548 0.46433463932636737 0.3276902272845478 0.5348777771692499
0.8995549429157936 0.7051914265961072 0.4885380436125034 0.7518652977303816
Loss/valid 0.08156887357696317
Tr1 :  0.03264898806810379 Tr2 :  0.0418827123939991 Adv :  0.6354952454566956 Adv2 :  0.4784064292907715
2dec_lbl :  0.0010159924859181046  2dec_unlbl :  0.000654277391731739
Dsc1_lbl :  0.10595059394836426  Dsc1_unlbl :  0.1894734501838684
Dsc2 :  0.4595843553543091  Dsc2_128 :  0.3017371892929077
Epoch 420/600
0.8133622528801023 0.6705035744654049 0.4939693534422004 0.7009562825261102
0.6854343331435592 0.5043289786926602 0.32799422413562584 0.5395940668487926
0.9010471438398129 0.7350380777366025 0.4878816656886138 0.7738557702711679
Loss/valid 0.06687062308908655
Tr1 :  0.03261888027191162 Tr2 :  0.04141763597726822 Adv :  0.7102550864219666 Adv2 :  0.5830633640289307
2dec_lbl :  0.0010011050617322326  2dec_unlbl :  0.0007681917631998658
Dsc1_lbl :  0.16695916652679443  Dsc1_unlbl :  0.14281313121318817
Dsc2 :  0.4338086247444153  Dsc2_128 :  0.31231263279914856
Epoch 421/600
0.7778156397468067 0.6819317997263327 0.4978711954543296 0.7192465489493844
0.6364143291652585 0.5173721660113982 0.33144374433650137 0.5615808010194149
0.8963347002092179 0.737072327192192 0.5076731315322228 0.7807813475390551
Loss/valid 0.0686592987487809
Tr1 :  0.039661381393671036 Tr2 :  0.043461449444293976 Adv :  0.5389500260353088 Adv2 :  0.543289303779602
2dec_lbl :  0.0012330686440691352  2dec_unlbl :  0.0009273448376916349
Dsc1_lbl :  0.11558416485786438  Dsc1_unlbl :  0.18060865998268127
Dsc2 :  0.4957904517650604  Dsc2_128 :  0.2962018549442291
Epoch 422/600
0.7998848653964548 0.6655942079332996 0.5125978788779859 0.7245089558851453
0.6665067728361701 0.49879445359903674 0.34462629278174645 0.568023553930893
0.8949283598010883 0.7230876871462438 0.5064819255031126 0.7769466113634271
Loss/valid 0.07074296671467331
Tr1 :  0.03218783438205719 Tr2 :  0.04077782854437828 Adv :  0.7974998354911804 Adv2 :  0.45982035994529724
2dec_lbl :  0.0010244915029034019  2dec_unlbl :  0.0008519854745827615
Dsc1_lbl :  0.16019751131534576  Dsc1_unlbl :  0.183113232254982
Dsc2 :  0.4318767488002777  Dsc2_128 :  0.3306998610496521
Epoch 423/600
0.7802241345412199 0.6564043927884313 0.48639999999999994 0.701527964979663
0.639645492778924 0.4885431221010764 0.321353065539112 0.5402719088737828
0.8914146798887048 0.716882982702966 0.4793571197493154 0.764530329071791
Loss/valid 0.07744665991944763
Tr1 :  0.03148156777024269 Tr2 :  0.03791892156004906 Adv :  0.6462900042533875 Adv2 :  0.5109621286392212
2dec_lbl :  0.0009402550058439374  2dec_unlbl :  0.0007646579178981483
Dsc1_lbl :  0.11225658655166626  Dsc1_unlbl :  0.24717509746551514
Dsc2 :  0.4721815884113312  Dsc2_128 :  0.29719457030296326
Epoch 424/600
0.8209507989134505 0.6519838983416232 0.4718709584710447 0.708667034889073
0.6962820535028611 0.48366180310422835 0.3087899945929426 0.5487872253212382
0.9032986068322209 0.7096214100264095 0.46477765733957765 0.7652279899580664
Loss/valid 0.07268457334990111
Tr1 :  0.028550967574119568 Tr2 :  0.036226313561201096 Adv :  1.0287853479385376 Adv2 :  0.4598851799964905
2dec_lbl :  0.0008520038099959493  2dec_unlbl :  0.0007325795013457537
Dsc1_lbl :  0.2736654281616211  Dsc1_unlbl :  0.15208376944065094
Dsc2 :  0.40058282017707825  Dsc2_128 :  0.2612782120704651
Epoch 425/600
0.8212812248458332 0.6284136265160347 0.510735844731413 0.697018208621742
0.6967575660601627 0.4581655509742357 0.34294510005130835 0.5349408665829901
0.9025579049469128 0.7196230555408332 0.5098732239424059 0.7559455819526785
Loss/valid 0.07603999166391216
Tr1 :  0.02893565595149994 Tr2 :  0.03620206564664841 Adv :  0.7196065783500671 Adv2 :  0.42787110805511475
2dec_lbl :  0.0008784209494479001  2dec_unlbl :  0.0008241369505412877
Dsc1_lbl :  0.32251664996147156  Dsc1_unlbl :  0.33400386571884155
Dsc2 :  0.4070128798484802  Dsc2_128 :  0.2618976831436157
Epoch 426/600
0.8225337897737347 0.637981750052799 0.49037423533645197 0.7301281496233439
0.6985625427125202 0.4684091054415244 0.32483165484774446 0.5749620714931046
0.9029987029995206 0.7240370033822511 0.5017818519243088 0.7790531436873633
Loss/valid 0.07849948407294086
Tr1 :  0.029182327911257744 Tr2 :  0.03748103976249695 Adv :  0.7979682087898254 Adv2 :  0.4392404854297638
2dec_lbl :  0.0009325969149358571  2dec_unlbl :  0.0008199521689675748
Dsc1_lbl :  0.2056661695241928  Dsc1_unlbl :  0.20517246425151825
Dsc2 :  0.399800181388855  Dsc2_128 :  0.2512442171573639
Epoch 427/600
0.822750526632561 0.6570036531376738 0.45496344951795736 0.7442036688171588
0.6988752556237219 0.48920732708815384 0.29446775830384814 0.5926149410837901
0.9041032194074565 0.7082128391513098 0.4440672605646073 0.8021325518807092
Loss/valid 0.07382067269645631
Tr1 :  0.028513064607977867 Tr2 :  0.03565564006567001 Adv :  0.602452278137207 Adv2 :  0.4455520510673523
2dec_lbl :  0.0008613071404397488  2dec_unlbl :  0.0008077120292000473
Dsc1_lbl :  0.1761491596698761  Dsc1_unlbl :  0.15562385320663452
Dsc2 :  0.42603862285614014  Dsc2_128 :  0.23611003160476685
Epoch 428/600
0.8123140977817163 0.6483318780839442 0.47774977644093974 0.7214334400018484
0.6839469057134785 0.47965315418173954 0.31384444491914637 0.5642517664492112
0.9003640656963614 0.7125660106293427 0.48224250419954773 0.7770122298482376
Loss/valid 0.07516882790682408
Tr1 :  0.031623467803001404 Tr2 :  0.040794458240270615 Adv :  0.8167705535888672 Adv2 :  0.5104643702507019
2dec_lbl :  0.0010097258491441607  2dec_unlbl :  0.0007500883075408638
Dsc1_lbl :  0.14756307005882263  Dsc1_unlbl :  0.25844061374664307
Dsc2 :  0.40985095500946045  Dsc2_128 :  0.250266432762146
Epoch 429/600
0.8195373195697807 0.6698618911363518 0.4864586118644715 0.7245775797414744
0.6942509349563687 0.5036032624526653 0.32140423491406506 0.5681079211345555
0.902146450864802 0.7272708922207834 0.47971098449974536 0.7752369180810753
Loss/valid 0.06968297035648273
Tr1 :  0.0309817623347044 Tr2 :  0.03960005193948746 Adv :  0.7639594078063965 Adv2 :  0.4308314621448517
2dec_lbl :  0.0009571481496095657  2dec_unlbl :  0.0007437813328579068
Dsc1_lbl :  0.19345442950725555  Dsc1_unlbl :  0.23062430322170258
Dsc2 :  0.3876078724861145  Dsc2_128 :  0.23897051811218262
Epoch 430/600
0.8217495091648197 0.6731156155563797 0.5037089928200246 0.7201446554643139
0.6974319260264754 0.5072903287189001 0.33663838812301167 0.5626766013354211
0.9016328820975408 0.730890230985059 0.49818779005055724 0.7738390827405796
Loss/valid 0.07220227828320976
Tr1 :  0.029879296198487282 Tr2 :  0.03805893287062645 Adv :  0.8999906778335571 Adv2 :  0.41013842821121216
2dec_lbl :  0.0009068964282050729  2dec_unlbl :  0.0007815621211193502
Dsc1_lbl :  0.1585468351840973  Dsc1_unlbl :  0.15631237626075745
Dsc2 :  0.3672901690006256  Dsc2_128 :  0.24995450675487518
Epoch 431/600
0.8151353968347432 0.6596942143081718 0.5107394171609623 0.7275600716742162
0.687956577196402 0.4921967966941635 0.34294832150013604 0.5717834339193563
0.9011279687767096 0.7294522381788496 0.5102277039480465 0.7777736967349821
Loss/valid 0.07532074270196833
Tr1 :  0.02959408238530159 Tr2 :  0.038580432534217834 Adv :  0.6856586337089539 Adv2 :  0.4975477159023285
2dec_lbl :  0.0009091947576962411  2dec_unlbl :  0.0007475100574083626
Dsc1_lbl :  0.12590156495571136  Dsc1_unlbl :  0.11763285100460052
Dsc2 :  0.3932584822177887  Dsc2_128 :  0.2386229932308197
Epoch 432/600
0.8217534333112678 0.6569117129792472 0.4741961889170204 0.7158783708304475
0.6974375793181138 0.48910538445422164 0.310784509432079 0.5574848632472684
0.9029840493809722 0.7148111758643803 0.46167231320254803 0.7690550934591274
Loss/valid 0.07573133982861271
Tr1 :  0.03060760162770748 Tr2 :  0.03878665715456009 Adv :  0.5653940439224243 Adv2 :  0.46866676211357117
2dec_lbl :  0.0009180611232295632  2dec_unlbl :  0.0010012234561145306
Dsc1_lbl :  0.16844211518764496  Dsc1_unlbl :  0.13112995028495789
Dsc2 :  0.35885265469551086  Dsc2_128 :  0.22382988035678864
Epoch 433/600
0.817199032448262 0.6559704323775256 0.4815823226300038 0.7129083192420966
0.6909015589831398 0.4880625011382055 0.3171606401896858 0.5538908610009049
0.9030301163229019 0.717400993262075 0.4812962854889082 0.7655148103733821
Loss/valid 0.07662916837188487
Tr1 :  0.03225687891244888 Tr2 :  0.04189261049032211 Adv :  0.8919116854667664 Adv2 :  0.46631860733032227
2dec_lbl :  0.001036949921399355  2dec_unlbl :  0.0008015362545847893
Dsc1_lbl :  0.18330276012420654  Dsc1_unlbl :  0.15323391556739807
Dsc2 :  0.35766443610191345  Dsc2_128 :  0.2561805844306946
Epoch 434/600
0.8021794440225773 0.5903578389957358 0.4744061688689115 0.7338849707389224
0.6696991799143054 0.41879978857552763 0.31096492342079196 0.5796353046746694
0.8993192999654356 0.6787026618699149 0.4628633304642858 0.8021337866388015
Loss/valid 0.07232043263502419
Tr1 :  0.03566920384764671 Tr2 :  0.04488123208284378 Adv :  0.8201019167900085 Adv2 :  0.4383724629878998
2dec_lbl :  0.0012803426943719387  2dec_unlbl :  0.0013335258699953556
Dsc1_lbl :  0.17262250185012817  Dsc1_unlbl :  0.252606600522995
Dsc2 :  0.3522001802921295  Dsc2_128 :  0.2581545412540436
Epoch 435/600
0.8171742114306414 0.610294377652051 0.4944799886976003 0.6950120878988706
0.6908660762452796 0.43915370840980006 0.3284446470225487 0.5325812457372486
0.9002758291260075 0.692548722205854 0.49554926221496254 0.7577083918366226
Loss/valid 0.0857315906860794
Tr1 :  0.033872392028570175 Tr2 :  0.040798988193273544 Adv :  0.8809141516685486 Adv2 :  0.397957444190979
2dec_lbl :  0.0010208290768787265  2dec_unlbl :  0.0012419963022693992
Dsc1_lbl :  0.3200463354587555  Dsc1_unlbl :  0.3108907639980316
Dsc2 :  0.47137442231178284  Dsc2_128 :  0.2776119112968445
Epoch 436/600
0.8226925296493894 0.6503155587468349 0.48879132327498004 0.73233238686965
0.6987915649633868 0.481827854622837 0.323443962970258 0.5777006364162327
0.90328233076515 0.6964127527204556 0.48030095714371596 0.7878365186046333
Loss/valid 0.07504771121491033
Tr1 :  0.034083303064107895 Tr2 :  0.04253380745649338 Adv :  0.9744600653648376 Adv2 :  0.4461074471473694
2dec_lbl :  0.0010650467593222857  2dec_unlbl :  0.0009632003493607044
Dsc1_lbl :  0.23180516064167023  Dsc1_unlbl :  0.3063330352306366
Dsc2 :  0.35210391879081726  Dsc2_128 :  0.23555274307727814
Epoch 437/600
0.8221317902316515 0.6314393801165322 0.4935994044268516 0.7235170585602644
0.6979828332350869 0.4613894123084581 0.32766808900460453 0.5668051135444199
0.9028430162025294 0.6858092546493355 0.4870858283873891 0.7833473859112977
Loss/valid 0.07860775359977897
Tr1 :  0.029141947627067566 Tr2 :  0.03643694147467613 Adv :  0.6109672784805298 Adv2 :  0.48260653018951416
2dec_lbl :  0.0008652805699966848  2dec_unlbl :  0.000684518541675061
Dsc1_lbl :  0.21787607669830322  Dsc1_unlbl :  0.1957901567220688
Dsc2 :  0.35243016481399536  Dsc2_128 :  0.18497434258460999
Epoch 438/600
0.8185239688581599 0.6611233592734812 0.48281089064655924 0.7232163104867012
0.6927977777654073 0.49378959880481127 0.3182272319713078 0.5664360505438368
0.9026621162724521 0.7119803991395728 0.46656447949913493 0.7814314890884698
Loss/valid 0.0720847154286905
Tr1 :  0.032575611025094986 Tr2 :  0.040466099977493286 Adv :  0.6605410575866699 Adv2 :  0.38222962617874146
2dec_lbl :  0.0009849009802564979  2dec_unlbl :  0.0010114585747942328
Dsc1_lbl :  0.22290335595607758  Dsc1_unlbl :  0.1948610544204712
Dsc2 :  0.335978239774704  Dsc2_128 :  0.22988294064998627
Epoch 439/600
0.8138403286614718 0.667699778084517 0.49837662337662336 0.7262737791516255
0.6861136391048344 0.5011631515939758 0.3318918918918919 0.5701961436170213
0.9009054453764977 0.7243684830422534 0.486982815004216 0.7797539327409462
Loss/valid 0.07442431658721314
Tr1 :  0.03010927140712738 Tr2 :  0.0387653112411499 Adv :  0.7583431005477905 Adv2 :  0.4027882218360901
2dec_lbl :  0.0009155892767012119  2dec_unlbl :  0.0008654819102957845
Dsc1_lbl :  0.16125386953353882  Dsc1_unlbl :  0.1918592005968094
Dsc2 :  0.31290239095687866  Dsc2_128 :  0.18752790987491608
Epoch 440/600
0.8170010227233804 0.6404432434925339 0.5028074061121797 0.7031855134154426
0.6906185368005956 0.47106767733459975 0.3358334847265838 0.542240637107189
0.9030237312485004 0.7061649317853438 0.5000001055218957 0.7676179138059605
Loss/valid 0.07752146267403777
Tr1 :  0.030199939385056496 Tr2 :  0.03791448473930359 Adv :  0.7799428105354309 Adv2 :  0.4056330621242523
2dec_lbl :  0.000909078516997397  2dec_unlbl :  0.0009603391517885029
Dsc1_lbl :  0.21717698872089386  Dsc1_unlbl :  0.1528366059064865
Dsc2 :  0.34337204694747925  Dsc2_128 :  0.18396122753620148
Epoch 441/600
0.8244239210875802 0.663108660130719 0.5066842402560723 0.7123952006771208
0.7012935494998275 0.49600789559722674 0.3393014752238053 0.5532716257750457
0.9036865747365841 0.7255779028605667 0.5022147297970065 0.7713866189798954
Loss/valid 0.06922712864784095
Tr1 :  0.03211449086666107 Tr2 :  0.04073124751448631 Adv :  1.1068915128707886 Adv2 :  0.4172510504722595
2dec_lbl :  0.000938369135838002  2dec_unlbl :  0.000813096237834543
Dsc1_lbl :  0.36375144124031067  Dsc1_unlbl :  0.1966039091348648
Dsc2 :  0.30394113063812256  Dsc2_128 :  0.16966304183006287
Epoch 442/600
0.8201180985532761 0.6623308499015962 0.5009265096376107 0.7140377271149172
0.6950849043007441 0.4951380166410152 0.33415740646345193 0.5552555795536357
0.9030806019185034 0.7161515216684319 0.5009536038022859 0.7735959896554009
Loss/valid 0.07341819616536108
Tr1 :  0.030856510624289513 Tr2 :  0.03920948505401611 Adv :  0.622483491897583 Adv2 :  0.3897280693054199
2dec_lbl :  0.0009522322798147798  2dec_unlbl :  0.0007648559985682368
Dsc1_lbl :  0.14063876867294312  Dsc1_unlbl :  0.2975861430168152
Dsc2 :  0.3341898024082184  Dsc2_128 :  0.17000415921211243
Epoch 443/600
0.8230578878363476 0.5993617079814015 0.5198079685491797 0.7197378207512086
0.6993189208968525 0.4279204070007268 0.35117603493628213 0.5621800225118914
0.9034723451765685 0.7054685006477268 0.517821862293048 0.7874344811569306
Loss/valid 0.08217312986604296
Tr1 :  0.030078379437327385 Tr2 :  0.03886886686086655 Adv :  0.7296567559242249 Adv2 :  0.42869818210601807
2dec_lbl :  0.0009743735427036881  2dec_unlbl :  0.0008798011695034802
Dsc1_lbl :  0.18785460293293  Dsc1_unlbl :  0.16417211294174194
Dsc2 :  0.29437705874443054  Dsc2_128 :  0.17374791204929352
Epoch 444/600
0.8155279595799472 0.6665996598113499 0.47269959170492026 0.6909936543671065
0.6885160069213065 0.49992462107594715 0.30950007551729347 0.5278764741457515
0.8989684482109556 0.7191271474429631 0.47905740829897575 0.7733406482873063
Loss/valid 0.07238538507730342
Tr1 :  0.031116295605897903 Tr2 :  0.03987858071923256 Adv :  0.6240344643592834 Adv2 :  0.4603683650493622
2dec_lbl :  0.0009633232257328928  2dec_unlbl :  0.0006977146258577704
Dsc1_lbl :  0.13857033848762512  Dsc1_unlbl :  0.1054220050573349
Dsc2 :  0.3333835005760193  Dsc2_128 :  0.16017888486385345
Epoch 445/600
0.8006064987372433 0.6461025393438034 0.4637059724349158 0.6996021139961542
0.6675094519808065 0.4772167450780618 0.3018341307814992 0.5379908115246546
0.8977967624609787 0.7035095172260173 0.47191690697318056 0.7752543672607433
Loss/valid 0.07766763020593387
Tr1 :  0.029674405232071877 Tr2 :  0.03789336606860161 Adv :  0.7930796146392822 Adv2 :  0.32775309681892395
2dec_lbl :  0.0009150645928457379  2dec_unlbl :  0.0008949438342824578
Dsc1_lbl :  0.11264316737651825  Dsc1_unlbl :  0.15931566059589386
Dsc2 :  0.28045859932899475  Dsc2_128 :  0.18471992015838623
Epoch 446/600
0.8107147299712589 0.6593176940508575 0.43509000418624116 0.7347223960288657
0.6816823098731111 0.49177772476387727 0.27802877184639163 0.5806807879337345
0.8974911438316207 0.708346898124418 0.43416025012320075 0.7836099614366039
Loss/valid 0.07219620713462624
Tr1 :  0.031792715191841125 Tr2 :  0.03923342749476433 Adv :  1.0509157180786133 Adv2 :  0.4743640124797821
2dec_lbl :  0.0009841927094385028  2dec_unlbl :  0.0008091073832474649
Dsc1_lbl :  0.155721515417099  Dsc1_unlbl :  0.15896281599998474
Dsc2 :  0.5847266316413879  Dsc2_128 :  0.4736587703227997
Epoch 447/600
0.8156428295939673 0.660080239093006 0.504535736985035 0.7296421878216031
0.68867977496547 0.49262669179996 0.3373773278726528 0.5743595865879865
0.9003933357766213 0.7174914257781618 0.5034288251707084 0.7829644646884039
Loss/valid 0.0757601793962889
Tr1 :  0.03059828095138073 Tr2 :  0.03871026262640953 Adv :  0.9926204085350037 Adv2 :  0.3320832848548889
2dec_lbl :  0.0009736755164340138  2dec_unlbl :  0.00091139244614169
Dsc1_lbl :  0.11927367001771927  Dsc1_unlbl :  0.13856612145900726
Dsc2 :  0.574712872505188  Dsc2_128 :  0.15865536034107208
Epoch 448/600
0.8040043971592955 0.6427986634231566 0.46255795904559116 0.7354605114279249
0.672246950782796 0.4736207120488361 0.3008620466488907 0.5816034359341445
0.8975676736504675 0.697368465795619 0.44859049504234855 0.7870352072606476
Loss/valid 0.07343098677050036
Tr1 :  0.030486037954688072 Tr2 :  0.03844155743718147 Adv :  1.214226484298706 Adv2 :  0.39212870597839355
2dec_lbl :  0.0009251652518287301  2dec_unlbl :  0.0008925223955884576
Dsc1_lbl :  0.23539531230926514  Dsc1_unlbl :  0.11737294495105743
Dsc2 :  0.46724051237106323  Dsc2_128 :  0.15761078894138336
Epoch 449/600
0.8132416046158557 0.6231002582725581 0.48652406204691256 0.7062266844194945
0.6852629884725745 0.45253858315843964 0.32146137896643134 0.5458658606686569
0.8979885375693227 0.6962662638374317 0.47859596235655355 0.7730046717978049
Loss/valid 0.08199269288720992
Tr1 :  0.030456071719527245 Tr2 :  0.039425767958164215 Adv :  0.39665207266807556 Adv2 :  0.40209057927131653
2dec_lbl :  0.0009219794883392751  2dec_unlbl :  0.000781977956648916
Dsc1_lbl :  0.12056565284729004  Dsc1_unlbl :  0.17939108610153198
Dsc2 :  0.2782665193080902  Dsc2_128 :  0.15795984864234924
Epoch 450/600
0.7943664761692534 0.6588007592957903 0.473387558314979 0.7280710665628211
0.6588788885409019 0.491202752955542 0.31009020062254333 0.5724148947499201
0.893659440195933 0.7152763889909793 0.4773171378622384 0.7793825959541938
Loss/valid 0.07539043919398235
Tr1 :  0.028316820040345192 Tr2 :  0.03556761145591736 Adv :  0.7949217557907104 Adv2 :  0.5077535510063171
2dec_lbl :  0.0008407282875850797  2dec_unlbl :  0.0007184576825238764
Dsc1_lbl :  0.08942065387964249  Dsc1_unlbl :  0.1211499273777008
Dsc2 :  0.39962294697761536  Dsc2_128 :  0.16700930893421173
Epoch 451/600
0.8141569312551442 0.6560478182106573 0.5034187182298415 0.7292586516334327
0.686563806555686 0.48814818495788503 0.3363791358090468 0.5738844120960055
0.8998542083173781 0.7206938697380454 0.49693881050844174 0.7765849650473584
Loss/valid 0.07852410349565056
Tr1 :  0.028890404850244522 Tr2 :  0.03745216503739357 Adv :  0.9983968138694763 Adv2 :  0.3156110346317291
2dec_lbl :  0.0009454698301851749  2dec_unlbl :  0.0007398301968351007
Dsc1_lbl :  0.13801226019859314  Dsc1_unlbl :  0.18463082611560822
Dsc2 :  0.2927851378917694  Dsc2_128 :  0.22744663059711456
Epoch 452/600
0.8212298741168742 0.6692717795979151 0.48485811096992804 0.6742313043256283
0.696683650259303 0.5029364894626582 0.3200083863302816 0.5085587753923173
0.9024613562511612 0.7242016246107472 0.48739930107073465 0.7594191549079145
Loss/valid 0.07665095943957567
Tr1 :  0.029146293178200722 Tr2 :  0.036883823573589325 Adv :  0.7752004861831665 Adv2 :  0.33426159620285034
2dec_lbl :  0.000911801413167268  2dec_unlbl :  0.0007042067591100931
Dsc1_lbl :  0.256930410861969  Dsc1_unlbl :  0.2129392772912979
Dsc2 :  0.265941858291626  Dsc2_128 :  0.18124745786190033
Epoch 453/600
0.8092915484356445 0.6460904599566113 0.4667913209458144 0.7290050720093298
0.679672297086995 0.4772035655616298 0.3044538733199522 0.5735704021744776
0.8977758694949106 0.7008324306179139 0.4542808014628778 0.7763467367881419
Loss/valid 0.0775060613747113
Tr1 :  0.028257761150598526 Tr2 :  0.03628474101424217 Adv :  0.9516733288764954 Adv2 :  0.38982999324798584
2dec_lbl :  0.0009010530193336308  2dec_unlbl :  0.0008185366168618202
Dsc1_lbl :  0.12146256119012833  Dsc1_unlbl :  0.09923633188009262
Dsc2 :  0.36871692538261414  Dsc2_128 :  0.16983303427696228
Epoch 454/600
0.8003788522413325 0.6593221506825193 0.46597530140349597 0.715002149305058
0.6671930165091989 0.4917826836761498 0.3037599732454254 0.5564228367528992
0.8967952363189984 0.7081030159555298 0.452521968573759 0.7790396151364262
Loss/valid 0.0756371643824073
Tr1 :  0.030530765652656555 Tr2 :  0.03991139680147171 Adv :  0.772792398929596 Adv2 :  0.3552250862121582
2dec_lbl :  0.0010083385277539492  2dec_unlbl :  0.0008035413338802755
Dsc1_lbl :  0.1120770201086998  Dsc1_unlbl :  0.1705298125743866
Dsc2 :  0.25464314222335815  Dsc2_128 :  0.14308615028858185
Epoch 455/600
0.8199933727715103 0.5884234897916228 0.47043792404617146 0.7237676580351214
0.6949057351461226 0.4168555409757843 0.3075637997580506 0.5671127695454056
0.9010428523846339 0.6642734829102525 0.4635267857859407 0.7857559506681192
Loss/valid 0.08380224127680637
Tr1 :  0.03103055991232395 Tr2 :  0.03880135715007782 Adv :  0.7118074893951416 Adv2 :  0.3654416799545288
2dec_lbl :  0.0009440057328902185  2dec_unlbl :  0.0009705020929686725
Dsc1_lbl :  0.1377759426832199  Dsc1_unlbl :  0.11974955350160599
Dsc2 :  0.3068326413631439  Dsc2_128 :  0.13767734169960022
Epoch 456/600
0.8170749306135873 0.6471347434155414 0.4756660012390721 0.6867540455444094
0.6907241648343854 0.47834382638323086 0.3120484104046243 0.5229439643155841
0.8996395403867827 0.699459999471053 0.4810339228148201 0.7564937172980785
Loss/valid 0.0795016264399657
Tr1 :  0.030487462878227234 Tr2 :  0.03809595853090286 Adv :  0.6960434913635254 Adv2 :  0.2689875662326813
2dec_lbl :  0.0009177587344311178  2dec_unlbl :  0.000826954550575465
Dsc1_lbl :  0.13509143888950348  Dsc1_unlbl :  0.2835327088832855
Dsc2 :  0.23559412360191345  Dsc2_128 :  0.14199864864349365
Epoch 457/600
0.8172511674755059 0.6482755279984498 0.47237116322360034 0.6407410343825154
0.6909760931500062 0.4795914710625336 0.3092185430463576 0.47138996364201974
0.9004967593702129 0.7074647615024108 0.4581188961292076 0.7486825616405121
Loss/valid 0.07585156273741561
Tr1 :  0.02759166620671749 Tr2 :  0.035810112953186035 Adv :  0.7978488206863403 Adv2 :  0.31584590673446655
2dec_lbl :  0.0008865312556736171  2dec_unlbl :  0.000937637232709676
Dsc1_lbl :  0.1454281508922577  Dsc1_unlbl :  0.1675908863544464
Dsc2 :  0.22206918895244598  Dsc2_128 :  0.14736923575401306
Epoch 458/600
0.8143308842523109 0.6592404147481746 0.4592391304347826 0.706034740443057
0.6868112472835979 0.4916917410098948 0.2980599647266314 0.5456365503080082
0.9003155926800003 0.7146702991076908 0.44494785209581533 0.7540486001472405
Loss/valid 0.07293963401864928
Tr1 :  0.0295155830681324 Tr2 :  0.037954505532979965 Adv :  0.9019121527671814 Adv2 :  0.29573315382003784
2dec_lbl :  0.0009325390565209091  2dec_unlbl :  0.0008337520994246006
Dsc1_lbl :  0.19071541726589203  Dsc1_unlbl :  0.20492908358573914
Dsc2 :  0.23700886964797974  Dsc2_128 :  0.14366425573825836
Epoch 459/600
0.802554181508052 0.6374673748457673 0.5057503062877919 0.6815714372457344
0.6702217078337466 0.4678547603758175 0.33846438678621493 0.5169574268187094
0.9000663625008016 0.7057850988253946 0.49979317434511206 0.7499793284407039
Loss/valid 0.08073140456914328
Tr1 :  0.02873535454273224 Tr2 :  0.036580197513103485 Adv :  0.7136790752410889 Adv2 :  0.2886129915714264
2dec_lbl :  0.0008801707881502807  2dec_unlbl :  0.000956685864366591
Dsc1_lbl :  0.06754883378744125  Dsc1_unlbl :  0.13283909857273102
Dsc2 :  0.23314335942268372  Dsc2_128 :  0.1305321455001831
Epoch 460/600
0.8190518855727374 0.6266539216179503 0.4950682852807284 0.6987496331083064
0.6935545055423219 0.45629716462744524 0.32896395260902445 0.5369832361910605
0.9029124236688033 0.7101283705330326 0.4932545659194265 0.7706660780723316
Loss/valid 0.08037836120750469
Tr1 :  0.030319610610604286 Tr2 :  0.038659367710351944 Adv :  0.7975971698760986 Adv2 :  0.3549061715602875
2dec_lbl :  0.000937050674110651  2dec_unlbl :  0.0009551498224027455
Dsc1_lbl :  0.13114698231220245  Dsc1_unlbl :  0.1295068860054016
Dsc2 :  0.25468215346336365  Dsc2_128 :  0.17155852913856506
Epoch 461/600
0.8051374724880345 0.6484002238055616 0.5106438117803858 0.6979842920052662
0.6738327246436906 0.4797279751193775 0.3428621143950881 0.5360797782388117
0.8987941429343462 0.714498007282952 0.5061591893814528 0.7525727390811867
Loss/valid 0.07577114541513416
Tr1 :  0.030593110248446465 Tr2 :  0.040080852806568146 Adv :  1.2050715684890747 Adv2 :  0.37270551919937134
2dec_lbl :  0.0010062874061986804  2dec_unlbl :  0.0006777890957891941
Dsc1_lbl :  0.16729378700256348  Dsc1_unlbl :  0.14425060153007507
Dsc2 :  0.23572798073291779  Dsc2_128 :  0.13168998062610626
Epoch 462/600
0.822063042565285 0.6706209013430805 0.4556081020790577 0.6853278927426406
0.6978837342497136 0.5044617461043379 0.295008088745089 0.5212918787577816
0.902878468878387 0.719913438625654 0.4484854614003122 0.7515309287899088
Loss/valid 0.07300447581264262
Tr1 :  0.03199617937207222 Tr2 :  0.04072871431708336 Adv :  0.8524860739707947 Adv2 :  0.35157835483551025
2dec_lbl :  0.0010272240033373237  2dec_unlbl :  0.0007536919438280165
Dsc1_lbl :  0.08073152601718903  Dsc1_unlbl :  0.09635188430547714
Dsc2 :  0.2216353863477707  Dsc2_128 :  0.12763457000255585
Epoch 463/600
0.8185802305551876 0.6458482830393749 0.5140406412743797 0.6863635856280207
0.6928783923599525 0.47693938201324476 0.3459318306761957 0.5224912906789022
0.9017780193436593 0.7140532457968004 0.5094931959141282 0.7375609523039457
Loss/valid 0.07482015959417018
Tr1 :  0.03088347613811493 Tr2 :  0.03884037584066391 Adv :  1.1470636129379272 Adv2 :  0.29086384177207947
2dec_lbl :  0.0009767500450834632  2dec_unlbl :  0.0009494015830568969
Dsc1_lbl :  0.18107710778713226  Dsc1_unlbl :  0.140556201338768
Dsc2 :  0.21852287650108337  Dsc2_128 :  0.14946478605270386
Epoch 464/600
0.8054571408362857 0.65790903838343 0.4731831032762348 0.7244904603763757
0.6742806544423003 0.49021195820510416 0.30991476731203876 0.5680008168266285
0.8955019025276171 0.7082186740041005 0.45714094686231244 0.7795918703411755
Loss/valid 0.0713608658227783
Tr1 :  0.030507013201713562 Tr2 :  0.038145165890455246 Adv :  0.896658718585968 Adv2 :  0.3061375319957733
2dec_lbl :  0.0009168212418444455  2dec_unlbl :  0.0008651738171465695
Dsc1_lbl :  0.23736472427845  Dsc1_unlbl :  0.37326839566230774
Dsc2 :  0.21737560629844666  Dsc2_128 :  0.12357141822576523
Epoch 465/600
0.8070695294794978 0.6564463093835886 0.4962250244028766 0.7207967041878873
0.6765436456052256 0.4885895621204511 0.32998622297583724 0.5634731450017751
0.8967957396711488 0.7166671947627192 0.4860521277367369 0.781141510634144
Loss/valid 0.0766328082491572
Tr1 :  0.029479652643203735 Tr2 :  0.03795088082551956 Adv :  0.5405887961387634 Adv2 :  0.24633286893367767
2dec_lbl :  0.0009467698982916772  2dec_unlbl :  0.0008658706210553646
Dsc1_lbl :  0.15808528661727905  Dsc1_unlbl :  0.23949801921844482
Dsc2 :  0.25800997018814087  Dsc2_128 :  0.13782571256160736
Epoch 466/600
0.8171643846363134 0.6697905839453372 0.47204627987501063 0.7217684946433773
0.6908520288214858 0.5035226603130685 0.3089401685781401 0.5646617937507385
0.8991127025677549 0.7240235198997514 0.45830715283814594 0.7729226459407535
Loss/valid 0.07219086141468814
Tr1 :  0.030228642746806145 Tr2 :  0.03896253556013107 Adv :  1.007441520690918 Adv2 :  0.32088151574134827
2dec_lbl :  0.000964718870818615  2dec_unlbl :  0.0007131302845664322
Dsc1_lbl :  0.22660477459430695  Dsc1_unlbl :  0.15844754874706268
Dsc2 :  0.32488080859184265  Dsc2_128 :  0.1262621283531189
Epoch 467/600
0.8142785985954287 0.6810061437804198 0.4952326139088729 0.7045857673296596
0.6867368655325423 0.5163072902646249 0.32910908256412874 0.5439076934311899
0.899552149902326 0.7442220201779902 0.4864340889561776 0.7716050073056561
Loss/valid 0.06917044910817192
Tr1 :  0.03017221949994564 Tr2 :  0.039086006581783295 Adv :  0.7207590341567993 Adv2 :  0.409845232963562
2dec_lbl :  0.0009566514054313302  2dec_unlbl :  0.0007750479853712022
Dsc1_lbl :  0.12887322902679443  Dsc1_unlbl :  0.20273709297180176
Dsc2 :  0.19979247450828552  Dsc2_128 :  0.11852699518203735
Epoch 468/600
0.8203434344787849 0.6437335449782347 0.4872781574866464 0.7124000274995991
0.6954086964423645 0.4746364865065574 0.32212013060976535 0.5532774485201203
0.8998447115869732 0.7032576394568365 0.47507671647551963 0.7633905232414646
Loss/valid 0.07519031174552555
Tr1 :  0.02667282335460186 Tr2 :  0.03457136079668999 Adv :  0.8950489163398743 Adv2 :  0.32587897777557373
2dec_lbl :  0.0008844596450217068  2dec_unlbl :  0.0007548893918283284
Dsc1_lbl :  0.12985177338123322  Dsc1_unlbl :  0.19097866117954254
Dsc2 :  0.2889650762081146  Dsc2_128 :  0.11464156955480576
Epoch 469/600
0.8162389376175148 0.657278035031206 0.4870696846671487 0.6497167801278387
0.6895301455301456 0.4895116429010541 0.32193795030142625 0.48117074297150114
0.900771308846607 0.7183282873361843 0.4772268358284057 0.7464967446407862
Loss/valid 0.07522642358134572
Tr1 :  0.03036937490105629 Tr2 :  0.038313791155815125 Adv :  0.8206225633621216 Adv2 :  0.5104349255561829
2dec_lbl :  0.0009302390972152352  2dec_unlbl :  0.000949058507103473
Dsc1_lbl :  0.10382997989654541  Dsc1_unlbl :  0.17437250912189484
Dsc2 :  0.2007395476102829  Dsc2_128 :  1.0663533210754395
Epoch 470/600
0.8142103178320949 0.6801994025681809 0.49348971969141614 0.6914037612968688
0.6866397389657878 0.5153804323863553 0.32757142526125543 0.5283553023062914
0.8970547734640334 0.737678112123074 0.49539214186556285 0.7448935124748557
Loss/valid 0.07312180501265594
Tr1 :  0.029454564675688744 Tr2 :  0.037862252444028854 Adv :  1.024917483329773 Adv2 :  0.39220353960990906
2dec_lbl :  0.0009194666636176407  2dec_unlbl :  0.0007908642292022705
Dsc1_lbl :  0.11770457029342651  Dsc1_unlbl :  0.2097589671611786
Dsc2 :  0.40771937370300293  Dsc2_128 :  0.15068019926548004
Epoch 471/600
0.8161975740650392 0.670945484574247 0.49265846961919546 0.6893484217381154
0.6894711112121694 0.5048291674922863 0.32683931258414506 0.5259585637948814
0.8978124953675525 0.7274671154436182 0.4872813048191857 0.7661762655853518
Loss/valid 0.0692710666021762
Tr1 :  0.03211921080946922 Tr2 :  0.04058920964598656 Adv :  0.9348108172416687 Adv2 :  0.2924233376979828
2dec_lbl :  0.0009801979176700115  2dec_unlbl :  0.0009565873187966645
Dsc1_lbl :  0.10485880076885223  Dsc1_unlbl :  0.1003073900938034
Dsc2 :  0.23491302132606506  Dsc2_128 :  0.12817691266536713
Epoch 472/600
0.8129857180562481 0.6547038643891154 0.47910308854403394 0.7137477313974593
0.6848996936456172 0.4866615216223909 0.3150135192827665 0.5549049349183393
0.9004199552065003 0.7135030781241076 0.47655848872969475 0.7674628370037406
Loss/valid 0.07258842290880588
Tr1 :  0.028406301513314247 Tr2 :  0.03680269047617912 Adv :  0.709361732006073 Adv2 :  0.36975622177124023
2dec_lbl :  0.0008842955576255918  2dec_unlbl :  0.0006797797977924347
Dsc1_lbl :  0.12292639911174774  Dsc1_unlbl :  0.20803463459014893
Dsc2 :  0.20856991410255432  Dsc2_128 :  0.10316929221153259
Epoch 473/600
0.8167458496489581 0.6362656532033608 0.5011087261180395 0.7114405544216924
0.6902539487452042 0.4665612879062002 0.33431959665775085 0.5521208640105826
0.9004973443837686 0.7159760577862153 0.4969072461728504 0.7643183983517302
Loss/valid 0.07844675506035295
Tr1 :  0.029674453660845757 Tr2 :  0.038944851607084274 Adv :  0.7958014011383057 Adv2 :  0.34077510237693787
2dec_lbl :  0.0009747206349857152  2dec_unlbl :  0.0007832185365259647
Dsc1_lbl :  0.15280170738697052  Dsc1_unlbl :  0.2246846854686737
Dsc2 :  0.19764281809329987  Dsc2_128 :  0.12252197414636612
Epoch 474/600
0.79833274152933 0.6604181908019473 0.48196991966496866 0.7058204688393368
0.6643542427421607 0.4930032539015366 0.3174969494402886 0.5453806460733724
0.8800566424476152 0.7116885553421846 0.4680634206756168 0.7524326694913742
Loss/valid 0.0762747571660349
Tr1 :  0.02750830352306366 Tr2 :  0.03582426533102989 Adv :  0.7964162230491638 Adv2 :  0.30218034982681274
2dec_lbl :  0.000853060744702816  2dec_unlbl :  0.0008496282971464097
Dsc1_lbl :  0.12441147118806839  Dsc1_unlbl :  0.10958129912614822
Dsc2 :  0.24596862494945526  Dsc2_128 :  0.12154312431812286
Epoch 475/600
0.7991200140396622 0.6632875863880298 0.48853026331568755 0.7151171501342645
0.6654453595549014 0.4962081444248286 0.323215378686555 0.556562141216992
0.895761949868193 0.7184379204190974 0.4873022895941021 0.7729227960624179
Loss/valid 0.07354087405838072
Tr1 :  0.030565625056624413 Tr2 :  0.03884702920913696 Adv :  0.4892008900642395 Adv2 :  0.24074514210224152
2dec_lbl :  0.000970956520177424  2dec_unlbl :  0.0009209352429024875
Dsc1_lbl :  0.08999833464622498  Dsc1_unlbl :  0.14254321157932281
Dsc2 :  0.18499404191970825  Dsc2_128 :  0.11908459663391113
Epoch 476/600
0.8147309950959918 0.6266076955204061 0.5017294286677191 0.7147583785365414
0.6873806635667273 0.45624814809038877 0.3348723777051665 0.5561276312563483
0.8984115511100659 0.6965518612215991 0.4988481818733426 0.7615445306329255
Loss/valid 0.08412756212055683
Tr1 :  0.026805832982063293 Tr2 :  0.034002792090177536 Adv :  0.8065692782402039 Adv2 :  0.25879907608032227
2dec_lbl :  0.0008194287656806409  2dec_unlbl :  0.000683403282891959
Dsc1_lbl :  0.16447563469409943  Dsc1_unlbl :  0.2644997835159302
Dsc2 :  0.25137796998023987  Dsc2_128 :  0.12457188963890076
Epoch 477/600
0.8078719906754886 0.6662322146193115 0.5101620029455081 0.6590362938189025
0.6776721831519155 0.4995114006514658 0.3424278370897588 0.49146467632279045
0.9025007913384334 0.7238968692833379 0.49531943623899843 0.7303273461328059
Loss/valid 0.07118667737365915
Tr1 :  0.035276271402835846 Tr2 :  0.04182092472910881 Adv :  1.3937485218048096 Adv2 :  0.3812611401081085
2dec_lbl :  0.0009217243059538305  2dec_unlbl :  0.0008568480843678117
Dsc1_lbl :  1.0147756338119507  Dsc1_unlbl :  0.3062479794025421
Dsc2 :  0.29748985171318054  Dsc2_128 :  0.2850143611431122
Epoch 478/600
0.8167564575103413 0.6571289862548169 0.4560059151710694 0.7221173773604566
0.6902691019904549 0.4893463180965723 0.2953417501088376 0.5650889718406842
0.9025085641988564 0.7180375840012717 0.4461970761460996 0.7912034711573802
Loss/valid 0.07166892395784649
Tr1 :  0.03242884948849678 Tr2 :  0.04002254456281662 Adv :  0.9889755249023438 Adv2 :  0.2398754209280014
2dec_lbl :  0.0010309542994946241  2dec_unlbl :  0.0008510212646797299
Dsc1_lbl :  0.18203337490558624  Dsc1_unlbl :  0.18702121078968048
Dsc2 :  0.264167457818985  Dsc2_128 :  0.17305216193199158
Epoch 479/600
0.8164203720807492 0.6379887331572308 0.49738866616101424 0.671744632412599
0.689789138662371 0.46841663405335116 0.3310161816031613 0.505734551355688
0.8989600503769655 0.715185815397909 0.48653236901199853 0.7362280461064856
Loss/valid 0.07979249927358559
Tr1 :  0.028536194935441017 Tr2 :  0.036419134587049484 Adv :  0.7509754300117493 Adv2 :  0.18105271458625793
2dec_lbl :  0.000894417695235461  2dec_unlbl :  0.0009015984833240509
Dsc1_lbl :  0.19170157611370087  Dsc1_unlbl :  0.14888189733028412
Dsc2 :  0.17823103070259094  Dsc2_128 :  0.12616944313049316
Epoch 480/600
0.8190044198638563 0.6603651711313405 0.4845290277238343 0.7072637838974636
0.6934864394407322 0.49294416426081433 0.3197217476202099 0.547106033765952
0.9025765083590109 0.722405901392456 0.47214936532708585 0.7725801684734995
Loss/valid 0.07202700541641277
Tr1 :  0.030040601268410683 Tr2 :  0.03851832076907158 Adv :  0.9809862971305847 Adv2 :  0.26488664746284485
2dec_lbl :  0.0009544653003104031  2dec_unlbl :  0.0008915142389014363
Dsc1_lbl :  0.10913802683353424  Dsc1_unlbl :  0.14334265887737274
Dsc2 :  0.15788885951042175  Dsc2_128 :  0.10360290110111237
Epoch 481/600
0.8052619457539005 0.6474365160683596 0.49473924502459177 0.7110149067214139
0.6740071121799451 0.47867366209413464 0.32867344969255796 0.5516083238115024
0.8940389297549113 0.7071983509742924 0.485278158683072 0.757989590827315
Loss/valid 0.07846714251746352
Tr1 :  0.028572557494044304 Tr2 :  0.03702457994222641 Adv :  0.8474811911582947 Adv2 :  0.21146543323993683
2dec_lbl :  0.0009113724227063358  2dec_unlbl :  0.0007932287990115583
Dsc1_lbl :  0.11465773731470108  Dsc1_unlbl :  0.17357072234153748
Dsc2 :  0.16005723178386688  Dsc2_128 :  0.09932389110326767
Epoch 482/600
0.8168768157522207 0.6522937493201768 0.47938012295081966 0.7070529109492348
0.6904410518094826 0.48400291160714015 0.31525309525814876 0.5468537088152056
0.9015037486240775 0.719418864849497 0.47559962903535186 0.7529768157728403
Loss/valid 0.07607612581565402
Tr1 :  0.03126499429345131 Tr2 :  0.03997421637177467 Adv :  0.6828609108924866 Adv2 :  0.2731844186782837
2dec_lbl :  0.001009734463877976  2dec_unlbl :  0.0007358706789091229
Dsc1_lbl :  0.19682607054710388  Dsc1_unlbl :  0.13548177480697632
Dsc2 :  0.15174689888954163  Dsc2_128 :  0.0963284894824028
Epoch 483/600
0.7876269930001945 0.6315765299305184 0.454721081864284 0.6843283937675704
0.6496573154076506 0.46153587960490783 0.294264728863885 0.5201361726785455
0.8945813304813964 0.6983375832344683 0.4458417390295357 0.7433638333295959
Loss/valid 0.07920894574803802
Tr1 :  0.0282991211861372 Tr2 :  0.03706253692507744 Adv :  0.6472552418708801 Adv2 :  0.2770009934902191
2dec_lbl :  0.0009187638643197715  2dec_unlbl :  0.0008686739020049572
Dsc1_lbl :  0.13972806930541992  Dsc1_unlbl :  0.3058554530143738
Dsc2 :  0.18269045650959015  Dsc2_128 :  0.10616772621870041
Epoch 484/600
0.8196787494126289 0.6383320742046504 0.4891454056535712 0.7011455066139369
0.6944539454870671 0.4687868915116003 0.3237541239798576 0.5398183631686703
0.9044969089818854 0.7013357179719966 0.48804132894918284 0.7543084916090557
Loss/valid 0.07801849744282663
Tr1 :  0.026714757084846497 Tr2 :  0.034600045531988144 Adv :  0.8811314702033997 Adv2 :  0.2191571146249771
2dec_lbl :  0.0008503684075549245  2dec_unlbl :  0.0008832979365251958
Dsc1_lbl :  0.1491590440273285  Dsc1_unlbl :  0.13681970536708832
Dsc2 :  0.16477693617343903  Dsc2_128 :  0.0970727726817131
Epoch 485/600
0.8070470325803512 0.6281526111037847 0.48710551621645254 0.6872307257975426
0.6765120290752031 0.457888112182212 0.3219692592164567 0.523496961196821
0.9034524919359963 0.6839596003563444 0.4842551210386289 0.7629872603327303
Loss/valid 0.08133420538013944
Tr1 :  0.03176163136959076 Tr2 :  0.04018286243081093 Adv :  0.7754944562911987 Adv2 :  0.22503602504730225
2dec_lbl :  0.0009791409829631448  2dec_unlbl :  0.0006965915090404451
Dsc1_lbl :  0.1570405662059784  Dsc1_unlbl :  0.24656003713607788
Dsc2 :  0.17759184539318085  Dsc2_128 :  0.09630510956048965
Epoch 486/600
0.8086797467765956 0.6331681131113609 0.46098460984609846 0.6654700854700855
0.6788097025871234 0.46323773917263567 0.29953216374269004 0.4986550531574228
0.8992030688788762 0.6917257137813378 0.4590785880718537 0.7349436751589223
Loss/valid 0.07870776559082934
Tr1 :  0.028858080506324768 Tr2 :  0.03725957125425339 Adv :  0.7578204870223999 Adv2 :  0.20201444625854492
2dec_lbl :  0.0009144622017629445  2dec_unlbl :  0.0007648566388525069
Dsc1_lbl :  0.14383777976036072  Dsc1_unlbl :  0.18478801846504211
Dsc2 :  0.14595137536525726  Dsc2_128 :  0.1296684741973877
Epoch 487/600
0.8159701576819721 0.6364597165388471 0.48110816151374225 0.7073858081139216
0.6891466148222336 0.4667700135145878 0.31674945465058213 0.547252082295152
0.8996243750687841 0.6983247949108409 0.4676589885646511 0.768109371241266
Loss/valid 0.07872182911691758
Tr1 :  0.029336070641875267 Tr2 :  0.03715391084551811 Adv :  0.8709520697593689 Adv2 :  0.23056401312351227
2dec_lbl :  0.0009238278726115823  2dec_unlbl :  0.0008871263125911355
Dsc1_lbl :  0.08604820817708969  Dsc1_unlbl :  0.08259373903274536
Dsc2 :  0.16325920820236206  Dsc2_128 :  0.09093225002288818
Epoch 488/600
slurmstepd: error: *** JOB 5300128 ON akya11 CANCELLED AT 2026-02-16T18:48:52 DUE TO TIME LIMIT ***
